ao3id,author,author__ts,fandom,fandom__ts,category,category__ts,relationship,relationship__ts,title,title__ts,crawled,crawled__ts,updated,updated__ts,chapters,chapters__ts,summary,summary__ts,word_count,word_count__ts,rating,rating__ts,read,read__ts,chapter,visit,visit__ts,deleted,deleted__ts
36734,marshalmeg,1751389030.856,RPF - 18th-19th c Arts and Sciences,1751389030.856,...,1751389030.856,...,1751389030.856,Clark Will Be Coming,1751389030.856,2025-07-01T16:57:10.856Z,1751389030.856,2009-12-23T00:00:00.000Z,1751389030.856,1|1|1,1751389030.856,"After the expedition, could there be another factor contributing to Lewis' depression?",1751389030.856,877,1751389030.856,3,1751389030.856,0,1751389030.856,1751389030.856,2025-06-17T22:16:22.368Z,1751389030.856,false,1751389030.856
37101,treewishes,1751389030.866,RPF 18th-19th c Arts and Sciences,1751389030.866,...,1751389030.866,...,1751389030.866,Doubt Truth To Be A Liar,1751389030.866,2025-07-01T16:57:10.866Z,1751389030.866,2009-12-23T00:00:00.000Z,1751389030.866,1|1|1,1751389030.866,"Three times I have said yes to Meriwether Lewis, and one time I said no.  I regret each of them equally.",1751389030.866,1298,1751389030.866,3,1751389030.866,0,1751389030.866,1751389030.866,2025-07-01T17:04:50.961Z,1751389030.866,false,1751389030.866
38227,Ryuutchi,1751389030.869,Gentleman Bastard Sequence - Lynch,1751389030.869,...,1751389030.869,...,1751389030.869,Just The Way it Works (a story of sex and not-quite-love in Camorr),1751389030.869,2025-07-01T16:57:10.869Z,1751389030.869,2009-12-24T00:00:00.000Z,1751389030.869,1|1|1,1751389030.869,"If they were planning to get used to being in character no matter what, they were clearly going to have to work harder than that.",1751389030.869,2902,1751389030.869,5,1751389030.869,0,1751389030.869,1751389030.869,2019-05-27T00:43:35.918Z,1751389030.869,false,1751389030.869
38234,saikogrrl,1751389030.872,Gentleman Bastard Sequence - Lynch,1751389030.872,...,1751389030.872,...,1751389030.872,A Quiet Drink,1751389030.872,2025-07-01T16:57:10.872Z,1751389030.872,2009-12-24T00:00:00.000Z,1751389030.872,1|1|1,1751389030.872,Locke reminisces over a quiet drink in Jerem.,1751389030.872,488,1751389030.872,-1,1751389030.872,0,1751389030.872,1751389030.872,2018-12-30T05:22:17.273Z,1751389030.872,false,1751389030.872
38292,Ryuutchi,1751389030.874,Gentleman Bastard Sequence - Lynch,1751389030.874,...,1751389030.874,...,1751389030.874,If That's The Way You're Going To Be (We Probably Still Won't Leave),1751389030.874,2025-07-01T16:57:10.874Z,1751389030.874,2009-12-24T00:00:00.000Z,1751389030.874,1|1|1,1751389030.874,"Locke, Jean and Sabetha are reunited.  This probably didn't go the way Locke expected it to.",1751389030.874,300,1751389030.874,-1,1751389030.874,0,1751389030.874,1751389030.874,2018-12-30T05:22:12.458Z,1751389030.874,false,1751389030.874
38653,cjmarlowe,1751389030.876,Oliver!,1751389030.876,...,1751389030.876,...,1751389030.876,It's a Fine Life,1751389030.876,2025-07-01T16:57:10.876Z,1751389030.876,2009-12-25T00:00:00.000Z,1751389030.876,1|1|1,1751389030.876,"He calls himself Jack again these days, the Artful Dodger left behind in childhood.",1751389030.876,621,1751389030.876,5,1751389030.876,0,1751389030.876,1751389030.876,2019-08-18T02:34:40.877Z,1751389030.876,false,1751389030.876
41991,prodigy,1751389030.879,Gentleman Bastard Sequence - Lynch,1751389030.879,...,1751389030.879,...,1751389030.879,Of All the Western Stars,1751389030.879,2025-07-01T16:57:10.879Z,1751389030.879,2007-12-25T00:00:00.000Z,1751389030.879,1|1|1,1751389030.879,...,1751389030.879,?,1751389030.879,5,1751389030.879,0,1751389030.879,1751389030.879,2018-04-09T07:23:32.584Z,1751389030.879,false,1751389030.879
51911,Vulgarweed,1751389030.881,Discworld - Pratchett,1751389030.881,...,1751389030.881,...,1751389030.881,Army Rations,1751389030.881,2025-07-01T16:57:10.881Z,1751389030.881,2010-01-16T00:00:00.000Z,1751389030.881,1|1|1,1751389030.881,...,1751389030.881,?,1751389030.881,1,1751389030.881,0,1751389030.881,1751389030.881,2017-12-02T06:37:33.859Z,1751389030.881,false,1751389030.881
72733,busaikko,1751409834.522,Harry Potter - Rowling,1751409834.522,M/M,1751409834.522,Sirius Black/Remus Lupin,1751409834.522,The Maddest House,1751409834.522,2025-07-01T22:43:54.524Z,1751409834.522,2005-11-27T05:00:00.000Z,1751409834.522,"<a href=""|works|false",1751409834.522,"After the events of Halloween 1981, Sirius Black finds himself raising Harry, with the assistance of Remus, in a world where Voldemort never disappears for 11 years.",1751409834.522,42687,1751409834.522,5,1751409834.522,1,1751409834.522,1751409834.522,2025-07-01T22:44:28.098Z,1751409834.522,false,1751409834.522
82504,orphan_account,1751389030.882,Discworld - Pratchett,1751389030.882,...,1751389030.882,...,1751389030.882,Girls On Another Night Out,1751389030.882,2025-07-01T16:57:10.882Z,1751389030.882,2008-07-09T00:00:00.000Z,1751389030.882,1|1|1,1751389030.882,...,1751389030.882,?,1751389030.882,-1,1751389030.882,0,1751389030.882,1751389030.882,2017-12-02T06:30:35.110Z,1751389030.882,false,1751389030.882
82524,orphan_account,1751389030.885,Discworld - Pratchett,1751389030.885,...,1751389030.885,...,1751389030.885,Some Relief For the Restless,1751389030.885,2025-07-01T16:57:10.885Z,1751389030.885,2008-04-25T00:00:00.000Z,1751389030.885,1|1|1,1751389030.885,...,1751389030.885,?,1751389030.885,3,1751389030.885,0,1751389030.885,1751389030.885,2017-12-02T06:33:29.209Z,1751389030.885,false,1751389030.885
82527,orphan_account,1751389030.889,Discworld - Pratchett,1751389030.889,...,1751389030.889,...,1751389030.889,"Theology, Mythology and Amateur Gynecology",1751389030.889,2025-07-01T16:57:10.889Z,1751389030.889,2008-04-25T00:00:00.000Z,1751389030.889,1|1|1,1751389030.889,...,1751389030.889,?,1751389030.889,-1,1751389030.889,0,1751389030.889,1751389030.889,2017-12-02T06:47:53.709Z,1751389030.889,false,1751389030.889
89545,busaikko,1751389030.891,Harry Potter - Rowling,1751389030.891,...,1751389030.891,...,1751389030.891,Our Private Universe,1751389030.891,2025-07-01T16:57:10.891Z,1751389030.891,2005-12-24T00:00:00.000Z,1751389030.891,1|1|1,1751389030.891,...,1751389030.891,?,1751389030.891,5,1751389030.891,0,1751389030.891,1751389030.891,2017-10-16T03:36:18.631Z,1751389030.891,false,1751389030.891
95784,OneWhoSitsWithTurtles,1751389030.892,Gentleman Bastard Sequence - Lynch,1751389030.892,...,1751389030.892,...,1751389030.892,Forgiveness,1751389030.892,2025-07-01T16:57:10.892Z,1751389030.892,2010-06-20T00:00:00.000Z,1751389030.892,1|1|1,1751389030.892,...,1751389030.892,?,1751389030.892,3,1751389030.892,0,1751389030.892,1751389030.892,2017-12-30T06:12:53.084Z,1751389030.892,false,1751389030.892
96446,OneWhoSitsWithTurtles,1751389030.896,Gentleman Bastard Sequence - Lynch,1751389030.896,...,1751389030.896,...,1751389030.896,Fluff on the Fly,1751389030.896,2025-07-01T16:57:10.896Z,1751389030.896,2010-06-23T00:00:00.000Z,1751389030.896,1|1|1,1751389030.896,...,1751389030.896,?,1751389030.896,-1,1751389030.896,0,1751389030.896,1751389030.896,2017-12-30T22:40:50.916Z,1751389030.896,false,1751389030.896
96659,OneWhoSitsWithTurtles,1751389030.898,Gentleman Bastard Sequence - Lynch,1751389030.898,...,1751389030.898,...,1751389030.898,Possession,1751389030.898,2025-07-01T16:57:10.898Z,1751389030.898,2010-06-25T00:00:00.000Z,1751389030.898,1|1|1,1751389030.898,...,1751389030.898,?,1751389030.898,1,1751389030.898,0,1751389030.898,1751389030.898,2017-12-30T05:42:14.218Z,1751389030.898,false,1751389030.898
103911,Lys ap Adin (lysapadin),1751389030.9,Discworld - Terry Pratchett,1751389030.9,...,1751389030.9,...,1751389030.9,Black Ribbon,1751389030.9,2025-07-01T16:57:10.900Z,1751389030.9,2010-07-28T00:00:00.000Z,1751389030.9,1|1|1,1751389030.9,...,1751389030.9,?,1751389030.9,3,1751389030.9,0,1751389030.9,1751389030.9,2017-12-01T23:18:33.655Z,1751389030.9,false,1751389030.9
112165,loki_scribe,1751389030.904,Discworld - Terry Pratchett,1751389030.904,...,1751389030.904,...,1751389030.904,That Whole Army Thing,1751389030.904,2025-07-01T16:57:10.904Z,1751389030.904,2010-09-05T00:00:00.000Z,1751389030.904,1|1|1,1751389030.904,...,1751389030.904,?,1751389030.904,1,1751389030.904,0,1751389030.904,1751389030.904,2017-12-03T16:17:39.151Z,1751389030.904,false,1751389030.904
119736,kiyala,1751389030.907,Gentleman Bastard Sequence - Scott Lynch,1751389030.907,...,1751389030.907,...,1751389030.907,Dreams Like Poison,1751389030.907,2025-07-01T16:57:10.907Z,1751389030.907,2010-07-27T00:00:00.000Z,1751389030.907,1|1|1,1751389030.907,Locke and Jean consider the situation they've found themselves in (set after Red Seas Under Red Skies).,1751389030.907,782,1751389030.907,-1,1751389030.907,0,1751389030.907,1751389030.907,2018-12-30T05:22:00.526Z,1751389030.907,false,1751389030.907
132877,Ren,1751389030.909,Gentleman Bastard Sequence - Scott Lynch,1751389030.909,...,1751389030.909,...,1751389030.909,Just for me,1751389030.909,2025-07-01T16:57:10.909Z,1751389030.909,2010-11-12T00:00:00.000Z,1751389030.909,1|1|1,1751389030.909,"Locke has no problems lying to everyone and anyone, but there's someone who can see right through him.",1751389030.909,1365,1751389030.909,-1,1751389030.909,0,1751389030.909,1751389030.909,2018-12-30T05:21:55.403Z,1751389030.909,false,1751389030.909
136773,Ren,1751389030.913,Gentleman Bastard Sequence - Scott Lynch,1751389030.913,...,1751389030.913,...,1751389030.913,Where do we belong,1751389030.913,2025-07-01T16:57:10.913Z,1751389030.913,2010-11-30T00:00:00.000Z,1751389030.913,1|1|1,1751389030.913,Sometimes Jean thought about running away.,1751389030.913,252,1751389030.913,-1,1751389030.913,0,1751389030.913,1751389030.913,2018-12-30T05:21:46.620Z,1751389030.913,false,1751389030.913
151860,Huggeroftrees,1751389030.917,Discworld - Terry Pratchett,1751389030.917,...,1751389030.917,...,1751389030.917,Dulce et Decorum Est,1751389030.917,2025-07-01T16:57:10.917Z,1751389030.917,2008-09-16T00:00:00.000Z,1751389030.917,2|2|1,1751389030.917,...,1751389030.917,?,1751389030.917,1,1751389030.917,0,1751389030.917,1751389030.917,2017-12-04T14:02:24.032Z,1751389030.917,false,1751389030.917
156513,threewalls,1751389030.919,Discworld - Terry Pratchett,1751389030.919,...,1751389030.919,...,1751389030.919,Soap,1751389030.919,2025-07-01T16:57:10.919Z,1751389030.919,2009-03-18T00:00:00.000Z,1751389030.919,1|1|1,1751389030.919,...,1751389030.919,?,1751389030.919,5,1751389030.919,0,1751389030.919,1751389030.919,2017-12-02T06:27:58.341Z,1751389030.919,false,1751389030.919
165003,Thistlerose,1751409837.866,Harry Potter - J. K. Rowling,1751409837.866,M/M,1751409837.866,Sirius Black/Remus Lupin,1751409837.866,"It's Not the Years, Honey, It's the Mileage",1751409837.866,2025-07-01T22:43:57.866Z,1751409837.866,2011-02-22T05:00:00.000Z,1751409837.866,1|1|true,1751409837.866,Sirius visits Remus on his thirty-fifth birthday. Things are a bit awkward at first.,1751409837.866,4577,1751409837.866,3,1751409837.866,1,1751409837.866,1751409837.866,2025-07-01T22:44:01.469Z,1751409837.866,false,1751409837.866
220080,imaginary_golux,1751389030.923,Discworld - Terry Pratchett,1751389030.923,...,1751389030.923,...,1751389030.923,Pouncing,1751389030.923,2025-07-01T16:57:10.923Z,1751389030.923,2011-07-06T00:00:00.000Z,1751389030.923,1|1|1,1751389030.923,...,1751389030.923,?,1751389030.923,1,1751389030.923,0,1751389030.923,1751389030.923,2017-12-02T06:41:49.487Z,1751389030.923,false,1751389030.923
221361,imaginary_golux,1751389030.926,Discworld - Terry Pratchett,1751389030.926,...,1751389030.926,...,1751389030.926,Taste Test.,1751389030.926,2025-07-01T16:57:10.926Z,1751389030.926,2011-07-09T00:00:00.000Z,1751389030.926,1|1|1,1751389030.926,Sequel to Pouncing; Maladicta and Polly get used to each other.  Written for Porn Battle X.,1751389030.926,563,1751389030.926,3,1751389030.926,0,1751389030.926,1751389030.926,2017-12-02T06:37:26.133Z,1751389030.926,false,1751389030.926
232981,Gwir-Weld y Galon (Gwir_Weld_y_Galon),1751389030.93,"Buffy the Vampire Slayer, Warehouse 13, Stargate: Atlantis, Supernatural, The Lies of Locke Lamora, Angel - Fandom, Percy Jackson and the Olympians",1751389030.93,...,1751389030.93,...,1751389030.93,The Phoenix Academy,1751389030.93,2025-07-01T16:57:10.930Z,1751389030.93,2011-08-01T00:00:00.000Z,1751389030.93,1|1|1,1751389030.93,"Meet Squad Three, Spike's squad of Slayers. It's gonna be a bumpy ride, so hold on tight!",1751389030.93,6401,1751389030.93,-1,1751389030.93,0,1751389030.93,1751389030.93,2018-12-30T05:21:39.897Z,1751389030.93,false,1751389030.93
234521,Gwir-Weld y Galon (Gwir_Weld_y_Galon),1751389030.933,"Torchwood, Buffy the Vampire Slayer, Warehouse 13, Angel : Fandom, The Lies of Locke Lamora, Stargate: Atlantis, Supernatural",1751389030.933,...,1751389030.933,...,1751389030.933,Cardiff Nightlife,1751389030.933,2025-07-01T16:57:10.933Z,1751389030.933,2011-08-05T00:00:00.000Z,1751389030.933,1|?|0,1751389030.933,Spike and Squad Three are in Cardiff. So is Torchwood. Fun for the whole family!,1751389030.933,3312,1751389030.933,-1,1751389030.933,0,1751389030.933,1751389030.933,2018-12-30T05:21:34.437Z,1751389030.933,false,1751389030.933
252555,Huggeroftrees,1751389030.938,"Discworld - Terry Pratchett, Being Human",1751389030.938,...,1751389030.938,...,1751389030.938,Inter-Universe-Travel Incorporated,1751389030.938,2025-07-01T16:57:10.938Z,1751389030.938,2011-09-12T00:00:00.000Z,1751389030.938,2|2|1,1751389030.938,...,1751389030.938,?,1751389030.938,-1,1751389030.938,0,1751389030.938,1751389030.938,2017-12-04T14:00:04.801Z,1751389030.938,false,1751389030.938
253146,Huggeroftrees,1751389030.941,"Discworld - Terry Pratchett, Torchwood, Doctor Who",1751389030.941,...,1751389030.941,...,1751389030.941,Inter-Universe Travel Incorporated III (Torchwood and Doctor Who),1751389030.941,2025-07-01T16:57:10.941Z,1751389030.941,2011-09-14T00:00:00.000Z,1751389030.941,1|2|0,1751389030.941,...,1751389030.941,?,1751389030.941,-1,1751389030.941,0,1751389030.941,1751389030.941,2017-12-04T13:50:44.031Z,1751389030.941,false,1751389030.941
299885,Laura,1751389030.945,Gentleman Bastard Sequence - Scott Lynch,1751389030.945,...,1751389030.945,...,1751389030.945,The Best Laid Plans,1751389030.945,2025-07-01T16:57:10.945Z,1751389030.945,2011-12-22T00:00:00.000Z,1751389030.945,1|1|1,1751389030.945,Your genius plans are becoming reprehensibly mundane of late.,1751389030.945,4048,1751389030.945,1,1751389030.945,0,1751389030.945,1751389030.945,2018-12-30T14:42:38.904Z,1751389030.945,false,1751389030.945
308760,Huggeroftrees,1751389030.95,Discworld - Terry Pratchett,1751389030.95,...,1751389030.95,...,1751389030.95,It's The Thought That Counts,1751389030.95,2025-07-01T16:57:10.950Z,1751389030.95,2011-12-31T00:00:00.000Z,1751389030.95,1|1|1,1751389030.95,...,1751389030.95,?,1751389030.95,1,1751389030.95,0,1751389030.95,1751389030.95,2017-12-04T14:13:54.937Z,1751389030.95,false,1751389030.95
333905,"havisham, rio_abajo_rio, pumpkinpodfic (thegreatpumpkin)",1751389030.954,The Silmarillion and other histories of Middle-Earth - J. R. R. Tolkien,1751389030.954,...,1751389030.954,...,1751389030.954,All Goes Onward and Outward,1751389030.954,2025-07-01T16:57:10.954Z,1751389030.954,2012-02-06T00:00:00.000Z,1751389030.954,1|1|1,1751389030.954,"To die is different from what anyone supposed, and luckier. Fingon and Maedhros, in a different war.",1751389030.954,4378,1751389030.954,5,1751389030.954,0,1751389030.954,1751389030.954,2019-11-28T01:40:30.180Z,1751389030.954,false,1751389030.954
390722,ImpossibleCherryBlossom,1751389030.957,"PRATCHETT Terry - Works, Monstrous Regiment--Pratchett, Discworld - Terry Pratchett",1751389030.957,...,1751389030.957,...,1751389030.957,Breathe,1751389030.957,2025-07-01T16:57:10.957Z,1751389030.957,2012-04-24T00:00:00.000Z,1751389030.957,1|1|1,1751389030.957,...,1751389030.957,?,1751389030.957,-1,1751389030.957,0,1751389030.957,1751389030.957,2017-12-03T07:57:29.753Z,1751389030.957,false,1751389030.957
396005,hiza-chan (callunavulgari),1751389030.962,"A Song of Ice and Fire - George R. R. Martin, Supernatural, Inception (2010), Social Network (2010), Kingdom Hearts, Legend of Zelda: The Ocarina of Time, Doctor Who, Firefly, The Lies of Locke Lamora",1751389030.962,...,1751389030.962,...,1751389030.962,The Reality of God,1751389030.962,2025-07-01T16:57:10.962Z,1751389030.962,2012-05-02T00:00:00.000Z,1751389030.962,1|1|1,1751389030.962,A collection of crossover drabbles from various fandoms.,1751389030.962,536,1751389030.962,-1,1751389030.962,0,1751389030.962,1751389030.962,2018-12-30T05:20:58.178Z,1751389030.962,false,1751389030.962
408515,weesaw,1751389030.966,Gentleman Bastard Sequence - Scott Lynch,1751389030.966,...,1751389030.966,...,1751389030.966,If you follow me up.,1751389030.966,2025-07-01T16:57:10.966Z,1751389030.966,2012-05-19T00:00:00.000Z,1751389030.966,1|1|1,1751389030.966,"A bit about growing up in the burrow and the aftermath of Lies. (Set during Red Seas Under Red Skies.) Inspired by ""Ivory Road"" by King Charles (see notes for a link).",1751389030.966,394,1751389030.966,-1,1751389030.966,0,1751389030.966,1751389030.966,2018-12-30T05:20:52.970Z,1751389030.966,false,1751389030.966
536676,Smaragdina,1751389030.971,Dishonored,1751389030.971,...,1751389030.971,...,1751389030.971,The Things They Want,1751389030.971,2025-07-01T16:57:10.971Z,1751389030.971,2012-10-14T00:00:00.000Z,1751389030.971,1|1|1,1751389030.971,...,1751389030.971,?,1751389030.971,1,1751389030.971,0,1751389030.971,1751389030.971,2017-10-24T13:00:22.474Z,1751389030.971,false,1751389030.971
545025,Smaragdina,1751389030.975,Dishonored (Video Game),1751389030.975,...,1751389030.975,...,1751389030.975,Eyes I Dare Not Meet In Dreams,1751389030.975,2025-07-01T16:57:10.975Z,1751389030.975,2012-10-24T00:00:00.000Z,1751389030.975,1|1|1,1751389030.975,...,1751389030.975,?,1751389030.975,1,1751389030.975,0,1751389030.975,1751389030.975,2017-10-24T13:42:09.110Z,1751389030.975,false,1751389030.975
549252,NanakiBH,1751389030.982,JoJo no Kimyouna Bouken | JoJo's Bizarre Adventure,1751389030.982,...,1751389030.982,...,1751389030.982,"Sit, Stay",1751389030.982,2025-07-01T16:57:10.982Z,1751389030.982,2012-10-29T00:00:00.000Z,1751389030.982,1|1|1,1751389030.982,"Before long, Rohan was going to have an entire sketchbook full of Josuke in erotic positions.",1751389030.982,6798,1751389030.982,3,1751389030.982,0,1751389030.982,1751389030.982,2018-06-17T09:37:33.707Z,1751389030.982,false,1751389030.982
549745,patho (ghostsoldier),1751389030.989,Dishonored (Video Game),1751389030.989,...,1751389030.989,...,1751389030.989,a small soft death,1751389030.989,2025-07-01T16:57:10.989Z,1751389030.989,2012-10-30T00:00:00.000Z,1751389030.989,1|1|1,1751389030.989,...,1751389030.989,?,1751389030.989,-1,1751389030.989,0,1751389030.989,1751389030.989,2017-10-24T13:46:46.962Z,1751389030.989,false,1751389030.989
550440,NanakiBH,1751389030.995,JoJo no Kimyouna Bouken | JoJo's Bizarre Adventure,1751389030.995,...,1751389030.995,...,1751389030.995,Begging For Treats,1751389030.995,2025-07-01T16:57:10.995Z,1751389030.995,2012-10-30T00:00:00.000Z,1751389030.995,1|1|1,1751389030.995,...,1751389030.995,?,1751389030.995,-1,1751389030.995,0,1751389030.995,1751389030.995,2018-07-04T13:29:55.740Z,1751389030.995,false,1751389030.995
553143,misslonelyhearts,1751389030.999,Dishonored (Video Game),1751389030.999,...,1751389030.999,...,1751389030.999,The Brand,1751389030.999,2025-07-01T16:57:10.999Z,1751389030.999,2012-11-03T00:00:00.000Z,1751389030.999,1|1|1,1751389030.999,...,1751389030.999,549,1751389030.999,1,1751389030.999,0,1751389030.999,1751389030.999,2019-07-17T04:11:58.922Z,1751389030.999,false,1751389030.999
553146,misslonelyhearts,1751389031.004,Dishonored (Video Game),1751389031.004,...,1751389031.004,...,1751389031.004,The Taste,1751389031.004,2025-07-01T16:57:11.004Z,1751389031.004,2012-11-03T00:00:00.000Z,1751389031.004,1|1|1,1751389031.004,...,1751389031.004,821,1751389031.004,1,1751389031.004,0,1751389031.004,1751389031.004,2019-07-17T11:07:05.733Z,1751389031.004,false,1751389031.004
561992,Snake (Fatality145),1751389031.01,Dishonored (Video Game),1751389031.01,...,1751389031.01,...,1751389031.01,Aerials,1751389031.01,2025-07-01T16:57:11.010Z,1751389031.01,2012-11-13T00:00:00.000Z,1751389031.01,1|1|1,1751389031.01,...,1751389031.01,?,1751389031.01,-1,1751389031.01,0,1751389031.01,1751389031.01,2017-11-10T03:17:05.379Z,1751389031.01,false,1751389031.01
563505,Snake (Fatality145),1751389031.016,Dishonored (Video Game),1751389031.016,...,1751389031.016,...,1751389031.016,Basorexia,1751389031.016,2025-07-01T16:57:11.016Z,1751389031.016,2012-11-15T00:00:00.000Z,1751389031.016,1|1|1,1751389031.016,...,1751389031.016,?,1751389031.016,-1,1751389031.016,0,1751389031.016,1751389031.016,2017-11-10T03:21:08.026Z,1751389031.016,false,1751389031.016
567817,"Requiem, Herber_baby17",1751389031.021,Dishonored (Video Game),1751389031.021,...,1751389031.021,...,1751389031.021,"Once More, With Feeling",1751389031.021,2025-07-01T16:57:11.021Z,1751389031.021,2012-11-19T00:00:00.000Z,1751389031.021,1|1|1,1751389031.021,...,1751389031.021,?,1751389031.021,-1,1751389031.021,0,1751389031.021,1751389031.021,2017-11-10T03:20:37.125Z,1751389031.021,false,1751389031.021
575140,"patho (ghostsoldier), Easy_Owl, Kess",1751389031.027,Dishonored (Video Game),1751389031.027,...,1751389031.027,...,1751389031.027,in the bone,1751389031.027,2025-07-01T16:57:11.027Z,1751389031.027,2012-11-27T00:00:00.000Z,1751389031.027,1|1|1,1751389031.027,It all began when Corvo started kissing the Mark for luck.,1751389031.027,2812,1751389031.027,5,1751389031.027,0,1751389031.027,1751389031.027,2019-06-08T03:16:02.335Z,1751389031.027,false,1751389031.027
585894,Snake (Fatality145),1751389031.032,Dishonored (Video Game),1751389031.032,...,1751389031.032,...,1751389031.032,Breeding Thorns,1751389031.032,2025-07-01T16:57:11.032Z,1751389031.032,2012-12-07T00:00:00.000Z,1751389031.032,1|1|1,1751389031.032,...,1751389031.032,?,1751389031.032,-1,1751389031.032,0,1751389031.032,1751389031.032,2017-11-10T03:19:46.567Z,1751389031.032,false,1751389031.032
589247,patho (ghostsoldier),1751389031.038,Dishonored (Video Game),1751389031.038,...,1751389031.038,...,1751389031.038,tetralogy of fallot,1751389031.038,2025-07-01T16:57:11.038Z,1751389031.038,2012-12-10T00:00:00.000Z,1751389031.038,1|1|1,1751389031.038,...,1751389031.038,?,1751389031.038,-1,1751389031.038,0,1751389031.038,1751389031.038,2017-10-19T05:35:19.752Z,1751389031.038,false,1751389031.038
592330,iphis17,1751389031.043,Discworld - Terry Pratchett,1751389031.043,...,1751389031.043,...,1751389031.043,Corsetry,1751389031.043,2025-07-01T16:57:11.043Z,1751389031.043,2010-11-07T00:00:00.000Z,1751389031.043,1|1|1,1751389031.043,...,1751389031.043,?,1751389031.043,-1,1751389031.043,0,1751389031.043,1751389031.043,2017-12-04T13:50:38.596Z,1751389031.043,false,1751389031.043
592950,Hinata_Yamimoto,1751389031.048,Original Work,1751389031.048,...,1751389031.048,...,1751389031.048,Professor Worthington and the Search for the One-Eyed Trouser Snake,1751389031.048,2025-07-01T16:57:11.048Z,1751389031.048,2012-12-14T00:00:00.000Z,1751389031.048,1|1|1,1751389031.048,I was balls-deep in secondhand embarrassment from the start of the safari.,1751389031.048,7804,1751389031.048,1,1751389031.048,0,1751389031.048,1751389031.048,2019-01-27T01:42:20.205Z,1751389031.048,false,1751389031.048
593833,orphan_account,1751389031.053,Dishonored (Video Game),1751389031.053,...,1751389031.053,...,1751389031.053,Caustic Are The Ties That Bind,1751389031.053,2025-07-01T16:57:11.053Z,1751389031.053,2012-12-15T00:00:00.000Z,1751389031.053,1|1|1,1751389031.053,"(Post Low-Chaos Ending)
    
  
 'His breath halted in his throat, watching the flame flicker before snuffing itself. The windows were closed and the air was still, stagnant, almost, though with that sickeningly sweet aroma which permeated through the personal quarters of Dunwall Tower.                   Frozen static from confusion, his eyes slowly adjusting to the new darkness, the pulsing in his ears changed, now outer body, now something else. He forced himself to swallow thickly, listening to the thrum that was almost like a grind, and he knew it too well.                 “I don’t like to be ignored, Corvo,”'",1751389031.053,4365,1751389031.053,1,1751389031.053,0,1751389031.053,1751389031.053,2019-06-27T13:25:19.616Z,1751389031.053,false,1751389031.053
599121,Lamprey,1751389031.059,Dishonored (Video Game),1751389031.059,...,1751389031.059,...,1751389031.059,Marked,1751389031.059,2025-07-01T16:57:11.059Z,1751389031.059,2012-12-19T00:00:00.000Z,1751389031.059,1|1|1,1751389031.059,How the Outsider keeps Corvo's visits to the Void interesting.,1751389031.059,1215,1751389031.059,-1,1751389031.059,0,1751389031.059,1751389031.059,2019-07-17T11:13:46.489Z,1751389031.059,false,1751389031.059
601604,corialis,1751389031.067,Gentleman Bastard Sequence - Scott Lynch,1751389031.067,...,1751389031.067,...,1751389031.067,Always Sufficient,1751389031.067,2025-07-01T16:57:11.067Z,1751389031.067,2012-12-20T00:00:00.000Z,1751389031.067,1|1|1,1751389031.067,...,1751389031.067,?,1751389031.067,5,1751389031.067,0,1751389031.067,1751389031.067,2017-10-16T03:35:50.439Z,1751389031.067,false,1751389031.067
632761,FairyNiamh,1751389031.074,Original Work,1751389031.074,...,1751389031.074,...,1751389031.074,Desert Snow,1751389031.074,2025-07-01T16:57:11.074Z,1751389031.074,2010-01-10T00:00:00.000Z,1751389031.074,1|1|1,1751389031.074,A Snake Priest and a street rat fall in love after a most unusual meeting.,1751389031.074,5398,1751389031.074,-1,1751389031.074,0,1751389031.074,1751389031.074,2019-01-24T00:07:46.480Z,1751389031.074,false,1751389031.074
634990,niawen,1751389031.08,Dishonored (Video Game),1751389031.08,...,1751389031.08,...,1751389031.08,Blind and Posess,1751389031.08,2025-07-01T16:57:11.080Z,1751389031.08,2013-01-12T00:00:00.000Z,1751389031.08,1|1|1,1751389031.08,"The Outsider's offered to help Corvo track down the men who killed Jessamine, but he's doing it on his own terms and in his own way.  In which Corvo is soundly abused.",1751389031.08,7361,1751389031.08,-1,1751389031.08,0,1751389031.08,1751389031.08,2019-07-22T04:08:45.372Z,1751389031.08,false,1751389031.08
638823,"patho (ghostsoldier), Herber_baby17, Kess",1751389031.085,Dishonored (Video Game),1751389031.085,...,1751389031.085,...,1751389031.085,we insist,1751389031.085,2025-07-01T16:57:11.085Z,1751389031.085,2013-01-14T00:00:00.000Z,1751389031.085,1|1|1,1751389031.085,...,1751389031.085,?,1751389031.085,-1,1751389031.085,0,1751389031.085,1751389031.085,2017-11-10T03:22:21.117Z,1751389031.085,false,1751389031.085
641767,Smaragdina,1751389031.091,Dishonored (Video Game),1751389031.091,...,1751389031.091,...,1751389031.091,Behaving As The Wind Behaves,1751389031.091,2025-07-01T16:57:11.091Z,1751389031.091,2013-01-16T00:00:00.000Z,1751389031.091,1|1|1,1751389031.091,...,1751389031.091,?,1751389031.091,-1,1751389031.091,0,1751389031.091,1751389031.091,2017-11-10T03:22:59.266Z,1751389031.091,false,1751389031.091
648587,supaslim,1751389031.097,Dishonored (Video Game),1751389031.097,...,1751389031.097,...,1751389031.097,Undisclosed Desires,1751389031.097,2025-07-01T16:57:11.097Z,1751389031.097,2013-01-21T00:00:00.000Z,1751389031.097,1|1|1,1751389031.097,...,1751389031.097,?,1751389031.097,-1,1751389031.097,0,1751389031.097,1751389031.097,2017-11-10T03:28:57.319Z,1751389031.097,false,1751389031.097
649180,Lamprey,1751389031.103,Dishonored (Video Game),1751389031.103,...,1751389031.103,...,1751389031.103,An offering at his shrine,1751389031.103,2025-07-01T16:57:11.103Z,1751389031.103,2013-01-21T00:00:00.000Z,1751389031.103,1|1|1,1751389031.103,...,1751389031.103,?,1751389031.103,-1,1751389031.103,0,1751389031.103,1751389031.103,2017-11-10T13:47:39.059Z,1751389031.103,false,1751389031.103
658903,veronamay,1751389031.109,Oliver Twist - All Media Types,1751389031.109,...,1751389031.109,...,1751389031.109,One Fine Day,1751389031.109,2025-07-01T16:57:11.109Z,1751389031.109,2002-02-22T00:00:00.000Z,1751389031.109,1|1|1,1751389031.109,"Ten years on, will the Artful Dodger be the same?",1751389031.109,3083,1751389031.109,3,1751389031.109,0,1751389031.109,1751389031.109,2019-08-18T02:58:09.560Z,1751389031.109,false,1751389031.109
682752,ninemoons42,1751389031.115,"The Gentleman Bastard Sequence, X-Men: First Class (2011) - Fandom, The Hour",1751389031.115,...,1751389031.115,...,1751389031.115,the other side of blue,1751389031.115,2025-07-01T16:57:11.115Z,1751389031.115,2013-02-13T00:00:00.000Z,1751389031.115,1|1|1,1751389031.115,"In another version of post-war Europe, Erik Lehnsherr is part of a group of mercenaries who sort of work for a man named Jean. Erik sometimes works with a woman named Alix, and when he and she are sent after an actor who's been up to no good, they run into a woman named Charlotte - and trouble ensues.",1751389031.115,17471,1751389031.115,-1,1751389031.115,0,1751389031.115,1751389031.115,2018-12-30T05:20:22.116Z,1751389031.115,false,1751389031.115
695004,Adlanth,1751389031.122,"The Silmarillion and other histories of Middle-Earth - J. R. R. Tolkien, TOLKIEN J. R. R. - Works",1751389031.122,...,1751389031.122,...,1751389031.122,In the Wild Woods Together,1751389031.122,2025-07-01T16:57:11.122Z,1751389031.122,2013-02-22T00:00:00.000Z,1751389031.122,9|9|1,1751389031.122,...,1751389031.122,?,1751389031.122,5,1751389031.122,0,1751389031.122,1751389031.122,2017-10-16T03:37:47.007Z,1751389031.122,false,1751389031.122
699585,WretchedEscapist,1751389031.13,Dishonored (Video Game),1751389031.13,...,1751389031.13,...,1751389031.13,Curious Longing,1751389031.13,2025-07-01T16:57:11.130Z,1751389031.13,2013-02-25T00:00:00.000Z,1751389031.13,2|2|1,1751389031.13,...,1751389031.13,?,1751389031.13,-1,1751389031.13,0,1751389031.13,1751389031.13,2017-11-11T11:01:21.553Z,1751389031.13,false,1751389031.13
703753,orphan_account,1751389031.136,Dishonored (Video Game),1751389031.136,...,1751389031.136,...,1751389031.136,Hide and Seek,1751389031.136,2025-07-01T16:57:11.136Z,1751389031.136,2013-01-01T00:00:00.000Z,1751389031.136,2|2|1,1751389031.136,...,1751389031.136,?,1751389031.136,-1,1751389031.136,0,1751389031.136,1751389031.136,2017-11-11T12:40:12.123Z,1751389031.136,false,1751389031.136
707962,NeverwinterThistle,1751389031.142,Dishonored (Video Game),1751389031.142,...,1751389031.142,...,1751389031.142,"The Sea and Stars Are Yours, My Dear, But the Moon Would Not Cooperate",1751389031.142,2025-07-01T16:57:11.142Z,1751389031.142,2013-03-06T00:00:00.000Z,1751389031.142,5|5|1,1751389031.142,...,1751389031.142,?,1751389031.142,-1,1751389031.142,0,1751389031.142,1751389031.142,2017-11-10T03:18:42.159Z,1751389031.142,false,1751389031.142
715235,triptocaine,1751389031.152,Dishonored (Video Game),1751389031.152,...,1751389031.152,...,1751389031.152,Pluvial,1751389031.152,2025-07-01T16:57:11.152Z,1751389031.152,2013-03-10T00:00:00.000Z,1751389031.152,1|1|1,1751389031.152,...,1751389031.152,?,1751389031.152,-1,1751389031.152,0,1751389031.152,1751389031.152,2017-11-11T10:58:36.437Z,1751389031.152,false,1751389031.152
717572,renquise,1751389031.16,Gentleman Bastard Sequence - Scott Lynch,1751389031.16,...,1751389031.16,...,1751389031.16,Something Good,1751389031.16,2025-07-01T16:57:11.160Z,1751389031.16,2013-03-12T00:00:00.000Z,1751389031.16,1|1|1,1751389031.16,...,1751389031.16,?,1751389031.16,1,1751389031.16,0,1751389031.16,1751389031.16,2018-04-08T07:16:12.192Z,1751389031.16,false,1751389031.16
740815,orphan_account,1751389031.167,Les Misérables - All Media Types,1751389031.167,...,1751389031.167,...,1751389031.167,silhouette and nothing more,1751389031.167,2025-07-01T16:57:11.167Z,1751389031.167,2013-03-29T00:00:00.000Z,1751389031.167,1|1|1,1751389031.167,"Written for a prompt on the Les Mis kink meme: ""Grown-up Gavroche/Montparnasse. Consensual and canon-era, please, and would appreciate bookverse Gav's massive confidence and basic assumption that he's equal to everyone. Knifeplay a bonus."" [x]",1751389031.167,1331,1751389031.167,5,1751389031.167,0,1751389031.167,1751389031.167,2019-06-12T07:04:33.420Z,1751389031.167,false,1751389031.167
744339,rubyofkukundu,1751389031.173,Original Work,1751389031.173,...,1751389031.173,...,1751389031.173,As You Wish,1751389031.173,2025-07-01T16:57:11.173Z,1751389031.173,2010-07-01T00:00:00.000Z,1751389031.173,1|1|1,1751389031.173,"When it comes down to it, Arthur is rather privileged. There aren't many in service who'd give up the chance to work as a valet for the heir of the Brinsley family. He gets good meals, a good wage, a crisp set of clothes, and if he plays his cards right, he may even make his way up to butler by the time he's 30: a worthy achievement by all counts. He's well-liked. He's respected. And, God help him, he thinks he might be in love.",1751389031.173,8349,1751389031.173,1,1751389031.173,0,1751389031.173,1751389031.173,2019-01-24T12:38:28.171Z,1751389031.173,false,1751389031.173
747106,Lamprey,1751389031.18,Dishonored (Video Game),1751389031.18,...,1751389031.18,...,1751389031.18,Always More to Lose,1751389031.18,2025-07-01T16:57:11.180Z,1751389031.18,2013-04-03T00:00:00.000Z,1751389031.18,1|1|1,1751389031.18,...,1751389031.18,?,1751389031.18,-1,1751389031.18,0,1751389031.18,1751389031.18,2017-11-04T05:36:01.210Z,1751389031.18,false,1751389031.18
757088,NikkiFrost,1751389031.186,Dishonored (Video Game),1751389031.186,...,1751389031.186,...,1751389031.186,Love Psalm,1751389031.186,2025-07-01T16:57:11.186Z,1751389031.186,2013-04-11T00:00:00.000Z,1751389031.186,1|1|1,1751389031.186,...,1751389031.186,?,1751389031.186,-1,1751389031.186,0,1751389031.186,1751389031.186,2017-10-19T05:34:50.100Z,1751389031.186,false,1751389031.186
759484,childofdrought,1751389031.193,Dishonored (Video Game),1751389031.193,...,1751389031.193,...,1751389031.193,Just a Taste,1751389031.193,2025-07-01T16:57:11.193Z,1751389031.193,2014-03-09T00:00:00.000Z,1751389031.193,10|?|0,1751389031.193,Food Porn. No. Seriously. A bunch of Food Porn ficlets.,1751389031.193,2580,1751389031.193,-1,1751389031.193,0,1751389031.193,1751389031.193,2019-07-07T20:38:24.028Z,1751389031.193,false,1751389031.193
760804,NeverwinterThistle,1751389031.2,Dishonored (Video Game),1751389031.2,...,1751389031.2,...,1751389031.2,The Hound Pits Coffee Shop and Cocktail Parlour,1751389031.2,2025-07-01T16:57:11.200Z,1751389031.2,2014-02-06T00:00:00.000Z,1751389031.2,18|18|1,1751389031.2,"Way, hey, it's the coffee shop AU!
Corvo Attano is a struggling actor working full time at the Hound Pits Coffee Shop and Cocktail Parlour to make ends meet. A wide range of colourful personages wander through his life, apparently for the sole purpose of making him more miserable, and that's even before the Outsider shows up.
Fifteen minutes late, and seeking coffee.",1751389031.2,105172,1751389031.2,-1,1751389031.2,0,1751389031.2,1751389031.2,2019-06-27T03:09:44.012Z,1751389031.2,false,1751389031.2
762603,surexit,1751389031.207,Discworld - Terry Pratchett,1751389031.207,...,1751389031.207,...,1751389031.207,The Logical Conclusion,1751389031.207,2025-07-01T16:57:11.208Z,1751389031.207,2013-04-15T00:00:00.000Z,1751389031.207,1|1|1,1751389031.207,...,1751389031.207,?,1751389031.207,3,1751389031.207,0,1751389031.207,1751389031.207,2017-12-02T19:00:51.331Z,1751389031.207,false,1751389031.207
767615,Ripuku,1751389031.218,Dishonored (Video Game),1751389031.218,...,1751389031.218,...,1751389031.218,"To Have and To Hold, To Be Had and To Be Held",1751389031.218,2025-07-01T16:57:11.218Z,1751389031.218,2013-04-20T00:00:00.000Z,1751389031.218,1|1|1,1751389031.218,...,1751389031.218,?,1751389031.218,-1,1751389031.218,0,1751389031.218,1751389031.218,2017-11-11T14:42:26.793Z,1751389031.218,false,1751389031.218
771289,Ripuku,1751389031.228,Dishonored (Video Game),1751389031.228,...,1751389031.228,...,1751389031.228,Inkmarked,1751389031.228,2025-07-01T16:57:11.228Z,1751389031.228,2013-04-23T00:00:00.000Z,1751389031.228,2|?|0,1751389031.228,...,1751389031.228,?,1751389031.228,-1,1751389031.228,0,1751389031.228,1751389031.228,2017-11-04T06:31:48.227Z,1751389031.228,false,1751389031.228
771927,Serindrana,1751389031.237,Dishonored (Video Game),1751389031.237,...,1751389031.237,...,1751389031.237,the rats and the flies and the corpses,1751389031.237,2025-07-01T16:57:11.237Z,1751389031.237,2013-04-23T00:00:00.000Z,1751389031.237,1|1|1,1751389031.237,...,1751389031.237,?,1751389031.237,-1,1751389031.237,0,1751389031.237,1751389031.237,2017-11-11T14:59:30.715Z,1751389031.237,false,1751389031.237
779551,Ripuku,1751389031.247,Dishonored,1751389031.247,...,1751389031.247,...,1751389031.247,Something a Little Less Eternal,1751389031.247,2025-07-01T16:57:11.247Z,1751389031.247,2013-04-30T00:00:00.000Z,1751389031.247,1|1|1,1751389031.247,...,1751389031.247,?,1751389031.247,-1,1751389031.247,0,1751389031.247,1751389031.247,2017-11-04T06:31:35.107Z,1751389031.247,false,1751389031.247
782826,Serindrana,1751389031.258,Dishonored (Video Game),1751389031.258,...,1751389031.258,...,1751389031.258,they will consecrate your vertebrae,1751389031.258,2025-07-01T16:57:11.258Z,1751389031.258,2013-05-03T00:00:00.000Z,1751389031.258,1|1|1,1751389031.258,...,1751389031.258,?,1751389031.258,-1,1751389031.258,0,1751389031.258,1751389031.258,2017-11-04T06:29:23.136Z,1751389031.258,false,1751389031.258
785565,ladysisyphus,1751389031.268,Original Work,1751389031.268,...,1751389031.268,...,1751389031.268,The Mechanical Turk,1751389031.268,2025-07-01T16:57:11.268Z,1751389031.268,2009-01-01T00:00:00.000Z,1751389031.268,1|1|1,1751389031.268,"Throughout the entire trip -- from the hired cab to the docks, on the ferry across the Channel, through all three days' worth of train travel across what seemed like half the world, to the last ascent by horse-drawn carriage up into the verdant peaks of the Meček Mountains, right up to the great wrought iron doors of the ancient stone castle -- Halston Barwick's one constant companion had been the slightly dumbfounded thought: How on earth did I get myself into this?",1751389031.268,6753,1751389031.268,1,1751389031.268,0,1751389031.268,1751389031.268,2019-01-27T02:07:22.133Z,1751389031.268,false,1751389031.268
786069,orphan_account,1751389031.278,Original Work,1751389031.278,...,1751389031.278,...,1751389031.278,Hand Beneath His Boot,1751389031.278,2025-07-01T16:57:11.278Z,1751389031.278,2013-07-24T00:00:00.000Z,1751389031.278,4|4|1,1751389031.278,"Tobin Lewis has done crazy, terrible, illegal things to support his little brother when his drug-addled mother falls short.  Surly, violent and defensive, he's hurt others and himself.  He's only a good Omega when people pay him to be and his body's been on sale since he was 16.  
How much more will he have to give when the worst happens and he's faced with a desperate gamble or losing his little brother forever?",1751389031.278,31817,1751389031.278,-1,1751389031.278,0,1751389031.278,1751389031.278,2019-01-23T06:06:20.239Z,1751389031.278,false,1751389031.278
791464,NeverwinterThistle,1751389031.294,Dishonored (Video Game),1751389031.294,...,1751389031.294,...,1751389031.294,If After Every Tempest Come Such Calms,1751389031.294,2025-07-01T16:57:11.294Z,1751389031.294,2013-05-10T00:00:00.000Z,1751389031.294,1|1|1,1751389031.294,...,1751389031.294,?,1751389031.294,-1,1751389031.294,0,1751389031.294,1751389031.294,2017-11-04T06:29:07.655Z,1751389031.294,false,1751389031.294
805289,NeverwinterThistle,1751389031.303,Dishonored (Video Game),1751389031.303,...,1751389031.303,...,1751389031.303,Oceans Bleed Black,1751389031.303,2025-07-01T16:57:11.303Z,1751389031.303,2013-05-16T00:00:00.000Z,1751389031.303,1|1|1,1751389031.303,...,1751389031.303,?,1751389031.303,1,1751389031.303,0,1751389031.303,1751389031.303,2017-11-04T06:27:55.128Z,1751389031.303,false,1751389031.303
813147,vtpia,1751389031.31,Dishonored (Video Game),1751389031.31,...,1751389031.31,...,1751389031.31,Biochemistry,1751389031.31,2025-07-01T16:57:11.310Z,1751389031.31,2013-05-22T00:00:00.000Z,1751389031.31,1|1|1,1751389031.31,...,1751389031.31,?,1751389031.31,1,1751389031.31,0,1751389031.31,1751389031.31,2017-11-04T06:16:10.909Z,1751389031.31,false,1751389031.31
822838,Yamanashi Moe (SaturnOolaa),1751389031.321,Original Work,1751389031.321,...,1751389031.321,...,1751389031.321,Badger Game,1751389031.321,2025-07-01T16:57:11.321Z,1751389031.321,2013-05-24T00:00:00.000Z,1751389031.321,1|1|1,1751389031.321,"I have neither the strength for honest labour, nor the will to pick pockets, so it is no great surprise that I should be what I am. My name is Nat Carter and I make my living as a grifter.",1751389031.321,10675,1751389031.321,5,1751389031.321,0,1751389031.321,1751389031.321,2019-01-26T19:31:26.380Z,1751389031.321,false,1751389031.321
837340,artvinsky,1751389031.329,Dishonored (Video Game),1751389031.329,...,1751389031.329,...,1751389031.329,The Incline,1751389031.329,2025-07-01T16:57:11.329Z,1751389031.329,2016-04-05T00:00:00.000Z,1751389031.329,5|?|0,1751389031.329,...,1751389031.329,?,1751389031.329,-1,1751389031.329,0,1751389031.329,1751389031.329,2017-11-12T01:23:59.134Z,1751389031.329,false,1751389031.329
860498,TemporalRiot,1751389031.337,Dishonored (Video Game),1751389031.337,...,1751389031.337,...,1751389031.337,The Lighthouse,1751389031.337,2025-07-01T16:57:11.337Z,1751389031.337,2013-06-27T00:00:00.000Z,1751389031.337,10|10|1,1751389031.337,...,1751389031.337,?,1751389031.337,3,1751389031.337,0,1751389031.337,1751389031.337,2017-11-15T03:15:44.269Z,1751389031.337,false,1751389031.337
869053,Ripuku,1751389031.346,Dishonored,1751389031.346,...,1751389031.346,...,1751389031.346,Like the Back of My Hand,1751389031.346,2025-07-01T16:57:11.346Z,1751389031.346,2013-07-03T00:00:00.000Z,1751389031.346,1|?|0,1751389031.346,...,1751389031.346,?,1751389031.346,-1,1751389031.346,0,1751389031.346,1751389031.346,2017-10-19T05:36:22.730Z,1751389031.346,false,1751389031.346
873053,aneccedentesiastslife (orphan_account),1751389031.354,Oliver! - Bart,1751389031.354,...,1751389031.354,...,1751389031.354,Valentine's Day,1751389031.354,2025-07-01T16:57:11.354Z,1751389031.354,2013-07-07T00:00:00.000Z,1751389031.354,1|1|1,1751389031.354,Oliver doesn't know what to get Dodger for Valentine's Day. Dodger/Oliver one-shot.,1751389031.354,424,1751389031.354,-1,1751389031.354,0,1751389031.354,1751389031.354,2019-08-18T02:32:23.661Z,1751389031.354,false,1751389031.354
886462,"35grams (caxxe), caxxe",1751389031.364,Dishonored (Video Game),1751389031.364,...,1751389031.364,...,1751389031.364,Madnesses,1751389031.364,2025-07-01T16:57:11.364Z,1751389031.364,2013-07-17T00:00:00.000Z,1751389031.364,5|5|1,1751389031.364,...,1751389031.364,1000,1751389031.364,-1,1751389031.364,0,1751389031.364,1751389031.364,2019-07-17T11:14:56.494Z,1751389031.364,false,1751389031.364
896412,pasiphile,1751389031.373,"Discworld - Terry Pratchett, Pacific Rim (2013)",1751389031.373,...,1751389031.373,...,1751389031.373,Modern Warfare,1751389031.373,2025-07-01T16:57:11.373Z,1751389031.373,2013-07-24T00:00:00.000Z,1751389031.373,1|1|1,1751389031.373,...,1751389031.373,?,1751389031.373,-1,1751389031.373,0,1751389031.373,1751389031.373,2017-12-01T17:34:21.715Z,1751389031.373,false,1751389031.373
909053,ryeden,1751389031.381,Dishonored (Video Game),1751389031.381,...,1751389031.381,...,1751389031.381,Eggshells,1751389031.381,2025-07-01T16:57:11.381Z,1751389031.381,2013-08-02T00:00:00.000Z,1751389031.381,1|1|1,1751389031.381,...,1751389031.381,?,1751389031.381,-1,1751389031.381,0,1751389031.381,1751389031.381,2017-11-04T06:08:29.996Z,1751389031.381,false,1751389031.381
914887,pasiphile,1751389031.392,Discworld - Terry Pratchett,1751389031.392,...,1751389031.392,...,1751389031.392,Breaking Tradition,1751389031.392,2025-07-01T16:57:11.392Z,1751389031.392,2013-08-06T00:00:00.000Z,1751389031.392,1|1|1,1751389031.392,...,1751389031.392,?,1751389031.392,-1,1751389031.392,0,1751389031.392,1751389031.392,2017-12-01T17:34:31.625Z,1751389031.392,false,1751389031.392
949885,artvinsky,1751389031.406,Dishonored (Video Game),1751389031.406,...,1751389031.406,...,1751389031.406,Spiels,1751389031.406,2025-07-01T16:57:11.406Z,1751389031.406,2013-09-03T00:00:00.000Z,1751389031.406,3|?|0,1751389031.406,"A collection of different drabbles on many different things and of many different people. Each chapter will have a summary, ratings/warnings, and most often than not a pairing. Tags will be updated as I go along.For Erin.",1751389031.406,2417,1751389031.406,-1,1751389031.406,0,1751389031.406,1751389031.406,2019-07-12T04:52:16.998Z,1751389031.406,false,1751389031.406
951237,Ripuku,1751389031.418,Dishonored,1751389031.418,...,1751389031.418,...,1751389031.418,The Limits of My Frame,1751389031.418,2025-07-01T16:57:11.418Z,1751389031.418,2013-09-01T00:00:00.000Z,1751389031.418,1|1|1,1751389031.418,...,1751389031.418,?,1751389031.418,1,1751389031.418,0,1751389031.418,1751389031.418,2017-10-19T05:36:13.668Z,1751389031.418,false,1751389031.418
954117,Kestrel_sama,1751389031.43,Dishonored (Video Game),1751389031.43,...,1751389031.43,...,1751389031.43,Outsider's Honor,1751389031.43,2025-07-01T16:57:11.430Z,1751389031.43,2013-09-04T00:00:00.000Z,1751389031.43,5|5|1,1751389031.43,"In which Corvo learns more about the realities of being a part of the Void, and the Outsider performs some perversions on his willing captive.",1751389031.43,16442,1751389031.43,1,1751389031.43,0,1751389031.43,1751389031.43,2019-06-30T03:51:32.362Z,1751389031.43,false,1751389031.43
955388,Herber_baby17,1751389031.443,Dishonored (Video Game),1751389031.443,...,1751389031.443,...,1751389031.443,"Глаза, что не смею увидеть во сне",1751389031.443,2025-07-01T16:57:11.443Z,1751389031.443,2013-09-05T00:00:00.000Z,1751389031.443,1|1|1,1751389031.443,...,1751389031.443,?,1751389031.443,-1,1751389031.443,0,1751389031.443,1751389031.443,2017-10-19T05:36:02.043Z,1751389031.443,false,1751389031.443
955401,Herber_baby17,1751389031.456,Dishonored (Video Game),1751389031.456,...,1751389031.456,...,1751389031.456,Мы настаиваем,1751389031.456,2025-07-01T16:57:11.456Z,1751389031.456,2013-09-05T00:00:00.000Z,1751389031.456,1|1|1,1751389031.456,...,1751389031.456,?,1751389031.456,-1,1751389031.456,0,1751389031.456,1751389031.456,2017-10-19T05:35:59.450Z,1751389031.456,false,1751389031.456
955413,Herber_baby17,1751389031.466,Dishonored (Video Game),1751389031.466,...,1751389031.466,...,1751389031.466,Буря,1751389031.466,2025-07-01T16:57:11.466Z,1751389031.466,2013-09-05T00:00:00.000Z,1751389031.466,1|1|1,1751389031.466,...,1751389031.466,?,1751389031.466,-1,1751389031.466,0,1751389031.466,1751389031.466,2017-10-19T05:36:00.714Z,1751389031.466,false,1751389031.466
964137,ryeden,1751389031.482,Dishonored (Video Game),1751389031.482,...,1751389031.482,...,1751389031.482,two and still counting,1751389031.482,2025-07-01T16:57:11.482Z,1751389031.482,2013-09-12T00:00:00.000Z,1751389031.482,1|1|1,1751389031.482,"Corvo is a knight on a chessboard; he bends and he dances and he hears them laugh. The pistol is cold and unused, and every day the time gets a little fuzzier and he thinks he’s losing his mind. Then he’s screaming and tearing at his hair, spewing blood as black as his eyes.",1751389031.482,500,1751389031.482,-1,1751389031.482,0,1751389031.482,1751389031.482,2019-07-12T04:56:11.473Z,1751389031.482,false,1751389031.482
1001733,Shadowofdarkness22,1751389031.497,Dishonored (Video Game),1751389031.497,...,1751389031.497,...,1751389031.497,Recrudescent,1751389031.497,2025-07-01T16:57:11.497Z,1751389031.497,2013-10-14T00:00:00.000Z,1751389031.497,1|1|1,1751389031.497,Fill for the Dishonored KinkmemePrompt: Corvo gets seriously injured and the Outsider appears and decides to patch him up for shits and giggles. Seeing Corvo in pain makes the Outsider feel weird human-type emotions and he is confused by it.,1751389031.497,1537,1751389031.497,1,1751389031.497,0,1751389031.497,1751389031.497,2019-07-17T17:21:10.824Z,1751389031.497,false,1751389031.497
1003891,orphan_account,1751389031.509,JoJo no Kimyouna Bouken | JoJo's Bizarre Adventure,1751389031.509,...,1751389031.509,...,1751389031.509,Artist's Apprentice,1751389031.509,2025-07-01T16:57:11.509Z,1751389031.509,2014-05-31T00:00:00.000Z,1751389031.509,3|?|0,1751389031.509,...,1751389031.509,?,1751389031.509,-1,1751389031.509,0,1751389031.509,1751389031.509,2018-07-04T04:00:31.383Z,1751389031.509,false,1751389031.509
1004355,Herber_baby17,1751389031.519,Dishonored (Video Game),1751389031.519,...,1751389031.519,...,1751389031.519,Как ветер,1751389031.519,2025-07-01T16:57:11.519Z,1751389031.519,2013-10-28T00:00:00.000Z,1751389031.519,1|1|1,1751389031.519,...,1751389031.519,?,1751389031.519,-1,1751389031.519,0,1751389031.519,1751389031.519,2017-10-19T05:38:03.691Z,1751389031.519,false,1751389031.519
1004370,Herber_baby17,1751389031.529,Dishonored (Video Game),1751389031.529,...,1751389031.529,...,1751389031.529,"Еще раз, с чувством",1751389031.529,2025-07-01T16:57:11.529Z,1751389031.529,2013-10-27T00:00:00.000Z,1751389031.529,1|1|1,1751389031.529,...,1751389031.529,?,1751389031.529,-1,1751389031.529,0,1751389031.529,1751389031.529,2017-10-19T05:38:07.552Z,1751389031.529,false,1751389031.529
1009833,inthemouthofthewolf,1751389031.539,"Dishonored (Video Game), Once Upon a Time (TV)",1751389031.539,...,1751389031.539,...,1751389031.539,Dark and Darker,1751389031.539,2025-07-01T16:57:11.539Z,1751389031.539,2013-10-19T00:00:00.000Z,1751389031.539,1|?|0,1751389031.539,...,1751389031.539,?,1751389031.539,-1,1751389031.539,0,1751389031.539,1751389031.539,2017-10-19T05:38:21.754Z,1751389031.539,false,1751389031.539
1014873,Shadowofdarkness22,1751389031.549,Dishonored (Video Game),1751389031.549,...,1751389031.549,...,1751389031.549,Cold Embrace,1751389031.549,2025-07-01T16:57:11.549Z,1751389031.549,2013-10-23T00:00:00.000Z,1751389031.549,1|1|1,1751389031.549,"He owed a lot to the Outsider, even if he never asked for his help in the first place.",1751389031.549,1326,1751389031.549,1,1751389031.549,0,1751389031.549,1751389031.549,2019-07-07T13:21:10.848Z,1751389031.549,false,1751389031.549
1016318,Herber_baby17,1751389031.559,Dishonored (Video Game),1751389031.559,...,1751389031.559,...,1751389031.559,Капля в море,1751389031.559,2025-07-01T16:57:11.559Z,1751389031.559,2013-10-27T00:00:00.000Z,1751389031.559,1|1|1,1751389031.559,...,1751389031.559,?,1751389031.559,-1,1751389031.559,0,1751389031.559,1751389031.559,2017-10-19T05:38:05.583Z,1751389031.559,false,1751389031.559
1017439,Shadowofdarkness22,1751389031.569,Dishonored (Video Game),1751389031.569,...,1751389031.569,...,1751389031.569,To Kill a God,1751389031.569,2025-07-01T16:57:11.570Z,1751389031.569,2013-10-25T00:00:00.000Z,1751389031.569,1|1|1,1751389031.569,Killing a God is impossible: that's why a God is a God. Corvo doesn't let that deter him when he finds out the truth of the Heart the Outsider gave him.,1751389031.569,2038,1751389031.569,-1,1751389031.569,0,1751389031.569,1751389031.569,2019-07-08T02:48:36.358Z,1751389031.569,false,1751389031.569
1019893,"Carmarthen, Lazurit, apfelstrudelz",1751389031.579,"Les Misérables - All Media Types, Les Misérables - Victor Hugo",1751389031.579,...,1751389031.579,...,1751389031.579,"What chaos, what a din!",1751389031.579,2025-07-01T16:57:11.579Z,1751389031.579,2013-10-27T00:00:00.000Z,1751389031.579,1|1|1,1751389031.579,"Montparnasse attends the 1838 premiere of Hector Berlioz's Benvenuto Cellini, at which two things happen: a riot breaks out and he encounters an old friend. These are not entirely disconnected occurrences.",1751389031.579,2147,1751389031.579,5,1751389031.579,0,1751389031.579,1751389031.579,2019-05-27T02:05:09.936Z,1751389031.579,false,1751389031.579
1024437,Raven (singlecrow),1751389031.591,Gentleman Bastard Sequence - Scott Lynch,1751389031.591,...,1751389031.591,...,1751389031.591,a glass poured to air,1751389031.591,2025-07-01T16:57:11.591Z,1751389031.591,2013-10-30T00:00:00.000Z,1751389031.591,1|1|1,1751389031.591,...,1751389031.591,?,1751389031.591,-1,1751389031.591,0,1751389031.591,1751389031.591,2017-12-30T06:25:03.262Z,1751389031.591,false,1751389031.591
1069198,manic_intent,1751389031.602,Dishonored (Video Game),1751389031.602,...,1751389031.602,...,1751389031.602,Leviathan,1751389031.602,2025-07-01T16:57:11.602Z,1751389031.602,2013-12-10T00:00:00.000Z,1751389031.602,10|10|1,1751389031.602,"In the end, Corvo has no one to blame but himself. He, after all, had been the first to spare Daud after besting the assassin in a duel. He, after all, had been anxious to explain his motives for doing so - at length - to Emily, when she had, one sunny afternoon in the Tower pavilion where her mother had met her violent death, asked what had happened to her mother's murderer. Now her letter of pardon seems to burn in his coat pocket on the right, opposite the Heart that he yet holds in his left coat pocket, and it feels like betrayal and not betrayal as he watches the sea pass him by, on his way to Serkonos on a fast ship, with Daud's apparent successor-via-default by his side. Life is infinitely ironic.",1751389031.602,32867,1751389031.602,-1,1751389031.602,0,1751389031.602,1751389031.602,2019-06-27T03:10:24.505Z,1751389031.602,false,1751389031.602
1075575,Mickleditch,1751389031.612,"Oliver! - Bart, DICKENS Charles - Works, Oliver Twist - All Media Types, Oliver Twist - Charles Dickens",1751389031.612,...,1751389031.612,...,1751389031.612,Cherrystones,1751389031.612,2025-07-01T16:57:11.612Z,1751389031.612,2013-12-09T00:00:00.000Z,1751389031.612,1|1|1,1751389031.612,"Sometimes Oliver wonders if it's happenstance that Jack manages to find him as often as he does, and then other times he thinks that it very probably isn't. [Sequel to this story, 'Penny Dreadful', now up].",1751389031.612,2393,1751389031.612,5,1751389031.612,0,1751389031.612,1751389031.612,2019-08-18T02:29:17.647Z,1751389031.612,false,1751389031.612
1092759,OracleGlass,1751389031.624,Gentleman Bastard Sequence - Scott Lynch,1751389031.624,...,1751389031.624,...,1751389031.624,Born to Milder Tasks,1751389031.624,2025-07-01T16:57:11.624Z,1751389031.624,2013-12-21T00:00:00.000Z,1751389031.624,1|1|1,1751389031.624,"Sabetha and Nazca having fun with girlish things, like buying shoes, and gossiping, and perhaps a little light plotting.The title is from Venetian poet Veronica Franco:I drew courage from the risk I'd avoided,though a woman, born to milder tasks;and, blade in hand, I learned warrior's skills,so that, by handling weapons, I learnedthat women by nature are no less agile than men....",1751389031.624,1919,1751389031.624,-1,1751389031.624,0,1751389031.624,1751389031.624,2018-12-30T05:19:04.488Z,1751389031.624,false,1751389031.624
1095104,Evandar,1751389031.634,Discworld - Terry Pratchett,1751389031.634,...,1751389031.634,...,1751389031.634,Home,1751389031.634,2025-07-01T16:57:11.635Z,1751389031.634,2013-12-22T00:00:00.000Z,1751389031.634,1|1|1,1751389031.634,...,1751389031.634,?,1751389031.634,1,1751389031.634,0,1751389031.634,1751389031.634,2017-12-04T13:47:25.000Z,1751389031.634,false,1751389031.634
1098091,Ghostie,1751389031.646,Gentleman Bastard Sequence - Scott Lynch,1751389031.646,...,1751389031.646,...,1751389031.646,The Poison-Thief,1751389031.646,2025-07-01T16:57:11.647Z,1751389031.646,2013-12-23T00:00:00.000Z,1751389031.646,1|1|1,1751389031.646,...,1751389031.646,?,1751389031.646,1,1751389031.646,0,1751389031.646,1751389031.646,2017-12-30T22:39:59.585Z,1751389031.646,false,1751389031.646
1117813,"NeverwinterThistle, Kess",1751389031.658,Dishonored (Video Game),1751389031.658,...,1751389031.658,...,1751389031.658,Sleepless,1751389031.658,2025-07-01T16:57:11.658Z,1751389031.658,2014-01-03T00:00:00.000Z,1751389031.658,1|1|1,1751389031.658,The nights pass slowly in his tiny attic room.,1751389031.658,3603,1751389031.658,5,1751389031.658,0,1751389031.658,1751389031.658,2019-06-12T07:09:46.645Z,1751389031.658,false,1751389031.658
1137786,Blackbird_singing,1751389031.67,Dishonored (Video Game),1751389031.67,...,1751389031.67,...,1751389031.67,"Fanart of The Sea and the Stars are Yours, My Dear, But the Moon Would Not Cooperate",1751389031.67,2025-07-01T16:57:11.670Z,1751389031.67,2014-01-15T00:00:00.000Z,1751389031.67,1|1|1,1751389031.67,Zan recc'd this fic to me and now I just want to draw ALL THE THINGS,1751389031.67,?,1751389031.67,1,1751389031.67,0,1751389031.67,1751389031.67,2019-07-07T20:37:38.799Z,1751389031.67,false,1751389031.67
1168371,orphan_account,1751389031.683,"Teen Wolf (TV), Discworld - Terry Pratchett, Frozen (2013), Brave (2012)",1751389031.683,...,1751389031.683,...,1751389031.683,Fanart: Porn Battle Doodles,1751389031.683,2025-07-01T16:57:11.683Z,1751389031.683,2014-02-16T00:00:00.000Z,1751389031.683,3|?|0,1751389031.683,...,1751389031.683,?,1751389031.683,-1,1751389031.683,0,1751389031.683,1751389031.683,2017-12-02T06:48:02.779Z,1751389031.683,false,1751389031.683
1171808,Raven (singlecrow),1751389031.695,Gentleman Bastard Sequence - Scott Lynch,1751389031.695,...,1751389031.695,...,1751389031.695,in a hopeless place,1751389031.695,2025-07-01T16:57:11.695Z,1751389031.695,2014-03-03T00:00:00.000Z,1751389031.695,1|1|1,1751389031.695,...,1751389031.695,?,1751389031.695,1,1751389031.695,0,1751389031.695,1751389031.695,2017-12-30T05:32:13.047Z,1751389031.695,false,1751389031.695
1175148,ilcuoreardendo,1751389031.714,Dishonored (Video Game),1751389031.714,...,1751389031.714,...,1751389031.714,Some Nights,1751389031.714,2025-07-01T16:57:11.714Z,1751389031.714,2014-02-09T00:00:00.000Z,1751389031.714,1|1|1,1751389031.714,"If anyone had a mind to ask him what the Outsider smelled like, he could say, without hesitation, nothing so much as a fresh ocean wind, with the sharp, faint traces of a storm.",1751389031.714,228,1751389031.714,-1,1751389031.714,0,1751389031.714,1751389031.714,2019-07-07T18:47:25.009Z,1751389031.714,false,1751389031.714
1180903,"Rethira, lieutenant_hatshepsut, the24thkey",1751389031.728,Dishonored (Video Game),1751389031.728,...,1751389031.728,...,1751389031.728,in a mundane universe,1751389031.728,2025-07-01T16:57:11.728Z,1751389031.728,2014-02-12T00:00:00.000Z,1751389031.728,1|1|1,1751389031.728,They never ask until he's disinclined to answer.,1751389031.728,1451,1751389031.728,3,1751389031.728,0,1751389031.728,1751389031.728,2019-06-27T22:11:00.648Z,1751389031.728,false,1751389031.728
1183541,PeacewithanS,1751389031.742,Dishonored (Video Game),1751389031.742,...,1751389031.742,...,1751389031.742,Death Before Dishonor,1751389031.742,2025-07-01T16:57:11.742Z,1751389031.742,2016-10-12T00:00:00.000Z,1751389031.742,4|?|0,1751389031.742,...,1751389031.742,?,1751389031.742,-1,1751389031.742,0,1751389031.742,1751389031.742,2017-11-12T01:21:51.314Z,1751389031.742,false,1751389031.742
1190733,AtmaphAsrchi,1751389031.753,Dishonored (Video Game),1751389031.753,...,1751389031.753,...,1751389031.753,addendum,1751389031.753,2025-07-01T16:57:11.753Z,1751389031.753,2014-02-16T00:00:00.000Z,1751389031.753,1|1|1,1751389031.753,"It’s after the fourth time you stab a sharp something into his chest, after the second you try strangling that long, pale neck, after the last time you try ignoring everything about him, that you realize he’s not going to bleed ichor for you.",1751389031.753,289,1751389031.753,-1,1751389031.753,0,1751389031.753,1751389031.753,2019-07-12T04:57:25.235Z,1751389031.753,false,1751389031.753
1204603,Rethira,1751389031.767,Dishonored (Video Game),1751389031.767,...,1751389031.767,...,1751389031.767,by blood,1751389031.767,2025-07-01T16:57:11.767Z,1751389031.767,2014-02-18T00:00:00.000Z,1751389031.767,1|1|1,1751389031.767,There is a rat.,1751389031.767,768,1751389031.767,-1,1751389031.767,0,1751389031.767,1751389031.767,2019-07-17T17:25:02.788Z,1751389031.767,false,1751389031.767
1223266,blodynbach,1751389031.779,Dishonored (Video Game),1751389031.779,...,1751389031.779,...,1751389031.779,Locust Tree,1751389031.779,2025-07-01T16:57:11.779Z,1751389031.779,2014-02-22T00:00:00.000Z,1751389031.779,1|1|1,1751389031.779,"“I am not dear to you,” Corvo says through gritted teeth. His lips part, voice all rocky from misuse. There’s no seduction; only seething anger. “Kiss me.”",1751389031.779,1031,1751389031.779,-1,1751389031.779,0,1751389031.779,1751389031.779,2019-06-27T03:20:34.084Z,1751389031.779,false,1751389031.779
1244929,surrealsunshine,1751389031.792,Dishonored (Video Game),1751389031.792,...,1751389031.792,...,1751389031.792,The Outsider Leaves His Mark,1751389031.792,2025-07-01T16:57:11.792Z,1751389031.792,2014-02-27T00:00:00.000Z,1751389031.792,1|1|1,1751389031.792,"The Outsider first came to Corvo in a dream, but not long after they would both be coming.",1751389031.792,963,1751389031.792,-1,1751389031.792,0,1751389031.792,1751389031.792,2019-07-08T02:51:11.272Z,1751389031.792,false,1751389031.792
1251427,CoreData,1751389031.804,JoJo no Kimyouna Bouken | JoJo's Bizarre Adventure,1751389031.804,...,1751389031.804,...,1751389031.804,Two guys eating pizza,1751389031.804,2025-07-01T16:57:11.804Z,1751389031.804,2014-03-01T00:00:00.000Z,1751389031.804,1|1|1,1751389031.804,...,1751389031.804,?,1751389031.804,-1,1751389031.804,0,1751389031.804,1751389031.804,2018-08-11T00:46:31.808Z,1751389031.804,false,1751389031.804
1286809,pasiphile,1751389031.815,"Discworld - Terry Pratchett, Monstrous Regiment - Terry Pratchett",1751389031.815,...,1751389031.815,...,1751389031.815,Procrastination,1751389031.815,2025-07-01T16:57:11.815Z,1751389031.815,2014-03-08T00:00:00.000Z,1751389031.815,1|1|1,1751389031.815,...,1751389031.815,?,1751389031.815,-1,1751389031.815,0,1751389031.815,1751389031.815,2017-12-02T06:38:22.024Z,1751389031.815,false,1751389031.815
1324534,blodynbach,1751389031.827,Dishonored (Video Game),1751389031.827,...,1751389031.827,...,1751389031.827,Rot,1751389031.827,2025-07-01T16:57:11.828Z,1751389031.827,2014-03-16T00:00:00.000Z,1751389031.827,2|2|1,1751389031.827,"Of course, he is human. The Outsider forgets."" A series of short interactions at the shrines of the Outsider, low chaos Corvo compared with high.",1751389031.827,3392,1751389031.827,-1,1751389031.827,0,1751389031.827,1751389031.827,2019-06-27T11:54:02.162Z,1751389031.827,false,1751389031.827
1339657,Samoacookie,1751389031.84,Dishonored (Video Game),1751389031.84,...,1751389031.84,...,1751389031.84,GHOSTLY TOUCHES,1751389031.84,2025-07-01T16:57:11.840Z,1751389031.84,2014-03-20T00:00:00.000Z,1751389031.84,1|1|1,1751389031.84,"Corvo is taking a well earned rest in the safety of his attic loft. Unbeknownst to him, he receives a spectral visitor.",1751389031.84,1240,1751389031.84,-1,1751389031.84,0,1751389031.84,1751389031.84,2019-07-08T09:49:25.350Z,1751389031.84,false,1751389031.84
1358014,jovialmaverick,1751389031.852,Dishonored (Video Game),1751389031.852,...,1751389031.852,...,1751389031.852,humiliating deviance,1751389031.852,2025-07-01T16:57:11.852Z,1751389031.852,2014-03-23T00:00:00.000Z,1751389031.852,1|?|0,1751389031.852,"the outsider teases corvo about having sexual urges
m/m is probably gonna happen if other chapters are requested",1751389031.852,353,1751389031.852,-1,1751389031.852,0,1751389031.852,1751389031.852,2019-07-12T04:53:44.075Z,1751389031.852,false,1751389031.852
1370137,MiniNephthys,1751389031.864,ジョジョの奇妙な冒険 | JoJo no Kimyou na Bouken | JoJo's Bizarre Adventure,1751389031.864,...,1751389031.864,...,1751389031.864,How to Use Your Stand Irresponsibly,1751389031.864,2025-07-01T16:57:11.865Z,1751389031.864,2014-05-29T00:00:00.000Z,1751389031.864,15|?|0,1751389031.864,...,1751389031.864,?,1751389031.864,-1,1751389031.864,0,1751389031.864,1751389031.864,2018-07-04T04:00:50.358Z,1751389031.864,false,1751389031.864
1409716,Gazizaty,1751389031.877,Dishonored (Video Game),1751389031.877,...,1751389031.877,...,1751389031.877,The Grim,1751389031.877,2025-07-01T16:57:11.877Z,1751389031.877,2014-04-03T00:00:00.000Z,1751389031.877,1|1|1,1751389031.877,"Corvo knew inside his heart, his time was up. But not before one last visit from an...old friend.",1751389031.877,697,1751389031.877,-1,1751389031.877,0,1751389031.877,1751389031.877,2019-07-07T20:41:27.492Z,1751389031.877,false,1751389031.877
1424665,"apfelstrudelz, Carmarthen",1751389031.889,"Les Misérables - All Media Types, Les Misérables - Victor Hugo",1751389031.889,...,1751389031.889,...,1751389031.889,unexpected ecounter,1751389031.889,2025-07-01T16:57:11.889Z,1751389031.889,2014-04-06T00:00:00.000Z,1751389031.889,1|1|1,1751389031.889,...,1751389031.889,?,1751389031.889,5,1751389031.889,0,1751389031.889,1751389031.889,2019-06-12T07:10:08.046Z,1751389031.889,false,1751389031.889
1551605,nocowardsoul,1751389031.906,Gentleman Bastard Sequence - Scott Lynch,1751389031.906,...,1751389031.906,...,1751389031.906,Second Impressions,1751389031.906,2025-07-01T16:57:11.906Z,1751389031.906,2014-05-03T00:00:00.000Z,1751389031.906,1|1|1,1751389031.906,Young Bastards are introduced to young Barsavis and Nazca gives her first orders.,1751389031.906,1381,1751389031.906,-1,1751389031.906,0,1751389031.906,1751389031.906,2018-12-30T05:15:23.194Z,1751389031.906,false,1751389031.906
1565066,swampdiamonds,1751389031.923,The Silmarillion and other histories of Middle-Earth - J. R. R. Tolkien,1751389031.923,...,1751389031.923,...,1751389031.923,Berrypicking Time,1751389031.923,2025-07-01T16:57:11.923Z,1751389031.923,2014-05-04T00:00:00.000Z,1751389031.923,1|1|1,1751389031.923,...,1751389031.923,?,1751389031.923,5,1751389031.923,0,1751389031.923,1751389031.923,2017-10-16T03:37:17.891Z,1751389031.923,false,1751389031.923
1626899,rosekay,1751389031.939,Gentleman Bastard Sequence - Scott Lynch,1751389031.939,...,1751389031.939,...,1751389031.939,Circumspect,1751389031.939,2025-07-01T16:57:11.939Z,1751389031.939,2007-12-24T00:00:00.000Z,1751389031.939,1|1|1,1751389031.939,...,1751389031.939,?,1751389031.939,1,1751389031.939,0,1751389031.939,1751389031.939,2017-12-30T05:52:34.877Z,1751389031.939,false,1751389031.939
1652000,antikytheras,1751389031.954,Dishonored (Video Game),1751389031.954,...,1751389031.954,...,1751389031.954,Unfortunate Circumstances,1751389031.954,2025-07-01T16:57:11.954Z,1751389031.954,2014-05-18T00:00:00.000Z,1751389031.954,1|1|1,1751389031.954,"There are two particular officers in the City Watch who keep getting placed in compromising positions after being knocked out by a phantom menace. In other words, you know how you always dump guards on top of each other and then kinda giggle to yourself? Think about the poor, poor guards sometime.",1751389031.954,2054,1751389031.954,5,1751389031.954,0,1751389031.954,1751389031.954,2019-07-17T21:35:51.376Z,1751389031.954,false,1751389031.954
1895772,ms_prue,1751389031.966,Gentleman Bastard Sequence - Scott Lynch,1751389031.966,...,1751389031.966,...,1751389031.966,The Assassin's Wedding,1751389031.966,2025-07-01T16:57:11.966Z,1751389031.966,2014-07-04T00:00:00.000Z,1751389031.966,1|?|0,1751389031.966,"Lucarno, Therim Pel's most famous playwright, author of such beloved classics as ""The Tragedy of the Ten Honest Turncoats"", ""The Empire of Seven Days"" and of course ""The Assassin's Wedding"".Anfisa, assassin for hire, has been caught in the act by her intended victim, a Prince of the realm. Her body and her life are now forfeit, but instead of throwing her in prison, the Prince has a more unusual idea of justice.Lucio, the Prince's friend and assassin on behalf of the throne, pines for true love but despairs of finding a wife who can reconcile herself to his bloody calling. At the Prince's command, Anfisa is delivered to Lucio to become his bride. But will the couple find happiness, or poisoned daggers in their backs?WHAT DO CRITICS HAVE TO SAY ABOUT THE GREAT LUCARNO?""*****"" -- Jean Tannen""Mawkish sentiment, obvious self-satisfaction and so many little puns about fucking."" -- Captain Jaffrim Rodanov""Your brains will go soft with all that mush."" -- Locke Lamora",1751389031.966,1239,1751389031.966,-1,1751389031.966,0,1751389031.966,1751389031.966,2018-12-30T05:15:16.002Z,1751389031.966,false,1751389031.966
1897893,carvedwhalebones (fuckyeahlucifersupernatural),1751389031.984,Dishonored (Video Game),1751389031.984,...,1751389031.984,...,1751389031.984,Tempting A God,1751389031.984,2025-07-01T16:57:11.984Z,1751389031.984,2014-07-04T00:00:00.000Z,1751389031.984,1|1|1,1751389031.984,But Corvo doesn’t want what power sits within the god. He doesn’t care for thrones nor the ability to scry. He just wants to push his fingers into the fabric of the entity’s being and taste the crackle of energy off the hollow of his throat.,1751389031.984,2468,1751389031.984,1,1751389031.984,0,1751389031.984,1751389031.984,2019-06-27T13:25:43.263Z,1751389031.984,false,1751389031.984
1899873,misanthrobot,1751389031.996,Dishonored (Video Game),1751389031.996,...,1751389031.996,...,1751389031.996,Lay You Down,1751389031.996,2025-07-01T16:57:11.996Z,1751389031.996,2014-07-05T00:00:00.000Z,1751389031.996,2|2|1,1751389031.996,...,1751389031.996,?,1751389031.996,-1,1751389031.996,0,1751389031.996,1751389031.996,2017-10-19T05:38:43.966Z,1751389031.996,false,1751389031.996
1944138,carvedwhalebones (fuckyeahlucifersupernatural),1751389032.01,Dishonored (Video Game),1751389032.01,...,1751389032.01,...,1751389032.01,A Heretic's Replacement,1751389032.01,2025-07-01T16:57:12.010Z,1751389032.01,2014-07-12T00:00:00.000Z,1751389032.01,1|1|1,1751389032.01,Daud is unsure if he admires the young assassin or find him to be a serious threat.,1751389032.01,1812,1751389032.01,-1,1751389032.01,0,1751389032.01,1751389032.01,2019-06-27T03:16:02.058Z,1751389032.01,false,1751389032.01
1959321,carvedwhalebones (fuckyeahlucifersupernatural),1751389032.025,Dishonored (Video Game),1751389032.025,...,1751389032.025,...,1751389032.025,Live Wire,1751389032.025,2025-07-01T16:57:12.025Z,1751389032.025,2014-07-15T00:00:00.000Z,1751389032.025,1|1|1,1751389032.025,"The Outsider discovers that while humanity has its shortcomings, it certainly has its perks to make up for it.",1751389032.025,1354,1751389032.025,1,1751389032.025,0,1751389032.025,1751389032.025,2019-06-27T03:26:59.741Z,1751389032.025,false,1751389032.025
1965591,ms_prue,1751389032.039,Gentleman Bastard Sequence - Scott Lynch,1751389032.039,...,1751389032.039,...,1751389032.039,Stolen Moments,1751389032.039,2025-07-01T16:57:12.039Z,1751389032.039,2014-07-16T00:00:00.000Z,1751389032.039,3|3|1,1751389032.039,"In which Sabetha takes what she wants, when she wants it, unless it happens to be taken from her first.",1751389032.039,3529,1751389032.039,-1,1751389032.039,0,1751389032.039,1751389032.039,2018-12-30T05:14:35.011Z,1751389032.039,false,1751389032.039
2008629,Rethira,1751389032.051,Discworld - Terry Pratchett,1751389032.051,...,1751389032.051,...,1751389032.051,A Solitary Duo,1751389032.051,2025-07-01T16:57:12.051Z,1751389032.051,2014-07-23T00:00:00.000Z,1751389032.051,1|1|1,1751389032.051,...,1751389032.051,?,1751389032.051,3,1751389032.051,0,1751389032.051,1751389032.051,2017-12-03T01:09:56.205Z,1751389032.051,false,1751389032.051
2044200,"ilcuoreardendo, Gianeya",1751389032.068,Dishonored (Video Game),1751389032.068,...,1751389032.068,...,1751389032.068,Deliverance,1751389032.068,2025-07-01T16:57:12.068Z,1751389032.068,2014-07-29T00:00:00.000Z,1751389032.068,1|1|1,1751389032.068,"It begins at dinner, with a hoarse cough that he dismisses as wine going down the wrong way. Only it happens again as he makes his evening patrol and once more as he retires for the evening. By morning, it’s become the dry, body wracking hack that he’d heard inside too many dank, desolate homes.",1751389032.068,1071,1751389032.068,1,1751389032.068,0,1751389032.068,1751389032.068,2019-06-27T03:30:59.756Z,1751389032.068,false,1751389032.068
2046993,carvedwhalebones (fuckyeahlucifersupernatural),1751389032.082,Dishonored (Video Game),1751389032.082,...,1751389032.082,...,1751389032.082,Incorruptible,1751389032.082,2025-07-01T16:57:12.082Z,1751389032.082,2014-07-30T00:00:00.000Z,1751389032.082,1|1|1,1751389032.082,Teague's not altogether sure how he ended up in bed with two heretics and a whale god.,1751389032.082,5126,1751389032.082,-1,1751389032.082,0,1751389032.082,1751389032.082,2019-06-27T03:20:39.700Z,1751389032.082,false,1751389032.082
2050011,Solanaceae,1751389032.1,The Silmarillion and other histories of Middle-Earth - J. R. R. Tolkien,1751389032.1,...,1751389032.1,...,1751389032.1,Shelter From The Storm,1751389032.1,2025-07-01T16:57:12.100Z,1751389032.1,2014-07-30T00:00:00.000Z,1751389032.1,1|1|1,1751389032.1,"When Morwen and Niënor flee Dor-lómin and end up in Nargothrond, a chain of events are set in motion that will change – and perhaps save – many lives. Finduilas, on the other hand, isn't sure that this Niënor girl is entertaining enough company to make up for how irritating she can be.Written for ParadifeLoft at the 2014 Ardor in August exchange.",1751389032.1,5931,1751389032.1,5,1751389032.1,0,1751389032.1,1751389032.1,2019-06-08T03:16:40.556Z,1751389032.1,false,1751389032.1
2076780,Asariboyfriend (skyjacklegion),1751389032.117,Dishonored (Video Game),1751389032.117,...,1751389032.117,...,1751389032.117,Fellowship of the Slightly Awkward Deeply Concerned Citizens Regarding An Ex God,1751389032.117,2025-07-01T16:57:12.117Z,1751389032.117,2014-08-04T00:00:00.000Z,1751389032.117,1|1|1,1751389032.117,"Fugue Feast work for Maliks-butt with the following prompts I was supposed to just choose one but I did them all? Sort of?1) Fed up and world weary Outsider spent past millennium plotting own destruction but in a less anticipated turn of events becomes human and finds himself living in Dunwall Tower where Corvo has to deal with his newly found range of emotions, unsociable + eccentric conduct and complete disregard for personal space. 2) Corvo+the Outsider smooching. kudos if one of them (or BOTH of them) is all hot and bothered. 3) Emily has to get used to that strange uncle with black eyes. 4) Corvo drowning",1751389032.117,4599,1751389032.117,3,1751389032.117,0,1751389032.117,1751389032.117,2019-06-28T11:10:05.707Z,1751389032.117,false,1751389032.117
2137158,originalworksof,1751389032.133,Dishonored (Video Game),1751389032.133,...,1751389032.133,...,1751389032.133,Whale Oil,1751389032.133,2025-07-01T16:57:12.133Z,1751389032.133,2014-08-14T00:00:00.000Z,1751389032.133,1|1|1,1751389032.133,they are burning the whales.,1751389032.133,332,1751389032.133,1,1751389032.133,0,1751389032.133,1751389032.133,2019-07-07T22:53:06.303Z,1751389032.133,false,1751389032.133
2177364,pasiphile,1751389032.147,Discworld - Terry Pratchett,1751389032.147,...,1751389032.147,...,1751389032.147,Peace Worth Keeping,1751389032.147,2025-07-01T16:57:12.147Z,1751389032.147,2014-08-21T00:00:00.000Z,1751389032.147,1|1|1,1751389032.147,...,1751389032.147,?,1751389032.147,-1,1751389032.147,0,1751389032.147,1751389032.147,2017-12-01T17:31:56.424Z,1751389032.147,false,1751389032.147
2221119,rubyofkukundu,1751389032.161,Original Work,1751389032.161,...,1751389032.161,...,1751389032.161,Attrition,1751389032.161,2025-07-01T16:57:12.161Z,1751389032.161,2014-08-29T00:00:00.000Z,1751389032.161,1|1|1,1751389032.161,Life in the trenches is not easy. Especially not when a new private arrives and starts making trouble.,1751389032.161,8614,1751389032.161,3,1751389032.161,0,1751389032.161,1751389032.161,2019-01-27T00:28:54.933Z,1751389032.161,false,1751389032.161
2250624,theivoryshadow,1751389032.176,Dishonored (Video Game),1751389032.176,...,1751389032.176,...,1751389032.176,the moon sets these sins on fire; this little hell is searing me to the bone,1751389032.176,2025-07-01T16:57:12.176Z,1751389032.176,2014-09-03T00:00:00.000Z,1751389032.176,1|1|1,1751389032.176,"He turns his hands over, staring at the callouses. He has long since washed Pietro's blood from them, scrubbing his hands until they were raw and cracked, but it makes no difference. To him, they are stained with red. He can't possibly wash it out. Slowly, he turns his hands back over again, resting them in his lap, stilling them as if they were dangerous. They are.",1751389032.176,3732,1751389032.176,1,1751389032.176,0,1751389032.176,1751389032.176,2019-07-19T03:00:52.687Z,1751389032.176,false,1751389032.176
2253573,outrightmight,1751389032.189,Dishonored (Video Game),1751389032.189,...,1751389032.189,...,1751389032.189,Love is a Distant Aroma at Best,1751389032.189,2025-07-01T16:57:12.189Z,1751389032.189,2014-09-04T00:00:00.000Z,1751389032.189,1|1|1,1751389032.189,"The Outsider is always bored, except when he’s not. He is also quite easily amused.",1751389032.189,701,1751389032.189,1,1751389032.189,0,1751389032.189,1751389032.189,2019-07-18T17:11:47.302Z,1751389032.189,false,1751389032.189
2273193,outrightmight,1751389032.205,Dishonored (Video Game),1751389032.205,...,1751389032.205,...,1751389032.205,The Heart and the Shape,1751389032.205,2025-07-01T16:57:12.205Z,1751389032.205,2014-09-08T00:00:00.000Z,1751389032.205,1|1|1,1751389032.205,"The first time the Outsider kisses him, Corvo wakes up.",1751389032.205,706,1751389032.205,1,1751389032.205,0,1751389032.205,1751389032.205,2019-07-19T03:08:50.968Z,1751389032.205,false,1751389032.205
2318156,tricksterity,1751389032.22,Dishonored (Video Game),1751389032.22,...,1751389032.22,...,1751389032.22,The Return,1751389032.22,2025-07-01T16:57:12.220Z,1751389032.22,2014-09-17T00:00:00.000Z,1751389032.22,1|1|1,1751389032.22,"The High Overseer’s door was open, and Corvo walked in without hesitation. Templeton turned around to him with what was more a smirk than a smile, and Corvo barely had any time to register what was happening before the floor was rushing up to meet him.",1751389032.22,1146,1751389032.22,1,1751389032.22,0,1751389032.22,1751389032.22,2019-06-27T11:57:15.015Z,1751389032.22,false,1751389032.22
2358674,Mickleditch,1751389032.239,"Oliver! - Bart, Oliver Twist - Charles Dickens, Oliver Twist - All Media Types, DICKENS Charles - Works",1751389032.239,...,1751389032.239,...,1751389032.239,Penny Dreadful,1751389032.239,2025-07-01T16:57:12.239Z,1751389032.239,2014-11-09T00:00:00.000Z,1751389032.239,13|13|1,1751389032.239,"[A sequel to the one-shot 'Cherrystones', which you should read first]. When a chance conversation alerts Oliver Brownlow to the fact that his old companion, Jack Dawkins, may be headed for trouble, he sets out to warn him, but instead becomes responsible for an escapade which will finally convince him where his deepest feelings lie. Contains m/m erotica.",1751389032.239,66151,1751389032.239,5,1751389032.239,0,1751389032.239,1751389032.239,2019-08-19T16:21:22.105Z,1751389032.239,false,1751389032.239
2379446,gammaray,1751389032.253,ジョジョの奇妙な冒険 | JoJo no Kimyou na Bouken | JoJo's Bizarre Adventure,1751389032.253,...,1751389032.253,...,1751389032.253,Artist's Block,1751389032.253,2025-07-01T16:57:12.253Z,1751389032.253,2015-04-21T00:00:00.000Z,1751389032.253,4|?|0,1751389032.253,...,1751389032.253,?,1751389032.253,-1,1751389032.253,0,1751389032.253,1751389032.253,2018-07-04T04:00:11.550Z,1751389032.253,false,1751389032.253
2402324,Beth Winter (BethWinter),1751389032.269,Discworld - Terry Pratchett,1751389032.269,...,1751389032.269,...,1751389032.269,Marching Order,1751389032.269,2025-07-01T16:57:12.269Z,1751389032.269,2008-06-04T00:00:00.000Z,1751389032.269,1|1|1,1751389032.269,"Polly's next war, and Maladicta.
For the LGBTfest prompt: Discworld: Polly Perks/Maladicta. Lofty was Tonker's girl, and Tonker acted like her young man; that made a certain kind of sense to Polly. With Polly and Maladicta, Polly's not sure who's supposed to be the girl and who's supposed to be the boy, or if there's another way for this to work.",1751389032.269,2929,1751389032.269,5,1751389032.269,0,1751389032.269,1751389032.269,2017-12-03T16:08:32.801Z,1751389032.269,false,1751389032.269
2483378,Marshmellowtoast,1751389032.284,Dishonored (Video Game),1751389032.284,...,1751389032.284,...,1751389032.284,Marquess,1751389032.284,2025-07-01T16:57:12.284Z,1751389032.284,2017-01-31T00:00:00.000Z,1751389032.284,7|7|1,1751389032.284,...,1751389032.284,?,1751389032.284,-1,1751389032.284,0,1751389032.284,1751389032.284,2017-10-19T02:16:32.245Z,1751389032.284,false,1751389032.284
2522327,actualimouto,1751389032.299,ジョジョの奇妙な冒険 | JoJo no Kimyou na Bouken | JoJo's Bizarre Adventure,1751389032.299,...,1751389032.299,...,1751389032.299,Queastionable Sketching,1751389032.299,2025-07-01T16:57:12.299Z,1751389032.299,2014-11-09T00:00:00.000Z,1751389032.299,1|1|1,1751389032.299,...,1751389032.299,?,1751389032.299,-1,1751389032.299,0,1751389032.299,1751389032.299,2018-06-17T09:19:53.919Z,1751389032.299,false,1751389032.299
2527457,GuiltyAdonis,1751389032.317,Dishonored (Video Game),1751389032.317,...,1751389032.317,...,1751389032.317,a thousand silhouettes (are dancing on my chest),1751389032.317,2025-07-01T16:57:12.317Z,1751389032.317,2014-10-28T00:00:00.000Z,1751389032.317,1|1|1,1751389032.317,"Corvo doesn't know who he is anymore, but maybe that's a good thing. Or, in which Corvo is desperate, and the Outsider has Plans.",1751389032.317,524,1751389032.317,-1,1751389032.317,0,1751389032.317,1751389032.317,2019-07-07T18:48:02.654Z,1751389032.317,false,1751389032.317
2749052,NeverEnoughCats,1751389032.334,Dishonored (Video Game),1751389032.334,...,1751389032.334,...,1751389032.334,Who We Want To Be,1751389032.334,2025-07-01T16:57:12.334Z,1751389032.334,2016-07-10T00:00:00.000Z,1751389032.334,11|14|0,1751389032.334,...,1751389032.334,?,1751389032.334,-1,1751389032.334,0,1751389032.334,1751389032.334,2017-10-31T12:13:28.347Z,1751389032.334,false,1751389032.334
2773415,Kivrin,1751389032.353,The Bletchley Circle,1751389032.353,...,1751389032.353,...,1751389032.353,Clerical Work,1751389032.353,2025-07-01T16:57:12.353Z,1751389032.353,2014-12-19T00:00:00.000Z,1751389032.353,1|1|1,1751389032.353,"They said, afterwards, that they’d done clerical work at Bletchley.  They said that they were friends.  Both were a little bit true.",1751389032.353,2835,1751389032.353,5,1751389032.353,0,1751389032.353,1751389032.353,2019-06-08T03:16:50.750Z,1751389032.353,false,1751389032.353
2780816,gamerfic,1751389032.367,Gentleman Bastard Sequence - Scott Lynch,1751389032.367,...,1751389032.367,...,1751389032.367,This Secret Alchemy,1751389032.367,2025-07-01T16:57:12.367Z,1751389032.367,2014-12-16T00:00:00.000Z,1751389032.367,1|1|1,1751389032.367,"Father Chains only wanted Locke, Jean, and Sabetha to steal one little thing from the alchemist. Of course, nothing can ever be that simple in Camorr, especially not for the adolescent Gentlemen Bastards. A tale of thievery, arson, confidence games, cunning disguises, murder most foul, standoffs at crossbow-point, and love triumphant at last.",1751389032.367,20529,1751389032.367,-1,1751389032.367,0,1751389032.367,1751389032.367,2018-12-28T20:55:16.584Z,1751389032.367,false,1751389032.367
2791736,icarus_chained,1751389032.382,Original Work,1751389032.382,...,1751389032.382,...,1751389032.382,The Statue,1751389032.382,2025-07-01T16:57:12.382Z,1751389032.382,2014-12-17T00:00:00.000Z,1751389032.382,1|1|1,1751389032.382,"In Regency England, a bereaved and extremely eligible bachelor dreams of escape from society's demands, and takes solace -and perhaps more than that- in the company of a stone monstrosity.",1751389032.382,3563,1751389032.382,3,1751389032.382,0,1751389032.382,1751389032.382,2019-01-22T05:18:58.161Z,1751389032.382,false,1751389032.382
2798096,jedishampoo,1751389032.4,Gentleman Bastard Sequence - Scott Lynch,1751389032.4,...,1751389032.4,...,1751389032.4,Found and Lost,1751389032.4,2025-07-01T16:57:12.400Z,1751389032.4,2014-12-19T00:00:00.000Z,1751389032.4,1|1|1,1751389032.4,...,1751389032.4,?,1751389032.4,-1,1751389032.4,0,1751389032.4,1751389032.4,2017-12-30T18:23:24.456Z,1751389032.4,false,1751389032.4
2803841,Evandar,1751389032.416,Monstrous Regiment - Terry Pratchett,1751389032.416,...,1751389032.416,...,1751389032.416,Faith,1751389032.416,2025-07-01T16:57:12.416Z,1751389032.416,2014-12-19T00:00:00.000Z,1751389032.416,1|1|1,1751389032.416,...,1751389032.416,?,1751389032.416,1,1751389032.416,0,1751389032.416,1751389032.416,2017-12-03T15:55:45.741Z,1751389032.416,false,1751389032.416
2808620,angharad_crewe,1751389032.433,Monstrous Regiment - Terry Pratchett,1751389032.433,...,1751389032.433,...,1751389032.433,always you,1751389032.433,2025-07-01T16:57:12.433Z,1751389032.433,2014-12-20T00:00:00.000Z,1751389032.433,1|1|1,1751389032.433,...,1751389032.433,?,1751389032.433,1,1751389032.433,0,1751389032.433,1751389032.433,2017-12-02T06:45:17.579Z,1751389032.433,false,1751389032.433
2808695,who_la_hoop,1751389032.448,"Discworld - Terry Pratchett, Monstrous Regiment - Terry Pratchett",1751389032.448,...,1751389032.448,...,1751389032.448,Kisses Don't Last (Except When They Do),1751389032.448,2025-07-01T16:57:12.448Z,1751389032.448,2014-12-20T00:00:00.000Z,1751389032.448,1|1|1,1751389032.448,...,1751389032.448,?,1751389032.448,3,1751389032.448,0,1751389032.448,1751389032.448,2017-12-02T17:46:12.156Z,1751389032.448,false,1751389032.448
2809196,"Beth Winter (BethWinter), Beth Winter (BethWinter)",1751389032.466,Discworld - Terry Pratchett,1751389032.466,...,1751389032.466,...,1751389032.466,Winter Quarters,1751389032.466,2025-07-01T16:57:12.466Z,1751389032.466,2014-12-20T00:00:00.000Z,1751389032.466,1|1|1,1751389032.466,"Mal invites Polly to stay for the winter. Polly knows there's more behind it, and more than the chance to get to know Mal closer, too.",1751389032.466,4984,1751389032.466,5,1751389032.466,0,1751389032.466,1751389032.466,2019-06-08T03:16:55.682Z,1751389032.466,false,1751389032.466
2810216,pasiphile,1751389032.482,Discworld - Terry Pratchett,1751389032.482,...,1751389032.482,...,1751389032.482,New Beginnings,1751389032.482,2025-07-01T16:57:12.482Z,1751389032.482,2014-12-20T00:00:00.000Z,1751389032.482,1|1|1,1751389032.482,...,1751389032.482,?,1751389032.482,3,1751389032.482,0,1751389032.482,1751389032.482,2017-12-02T17:45:44.350Z,1751389032.482,false,1751389032.482
2824718,misura,1751389032.497,Gentleman Bastard Sequence - Scott Lynch,1751389032.497,...,1751389032.497,...,1751389032.497,The Mechanisms of Cold and Heat,1751389032.497,2025-07-01T16:57:12.502Z,1751389032.497,2014-12-22T00:00:00.000Z,1751389032.497,1|1|1,1751389032.497,...,1751389032.497,?,1751389032.497,1,1751389032.497,0,1751389032.497,1751389032.497,2018-04-14T04:36:48.800Z,1751389032.497,false,1751389032.497
2825369,misura,1751389032.521,Gentleman Bastard Sequence - Scott Lynch,1751389032.521,...,1751389032.521,...,1751389032.521,Bigger Fish,1751389032.521,2025-07-01T16:57:12.521Z,1751389032.521,2014-12-22T00:00:00.000Z,1751389032.521,1|1|1,1751389032.521,"Some days, Locke kind of wishes for someone to come and beat up Jean. (Most days, he's smarter than that.)",1751389032.521,463,1751389032.521,-1,1751389032.521,0,1751389032.521,1751389032.521,2018-12-28T20:54:36.225Z,1751389032.521,false,1751389032.521
2825597,DonLambert,1751389032.546,"The Hobbit - All Media Types, The Hobbit - J. R. R. Tolkien, The Hobbit (Jackson Movies)",1751389032.546,...,1751389032.546,...,1751389032.546,Dragonslayer,1751389032.546,2025-07-01T16:57:12.546Z,1751389032.546,2014-12-22T00:00:00.000Z,1751389032.546,1|1|1,1751389032.546,The night before the battle Thranduil invites Bard back to his tent in Dale and the two kings share in each other’s company.,1751389032.546,5671,1751389032.546,3,1751389032.546,0,1751389032.546,1751389032.546,2019-08-20T11:53:05.619Z,1751389032.546,false,1751389032.546
2838104,Sath,1751389032.562,Les Misérables - Victor Hugo,1751389032.562,...,1751389032.562,...,1751389032.562,The Westphalian Affair,1751389032.562,2025-07-01T16:57:12.562Z,1751389032.562,2015-01-15T00:00:00.000Z,1751389032.562,4|4|1,1751389032.562,"After a Prussian Baroness steals Courfeyrac's dog, Courfeyrac and his loyal friend Marius undertake a long winter's journey to her Westphalian estate in order to retrieve their own pup. Along the way, they encounter inadequate lodgings, women in trousers, and moments of sexual tension. The Baroness, however, has her own plans for the two, involving marriage and perhaps even a murder in order to inherit her grandfather's estates - and her grandfather has his own grievance with the Courfeyracs...",1751389032.562,8533,1751389032.562,5,1751389032.562,0,1751389032.562,1751389032.562,2019-06-08T14:59:24.170Z,1751389032.562,false,1751389032.562
2845532,daisysusan,1751389032.579,Think of England - K. J. Charles,1751389032.579,...,1751389032.579,...,1751389032.579,Five and One Eighth Times* Archie Curtis Tried Something New,1751389032.579,2025-07-01T16:57:12.580Z,1751389032.579,2014-12-24T00:00:00.000Z,1751389032.579,1|1|1,1751389032.579,"*Six, if you ask Daniel. After some debate, ""Several Times Archie Curtis Tried Something New"" was agreed on. Post-book porn with feelings.",1751389032.579,5577,1751389032.579,5,1751389032.579,0,1751389032.579,1751389032.579,2019-03-01T03:33:50.741Z,1751389032.579,false,1751389032.579
2907791,LuckyDiceKirby,1751389032.605,"Les Misérables - All Media Types, Gentleman Bastard Sequence - Scott Lynch",1751389032.605,...,1751389032.605,...,1751389032.605,Theft By Consent,1751389032.605,2025-07-01T16:57:12.605Z,1751389032.605,2014-12-29T00:00:00.000Z,1751389032.605,1|1|1,1751389032.605,"The political system here is a sham,"" Enjolras began, and R put the other hand over his face as well, because Enjolras was beautiful, and idealistic, and very, very stupid, and they were probably both going to die because of it."" Gentleman Bastards AU.(Or: the one where Enjolras thinks fucking with the Bondsmagi is a good idea.)",1751389032.605,6604,1751389032.605,1,1751389032.605,0,1751389032.605,1751389032.605,2019-07-21T17:49:14.754Z,1751389032.605,false,1751389032.605
2954159,pasiphile,1751389032.638,"Discworld - Terry Pratchett, Monstrous Regiment - Terry Pratchett",1751389032.638,...,1751389032.638,...,1751389032.638,On Icy Wings,1751389032.638,2025-07-01T16:57:12.638Z,1751389032.638,2014-12-29T00:00:00.000Z,1751389032.638,1|1|1,1751389032.638,...,1751389032.638,?,1751389032.638,1,1751389032.638,0,1751389032.638,1751389032.638,2017-12-02T19:05:13.468Z,1751389032.638,false,1751389032.638
3118394,LittleLynn,1751389032.669,"The Hobbit (Jackson Movies), The Hobbit - All Media Types",1751389032.669,...,1751389032.669,...,1751389032.669,Coming Home,1751389032.669,2025-07-01T16:57:12.669Z,1751389032.669,2015-01-05T00:00:00.000Z,1751389032.669,1|1|1,1751389032.669,"It had been fairly obvious, at least to Bard and the other elves (luckily the other men hadn’t realised) that Thranduil had been delaying his departure as much as possible. In theory, Bard was the only one who knew exactly why Thranduil was still there, and it was not so the king could ‘continue negotiations and help the people of Laketown rebuild Dale’. Bard knew it had far more to do with the ‘official business’ he had to carry out with the 'king' of Dale; almost every night.",1751389032.669,4678,1751389032.669,-1,1751389032.669,0,1751389032.669,1751389032.669,2019-08-23T11:20:35.515Z,1751389032.669,false,1751389032.669
3122303,wolfhalls,1751389032.696,The Hobbit - All Media Types,1751389032.696,...,1751389032.696,...,1751389032.696,through the night and the starry splendour.,1751389032.696,2025-07-01T16:57:12.696Z,1751389032.696,2015-01-06T00:00:00.000Z,1751389032.696,1|1|1,1751389032.696,"“Bard,” and Bard tries not to think about how his name sounds carried by Thranduil's voice, slow and deep. “Tell me that we are friends.”“I am your friend, Thranduil,” and that sounds stranger still, an old name like that on Bard's rough lips. “You'll find none truer. I have little appetite for drinking, or feuding, which is where we differ – but I admire you. Truly.",1751389032.696,5691,1751389032.696,5,1751389032.696,0,1751389032.696,1751389032.696,2019-08-20T16:28:00.509Z,1751389032.696,false,1751389032.696
3131804,InsatiableSquire,1751389032.725,Dishonored (Video Game),1751389032.725,...,1751389032.725,...,1751389032.725,The Void,1751389032.725,2025-07-01T16:57:12.725Z,1751389032.725,2015-01-06T00:00:00.000Z,1751389032.725,1|1|1,1751389032.725,"A 12 sentence story variation of the beginning, this was just a assignment for class so I did it and decided to post it here. It's only minor Outsider/Corvo, and Past Corvo/Jessamine. The torture isn't graphic just brief description since I needed it to be 12 sentences.",1751389032.725,539,1751389032.725,-1,1751389032.725,0,1751389032.725,1751389032.725,2019-07-12T04:59:16.595Z,1751389032.725,false,1751389032.725
3132929,"eleanor_lavish, Rhea314 (Rhea)",1751389032.749,Think of England - K. J. Charles,1751389032.749,...,1751389032.749,...,1751389032.749,The Lions' Den,1751389032.749,2025-07-01T16:57:12.749Z,1751389032.749,2015-01-07T00:00:00.000Z,1751389032.749,1|1|1,1751389032.749,"With Archie and Daniel working closely on a number of hush-hush cases for the government, Sir Henry apparently feels the need to vet Daniel as a partner (no doubt based on some not-so-savory tidbits about him shared by Sir Maurice). So when Archie had been summoned for a weekend with his uncle, recently returned from South Africa with his good friend Captain Good, Daniel’s name was conspicuously included on the invitation.",1751389032.749,9976,1751389032.749,5,1751389032.749,0,1751389032.749,1751389032.749,2019-03-02T00:36:42.373Z,1751389032.749,false,1751389032.749
3172320,oscarwilderobbieross,1751389032.766,The Hobbit - All Media Types,1751389032.766,...,1751389032.766,...,1751389032.766,Starless Night,1751389032.766,2025-07-01T16:57:12.766Z,1751389032.766,2015-01-31T00:00:00.000Z,1751389032.766,10|10|1,1751389032.766,"Thranduil is the lead singer of the world famous band Mirkwood, but once their lead guitarist walks out to start his own project,  they need another member. Nobody could have prepared him for Bard, and nobody could have prepared Bard for Thranduil. Amidst cheering fans and sweat, they find each other in late nights and hotel rooms.",1751389032.766,6301,1751389032.766,-1,1751389032.766,0,1751389032.766,1751389032.766,2019-08-23T11:34:15.572Z,1751389032.766,false,1751389032.766
3174044,AllThatWeSeeOrSeem,1751389032.789,"The Hobbit - All Media Types, The Hobbit (Jackson Movies)",1751389032.789,...,1751389032.789,...,1751389032.789,The Dream,1751389032.789,2025-07-01T16:57:12.789Z,1751389032.789,2015-01-22T00:00:00.000Z,1751389032.789,6|6|1,1751389032.789,"The three of them are in one big bed, and he knows by it's impossibility that it is a dream, but he wouldn't want to be woken now for anything in all the world. Set post BOTFA.",1751389032.789,5080,1751389032.789,-1,1751389032.789,0,1751389032.789,1751389032.789,2019-08-23T11:29:09.896Z,1751389032.789,false,1751389032.789
3177055,acaramelmacchiato,1751389032.815,The Hobbit - All Media Types,1751389032.815,...,1751389032.815,...,1751389032.815,The latest dream I ever dreamed on the cold hill’s side,1751389032.815,2025-07-01T16:57:12.815Z,1751389032.815,2015-01-15T00:00:00.000Z,1751389032.815,1|1|1,1751389032.815,"from hob kink meme. prompt is: ""I like the idea of Thranduil courting Bard, like a lot. But I imagine being old as dirt, the sass king's idea of flirting has been out of style for centuries.",1751389032.815,2925,1751389032.815,5,1751389032.815,0,1751389032.815,1751389032.815,2019-02-08T12:32:01.964Z,1751389032.815,false,1751389032.815
3179360,captaineifersucht,1751389032.832,The Hobbit - All Media Types,1751389032.832,...,1751389032.832,...,1751389032.832,Everything At Once,1751389032.832,2025-07-01T16:57:12.832Z,1751389032.832,2015-01-15T00:00:00.000Z,1751389032.832,1|1|1,1751389032.832,"In Bard’s house, atop his bed, in the room separated only by a thin wall from a similar one where two girls slept.",1751389032.832,650,1751389032.832,-1,1751389032.832,0,1751389032.832,1751389032.832,2019-08-23T11:23:14.663Z,1751389032.832,false,1751389032.832
3181988,wolfhalls,1751389032.85,The Hobbit - All Media Types,1751389032.85,...,1751389032.85,...,1751389032.85,the murky mass of your marvellous hair has twined my heart in its maze.,1751389032.85,2025-07-01T16:57:12.850Z,1751389032.85,2015-01-23T00:00:00.000Z,1751389032.85,2|2|1,1751389032.85,"He writes to Thranduil once, tries to convey how grateful he is – but Bard has never been one for soft verses or poetry, cannot coax that warm feeling in his chest to turn into words on the paper. His penmanship is clumsy at best, he's not had the luxury of being taught to write in perfect, sloping lines. So the letter is ill written and ink-blotched, and Bard wonders if Thranduil would laugh to look at it.A reply doesn't come. The ice covering Dale thaws – and Bard stops waiting.
            
            the title of this chapter is taken from here comes the night time ii by arcade fire. go listen to it.",1751389032.85,12876,1751389032.85,1,1751389032.85,0,1751389032.85,1751389032.85,2019-08-21T04:11:14.862Z,1751389032.85,false,1751389032.85
3183869,LittleLynn,1751389032.867,"The Hobbit (Jackson Movies), The Hobbit - All Media Types",1751389032.867,...,1751389032.867,...,1751389032.867,Alone Under the Starlight,1751389032.867,2025-07-01T16:57:12.867Z,1751389032.867,2015-01-17T00:00:00.000Z,1751389032.867,1|1|1,1751389032.867,"“Fine.” Bard sighed, getting ready to outline his rules, but before he could a drowsy voice spoke.“Courting a king’s daughter without permission, terrible. He can’t have you, he’s not good enough.” Thranduil protested.“You’ve not even met him.” “Doesn’t matter, he’s still not good enough. Couldn’t possibly be.” Sigrid beamed at the Elvenking’s affection, Bard knew he held her with as much love as if she were his own. He did for all Bard’s children. But watching the way Sigrid smiled at his kind words made his heart squeeze.“No unchaperoned dates. No outings after eight. No sneaking out. And absolutely no husband for at least five years.” Bard reeled off.“Twenty.” Thranduil grumbled against Bard’s chest, making them both grin.",1751389032.867,2863,1751389032.867,-1,1751389032.867,0,1751389032.867,1751389032.867,2019-08-23T11:20:15.692Z,1751389032.867,false,1751389032.867
3194909,SP00K,1751389032.884,Dishonored (Video Game),1751389032.884,...,1751389032.884,...,1751389032.884,Linked,1751389032.884,2025-07-01T16:57:12.884Z,1751389032.884,2015-01-19T00:00:00.000Z,1751389032.884,1|1|1,1751389032.884,...,1751389032.884,?,1751389032.884,-1,1751389032.884,0,1751389032.884,1751389032.884,2017-10-19T05:40:17.408Z,1751389032.884,false,1751389032.884
3213263,DonLambert,1751389032.909,"The Hobbit - All Media Types, The Hobbit (Jackson Movies), The Hobbit - J. R. R. Tolkien",1751389032.909,...,1751389032.909,...,1751389032.909,Kingly,1751389032.909,2025-07-01T16:57:12.909Z,1751389032.909,2015-01-22T00:00:00.000Z,1751389032.909,3|3|1,1751389032.909,...,1751389032.909,9513,1751389032.909,3,1751389032.909,0,1751389032.909,1751389032.909,2019-08-21T11:27:34.593Z,1751389032.909,false,1751389032.909
3220484,vesna (mrsronweasley),1751389032.931,Think of England - K. J. Charles,1751389032.931,...,1751389032.931,...,1751389032.931,in my arms till break of day,1751389032.931,2025-07-01T16:57:12.931Z,1751389032.931,2015-01-23T00:00:00.000Z,1751389032.931,1|1|1,1751389032.931,"Months into having a partner rather more inclined towards violence as solution than himself, and it still rattled Daniel's brain and other, less conscious parts. Parts such as slithering fear, ready at any moment to transform into withering cowardice, and – other ones. There were many parts within him that reacted to violence nowadays.Or, Daniel develops a bit of a fetish.",1751389032.931,7223,1751389032.931,3,1751389032.931,0,1751389032.931,1751389032.931,2025-05-03T12:44:14.595Z,1751389032.931,false,1751389032.931
3236810,orphan_account,1751389032.963,"The Hobbit - All Media Types, The Hobbit (Jackson Movies), The Hobbit - J. R. R. Tolkien",1751389032.963,...,1751389032.963,...,1751389032.963,The King and the Bowman,1751389032.963,2025-07-01T16:57:12.963Z,1751389032.963,2015-01-26T00:00:00.000Z,1751389032.963,1|1|1,1751389032.963,"Bard thinks he has to visit Thranduil's tent to discuss the next day's battle strategy, but everything does not wuite happen the way he expected.",1751389032.963,1533,1751389032.963,-1,1751389032.963,0,1751389032.963,1751389032.963,2019-08-23T11:26:55.307Z,1751389032.963,false,1751389032.963
3275807,SathInflection,1751389032.994,The Hobbit (Jackson Movies),1751389032.994,...,1751389032.994,...,1751389032.994,Taking Licenses,1751389032.994,2025-07-01T16:57:12.994Z,1751389032.994,2015-02-02T00:00:00.000Z,1751389032.994,1|1|1,1751389032.994,Bard is told that the only way he can renew his barge license is by having sex with Thranduil.,1751389032.994,814,1751389032.994,5,1751389032.994,0,1751389032.994,1751389032.994,2019-06-10T22:01:21.184Z,1751389032.994,false,1751389032.994
3277007,Mariuelle,1751389033.028,Gentleman Bastard Sequence - Scott Lynch,1751389033.028,...,1751389033.028,...,1751389033.028,Облачное море,1751389033.028,2025-07-01T16:57:13.028Z,1751389033.028,2015-02-02T00:00:00.000Z,1751389033.028,2|?|0,1751389033.028,...,1751389033.028,?,1751389033.028,-1,1751389033.028,0,1751389033.028,1751389033.028,2018-01-12T04:25:25.227Z,1751389033.028,false,1751389033.028
3280445,oxymoronic,1751389033.049,"The Hobbit - All Media Types, The Hobbit (Jackson Movies)",1751389033.049,...,1751389033.049,...,1751389033.049,Had We But World Enough and Time,1751389033.049,2025-07-01T16:57:13.049Z,1751389033.049,2015-02-03T00:00:00.000Z,1751389033.049,1|1|1,1751389033.049,"Many years have passed since they last met, and yet Bard still cannot help but look towards the great forests above the lake, wonder whether the Wood King will one day call upon him again; but it is not until Legolas' return that he realises Thranduil's long silence may have a more sinister cause.",1751389033.049,13537,1751389033.049,5,1751389033.049,0,1751389033.049,1751389033.049,2019-08-27T01:34:46.264Z,1751389033.049,false,1751389033.049
3304583,yeaka,1751389033.067,"The Hobbit - All Media Types, TOLKIEN J. R. R. - Works & Related Fandoms",1751389033.067,...,1751389033.067,...,1751389033.067,Tie,1751389033.067,2025-07-01T16:57:13.067Z,1751389033.067,2015-02-07T00:00:00.000Z,1751389033.067,1|1|1,1751389033.067,Bard offers himself to the Elf King in exchange for aid.,1751389033.067,6935,1751389033.067,3,1751389033.067,0,1751389033.067,1751389033.067,2019-08-23T11:17:11.410Z,1751389033.067,false,1751389033.067
3317030,"Sixthlight, Sixthlight, KD reads (KDHeart)",1751389033.085,Rivers of London - Ben Aaronovitch,1751389033.085,...,1751389033.085,...,1751389033.085,A Terrible Idea,1751389033.085,2025-07-01T16:57:13.085Z,1751389033.085,2015-02-09T00:00:00.000Z,1751389033.085,1|1|1,1751389033.085,"The trouble with having spectacular and possibly very slightly kinky sex with your boss because he’s caught you ogling him after work-related sports practice is that however well it goes, there’s no easy way to suggest a repeat.",1751389033.085,2733,1751389033.085,5,1751389033.085,0,1751389033.085,1751389033.085,2019-06-10T08:46:29.504Z,1751389033.085,false,1751389033.085
3318284,Sath,1751389033.104,The Hobbit (Jackson Movies),1751389033.104,...,1751389033.104,...,1751389033.104,The Maimed King,1751389033.104,2025-07-01T16:57:13.104Z,1751389033.104,2015-12-31T00:00:00.000Z,1751389033.104,11|11|1,1751389033.104,"So, this chapter is essentially 2,000 words of sex. If that's what you've been hankering for, great! If not, you can skip this chapter without missing anything important.",1751389033.104,25812,1751389033.104,5,1751389033.104,0,1751389033.104,1751389033.104,2019-08-22T21:52:44.155Z,1751389033.104,false,1751389033.104
3321914,destiencestiel (orphan_account),1751389033.125,"The Hobbit - All Media Types, The Hobbit - J. R. R. Tolkien, The Hobbit (Jackson Movies)",1751389033.125,...,1751389033.125,...,1751389033.125,And in my lady's chamber,1751389033.125,2025-07-01T16:57:13.125Z,1751389033.125,2015-02-09T00:00:00.000Z,1751389033.125,5|5|1,1751389033.125,"Bard has to stay the nigt after a meeting in the Woodland Realm. She gets offered the spare bed in Queen Tharandiel's room, Tharandiel decides to show her feelings to Bard and Bard is delighted.",1751389033.125,2828,1751389033.125,-1,1751389033.125,0,1751389033.125,1751389033.125,2019-08-23T11:32:20.267Z,1751389033.125,false,1751389033.125
3345836,DreamersEclipse,1751389033.145,Dishonored (Video Game),1751389033.145,...,1751389033.145,...,1751389033.145,If I Had an Eternity With You Time Would Mean Nothing,1751389033.145,2025-07-01T16:57:13.145Z,1751389033.145,2015-02-13T00:00:00.000Z,1751389033.145,1|1|1,1751389033.145,...,1751389033.145,?,1751389033.145,-1,1751389033.145,0,1751389033.145,1751389033.145,2017-11-12T03:31:10.536Z,1751389033.145,false,1751389033.145
3351371,blodynbach,1751389033.173,Dishonored (Video Game),1751389033.173,...,1751389033.173,...,1751389033.173,Milk Buds,1751389033.173,2025-07-01T16:57:13.173Z,1751389033.173,2015-08-21T00:00:00.000Z,1751389033.173,2|3|0,1751389033.173,...,1751389033.173,?,1751389033.173,-1,1751389033.173,0,1751389033.173,1751389033.173,2017-11-03T18:29:32.566Z,1751389033.173,false,1751389033.173
3352286,antikytheras,1751389033.194,Dishonored (Video Game),1751389033.194,...,1751389033.194,...,1751389033.194,"Close your eyes, go to sleep",1751389033.194,2025-07-01T16:57:13.194Z,1751389033.194,2015-02-14T00:00:00.000Z,1751389033.194,1|1|1,1751389033.194,...,1751389033.194,?,1751389033.194,-1,1751389033.194,0,1751389033.194,1751389033.194,2017-10-19T05:40:11.938Z,1751389033.194,false,1751389033.194
3364277,timelessplatinum,1751389033.214,ジョジョの奇妙な冒険 | JoJo no Kimyou na Bouken | JoJo's Bizarre Adventure,1751389033.214,...,1751389033.214,...,1751389033.214,An Artist and His Pet Pompadour,1751389033.214,2025-07-01T16:57:13.214Z,1751389033.214,2015-03-27T00:00:00.000Z,1751389033.214,16|30|0,1751389033.214,...,1751389033.214,?,1751389033.214,-1,1751389033.214,0,1751389033.214,1751389033.214,2018-07-04T04:00:24.090Z,1751389033.214,false,1751389033.214
3387668,Thepurebloodprincess,1751389033.236,"The Hobbit - All Media Types, The Hobbit - J. R. R. Tolkien, The Hobbit (Jackson Movies)",1751389033.236,...,1751389033.236,...,1751389033.236,A trip on Thranduil's elk,1751389033.236,2025-07-01T16:57:13.236Z,1751389033.236,2015-02-18T00:00:00.000Z,1751389033.236,3|3|1,1751389033.236,"Bard follows Thranduil inside his tent after stating his desires, and Thranduil is willing to fulfill them.",1751389033.236,4626,1751389033.236,1,1751389033.236,0,1751389033.236,1751389033.236,2019-08-20T12:13:04.467Z,1751389033.236,false,1751389033.236
3418730,nchardak,1751389033.269,Gentleman Bastard Sequence - Scott Lynch,1751389033.269,...,1751389033.269,...,1751389033.269,Truth in Lies,1751389033.269,2025-07-01T16:57:13.269Z,1751389033.269,2015-02-23T00:00:00.000Z,1751389033.269,1|?|0,1751389033.269,...,1751389033.269,?,1751389033.269,5,1751389033.269,0,1751389033.269,1751389033.269,2018-08-19T17:13:20.394Z,1751389033.269,false,1751389033.269
3449468,rossignol_hatshepsut,1751389033.296,Dishonored (Video Game),1751389033.296,...,1751389033.296,...,1751389033.296,In a mundane universe,1751389033.296,2025-07-01T16:57:13.296Z,1751389033.296,2015-02-28T00:00:00.000Z,1751389033.296,1|1|1,1751389033.296,...,1751389033.296,?,1751389033.296,-1,1751389033.296,0,1751389033.296,1751389033.296,2017-10-19T05:40:02.694Z,1751389033.296,false,1751389033.296
3450356,snarkymonkey,1751389033.315,The Hobbit - All Media Types,1751389033.315,...,1751389033.315,...,1751389033.315,Temptation of Memory,1751389033.315,2025-07-01T16:57:13.315Z,1751389033.315,2015-02-28T00:00:00.000Z,1751389033.315,1|1|1,1751389033.315,It has been nearly three years since Bard and Thranduil had met in the forest of Mirkwood.  Bard figured he was alone with his longing.  Shame it took so long to realize the truth.,1751389033.315,8288,1751389033.315,3,1751389033.315,0,1751389033.315,1751389033.315,2019-08-26T11:46:37.848Z,1751389033.315,false,1751389033.315
3452153,EKmisao,1751389033.336,Gentleman Bastard Sequence - Scott Lynch,1751389033.336,...,1751389033.336,...,1751389033.336,birthday llama,1751389033.336,2025-07-01T16:57:13.336Z,1751389033.336,2015-02-28T00:00:00.000Z,1751389033.336,1|1|1,1751389033.336,What it says.,1751389033.336,606,1751389033.336,-1,1751389033.336,0,1751389033.336,1751389033.336,2018-12-28T20:54:10.237Z,1751389033.336,false,1751389033.336
3507305,"Rethira, Lalli, Kess",1751389033.359,Dishonored (Video Game),1751389033.359,...,1751389033.359,...,1751389033.359,carved in bone and tooth and eyes and flesh,1751389033.359,2025-07-01T16:57:13.359Z,1751389033.359,2015-03-08T00:00:00.000Z,1751389033.359,1|1|1,1751389033.359,...,1751389033.359,?,1751389033.359,-1,1751389033.359,0,1751389033.359,1751389033.359,2017-11-12T03:34:08.004Z,1751389033.359,false,1751389033.359
3514103,orphan_account,1751389033.377,Dishonored (Video Game),1751389033.377,...,1751389033.377,...,1751389033.377,the undone and the divine,1751389033.377,2025-07-01T16:57:13.377Z,1751389033.377,2015-03-09T00:00:00.000Z,1751389033.377,1|1|1,1751389033.377,...,1751389033.377,?,1751389033.377,1,1751389033.377,0,1751389033.377,1751389033.377,2017-10-19T05:39:52.634Z,1751389033.377,false,1751389033.377
3541922,ocean_of_ink,1751389033.397,Discworld - Terry Pratchett,1751389033.397,...,1751389033.397,...,1751389033.397,Too Many Lies (and There's No Truth to Go Back To),1751389033.397,2025-07-01T16:57:13.397Z,1751389033.397,2015-03-14T00:00:00.000Z,1751389033.397,1|1|1,1751389033.397,...,1751389033.397,?,1751389033.397,3,1751389033.397,0,1751389033.397,1751389033.397,2017-12-03T16:13:44.860Z,1751389033.397,false,1751389033.397
3556724,WaywardLeviathan,1751389033.416,Dishonored (Video Game),1751389033.416,...,1751389033.416,...,1751389033.416,"Leviathan of the Void, Spirit of the Deep",1751389033.416,2025-07-01T16:57:13.416Z,1751389033.416,2015-03-16T00:00:00.000Z,1751389033.416,1|1|1,1751389033.416,...,1751389033.416,?,1751389033.416,-1,1751389033.416,0,1751389033.416,1751389033.416,2017-11-12T02:01:34.115Z,1751389033.416,false,1751389033.416
3562649,sphinxxx,1751389033.44,Dishonored (Video Game),1751389033.44,...,1751389033.44,...,1751389033.44,the darkness it rises,1751389033.44,2025-07-01T16:57:13.440Z,1751389033.44,2015-03-17T00:00:00.000Z,1751389033.44,1|1|1,1751389033.44,...,1751389033.44,?,1751389033.44,-1,1751389033.44,0,1751389033.44,1751389033.44,2017-11-12T02:01:13.307Z,1751389033.44,false,1751389033.44
3566093,orphan_account,1751389033.462,Oliver Twist - All Media Types,1751389033.462,...,1751389033.462,...,1751389033.462,You're Worse Than Nicotine,1751389033.462,2025-07-01T16:57:13.462Z,1751389033.462,2015-03-18T00:00:00.000Z,1751389033.462,1|1|1,1751389033.462,"A tiny Midwestern town happens to be home to two boys in love. Set in modern times, badboy/preacher's son AU.",1751389033.462,1504,1751389033.462,-1,1751389033.462,0,1751389033.462,1751389033.462,2019-08-18T02:59:32.578Z,1751389033.462,false,1751389033.462
3570947,badletter,1751389033.486,Dishonored (Video Game),1751389033.486,...,1751389033.486,...,1751389033.486,love,1751389033.486,2025-07-01T16:57:13.486Z,1751389033.486,2015-03-18T00:00:00.000Z,1751389033.486,1|1|1,1751389033.486,...,1751389033.486,?,1751389033.486,-1,1751389033.486,0,1751389033.486,1751389033.486,2017-11-12T02:01:08.259Z,1751389033.486,false,1751389033.486
3651744,silmarlfan1,1751389033.512,"The Silmarillion and other histories of Middle-Earth - J. R. R. Tolkien, Supernatural, Kingdom of Heaven (2005), Marvel Cinematic Universe",1751389033.512,...,1751389033.512,...,1751389033.512,Child of Elves and Men,1751389033.512,2025-07-01T16:57:13.512Z,1751389033.512,2018-12-01T00:00:00.000Z,1751389033.512,4|?|0,1751389033.512,"During the height of the first Age or Arda, love was found between an Elf and a Man, not once but twice. This is the story of the love of Finrod Felagund and Barahir, and the life of the child born from it. Or: Dean Winchester finds out he's adopted and has a very royal family bloodline indeed. Season 5 based Because I think the ruined the show after that season.",1751389033.512,25403,1751389033.512,-1,1751389033.512,0,1751389033.512,1751389033.512,2019-07-31T11:06:46.000Z,1751389033.512,false,1751389033.512
3699155,yeaka,1751389033.538,"The Hobbit - All Media Types, TOLKIEN J. R. R. - Works & Related Fandoms",1751389033.538,...,1751389033.538,...,1751389033.538,Match,1751389033.538,2025-07-01T16:57:13.538Z,1751389033.538,2015-04-07T00:00:00.000Z,1751389033.538,1|1|1,1751389033.538,Queen Thranduil enjoys her new gift.,1751389033.538,2752,1751389033.538,-1,1751389033.538,0,1751389033.538,1751389033.538,2019-08-23T11:35:11.183Z,1751389033.538,false,1751389033.538
3702717,Ias,1751389033.558,The Hobbit - All Media Types,1751389033.558,...,1751389033.558,...,1751389033.558,as the rains come,1751389033.558,2025-07-01T16:57:13.558Z,1751389033.558,2015-04-07T00:00:00.000Z,1751389033.558,1|1|1,1751389033.558,...,1751389033.558,?,1751389033.558,5,1751389033.558,0,1751389033.558,1751389033.558,2017-10-16T03:36:26.060Z,1751389033.558,false,1751389033.558
3715546,amyfortuna,1751389033.576,The Silmarillion and other histories of Middle-Earth - J. R. R. Tolkien,1751389033.576,...,1751389033.576,...,1751389033.576,Face The Wind Alone,1751389033.576,2025-07-01T16:57:13.576Z,1751389033.576,2015-04-10T00:00:00.000Z,1751389033.576,1|1|1,1751389033.576,"Finrod, Reborn, goes to visit Amarie, but isn't expecting the reaction he receives.",1751389033.576,3788,1751389033.576,5,1751389033.576,0,1751389033.576,1751389033.576,2019-07-29T11:45:30.548Z,1751389033.576,false,1751389033.576
3724402,MacBeka,1751389033.596,The Hobbit - All Media Types,1751389033.596,...,1751389033.596,...,1751389033.596,Are Flowers an Appropriate Apology for the Guard Captain?,1751389033.596,2025-07-01T16:57:13.596Z,1751389033.596,2015-04-11T00:00:00.000Z,1751389033.596,1|1|1,1751389033.596,"Bard feels really bad for Tauriel. Not only had she been putting up with Thranduil's apparently shitty attitude all week, but now she had to suffer through a week with his children because of this. Were flowers an appropriate apology gift for the Captain of the Mirkwood Guard?",1751389033.596,5278,1751389033.596,-1,1751389033.596,0,1751389033.596,1751389033.596,2019-08-23T11:32:51.140Z,1751389033.596,false,1751389033.596
3748333,yeaka,1751389033.615,"The Hobbit - All Media Types, TOLKIEN J. R. R. - Works & Related Fandoms",1751389033.615,...,1751389033.615,...,1751389033.615,Calla,1751389033.615,2025-07-01T16:57:13.615Z,1751389033.615,2015-04-14T00:00:00.000Z,1751389033.615,1|1|1,1751389033.615,Thranduil very much enjoys Bard’s new condition and the wants it gives him.,1751389033.615,2242,1751389033.615,-1,1751389033.615,0,1751389033.615,1751389033.615,2019-08-23T11:32:57.090Z,1751389033.615,false,1751389033.615
3761915,HASA_Archivist,1751389033.635,The Lord of the Rings - J. R. R. Tolkien,1751389033.635,...,1751389033.635,...,1751389033.635,If Women Had Ruled Middle Earth,1751389033.635,2025-07-01T16:57:13.635Z,1751389033.635,2002-06-21T00:00:00.000Z,1751389033.635,1|1|1,1751389033.635,...,1751389033.635,?,1751389033.635,5,1751389033.635,0,1751389033.635,1751389033.635,2017-10-16T03:37:11.514Z,1751389033.635,false,1751389033.635
3767188,"Ias, Morrey_Liu",1751389033.656,The Hobbit - All Media Types,1751389033.656,...,1751389033.656,...,1751389033.656,bury my heart on the coals,1751389033.656,2025-07-01T16:57:13.656Z,1751389033.656,2015-04-18T00:00:00.000Z,1751389033.656,5|5|1,1751389033.656,"Bard picked up his family and moved to a strange house in the country to escape his own personal ghosts; little did he expect to find his new home was already haunted, this time quite literally. Living alongside a spirit turns out to be easier said than done, but as time goes on and he and Thranduil grow closer, Bard begins to wonder what it means to care for someone who is already dead.",1751389033.656,21087,1751389033.656,5,1751389033.656,0,1751389033.656,1751389033.656,2019-01-16T03:31:51.261Z,1751389033.656,false,1751389033.656
3809833,Ptolemia,1751389033.678,Discworld - Terry Pratchett,1751389033.678,...,1751389033.678,...,1751389033.678,A Plan,1751389033.678,2025-07-01T16:57:13.678Z,1751389033.678,2015-04-24T00:00:00.000Z,1751389033.678,1|1|1,1751389033.678,...,1751389033.678,?,1751389033.678,-1,1751389033.678,0,1751389033.678,1751389033.678,2017-12-04T13:39:57.987Z,1751389033.678,false,1751389033.678
3824428,alikuu,1751389033.698,"The Hobbit - All Media Types, The Lord of the Rings - All Media Types",1751389033.698,...,1751389033.698,...,1751389033.698,A Blessing in Disguise,1751389033.698,2025-07-01T16:57:13.698Z,1751389033.698,2015-04-26T00:00:00.000Z,1751389033.698,5|5|1,1751389033.698,...,1751389033.698,24689,1751389033.698,1,1751389033.698,0,1751389033.698,1751389033.698,2019-08-25T23:01:59.504Z,1751389033.698,false,1751389033.698
3825739,Sath,1751389033.719,The Silmarillion and other histories of Middle-Earth - J. R. R. Tolkien,1751389033.719,...,1751389033.719,...,1751389033.719,Suspension of Disbelief,1751389033.719,2025-07-01T16:57:13.719Z,1751389033.719,2015-04-26T00:00:00.000Z,1751389033.719,1|1|1,1751389033.719,...,1751389033.719,?,1751389033.719,5,1751389033.719,0,1751389033.719,1751389033.719,2017-10-16T03:37:54.403Z,1751389033.719,false,1751389033.719
3841087,nevermindgrantaire,1751389033.74,Monstrous Regiment - Terry Pratchett,1751389033.74,...,1751389033.74,...,1751389033.74,Cool Kids,1751389033.74,2025-07-01T16:57:13.740Z,1751389033.74,2015-04-29T00:00:00.000Z,1751389033.74,1|1|1,1751389033.74,...,1751389033.74,?,1751389033.74,0,1751389033.74,0,1751389033.74,1751389033.74,2017-12-04T14:14:55.284Z,1751389033.74,false,1751389033.74
3854110,"jukeboxhound, Kess",1751389033.768,Dishonored (Video Game),1751389033.768,...,1751389033.768,...,1751389033.768,the world has teeth,1751389033.768,2025-07-01T16:57:13.768Z,1751389033.768,2015-05-01T00:00:00.000Z,1751389033.768,4|4|1,1751389033.768,...,1751389033.768,?,1751389033.768,1,1751389033.768,0,1751389033.768,1751389033.768,2017-11-13T15:03:46.211Z,1751389033.768,false,1751389033.768
3877660,Doxi,1751389033.796,Dishonored (Video Game),1751389033.796,...,1751389033.796,...,1751389033.796,Front Row Seat,1751389033.796,2025-07-01T16:57:13.796Z,1751389033.796,2015-05-04T00:00:00.000Z,1751389033.796,1|1|1,1751389033.796,...,1751389033.796,?,1751389033.796,1,1751389033.796,0,1751389033.796,1751389033.796,2017-11-13T15:07:51.045Z,1751389033.796,false,1751389033.796
3960151,weesaw,1751389033.826,Gentleman Bastard Sequence - Scott Lynch,1751389033.826,...,1751389033.826,...,1751389033.826,things you didn't say at all,1751389033.826,2025-07-01T16:57:13.827Z,1751389033.826,2015-05-17T00:00:00.000Z,1751389033.826,1|1|1,1751389033.826,"sabetha leaving, for the things you said meme.",1751389033.826,397,1751389033.826,-1,1751389033.826,0,1751389033.826,1751389033.826,2018-12-28T20:54:04.964Z,1751389033.826,false,1751389033.826
4049329,LittleLynn,1751389033.855,"The Hobbit - All Media Types, The Hobbit (Jackson Movies)",1751389033.855,...,1751389033.855,...,1751389033.855,"Oh, There You Are",1751389033.855,2025-07-01T16:57:13.855Z,1751389033.855,2015-05-31T00:00:00.000Z,1751389033.855,9|9|1,1751389033.855,"When Thranduil tells a teeny lie to Dain, Bard ends up rolling his eyes (as per) and agreeing to help his friend (as per), how hard could it be to pretend to be romantically involved with the Elvenking? Bard was pretty sure that it would actually be rather amusing. What could possibly go wrong?",1751389033.855,30395,1751389033.855,-1,1751389033.855,0,1751389033.855,1751389033.855,2019-08-22T21:54:03.426Z,1751389033.855,false,1751389033.855
4073527,snarechan,1751389033.88,Dishonored (Video Game),1751389033.88,...,1751389033.88,...,1751389033.88,Titles,1751389033.88,2025-07-01T16:57:13.880Z,1751389033.88,2015-06-04T00:00:00.000Z,1751389033.88,1|1|1,1751389033.88,...,1751389033.88,?,1751389033.88,-1,1751389033.88,0,1751389033.88,1751389033.88,2017-11-12T02:00:40.576Z,1751389033.88,false,1751389033.88
4137456,yeaka,1751389033.899,"The Hobbit - All Media Types, TOLKIEN J. R. R. - Works & Related Fandoms, The Hobbit (Jackson Movies)",1751389033.899,...,1751389033.899,...,1751389033.899,Akhal-Teke,1751389033.899,2025-07-01T16:57:13.899Z,1751389033.899,2015-06-15T00:00:00.000Z,1751389033.899,1|1|1,1751389033.899,Thranduil watches a cockroach take his stallion.,1751389033.899,1585,1751389033.899,-1,1751389033.899,0,1751389033.899,1751389033.899,2019-08-23T11:32:30.546Z,1751389033.899,false,1751389033.899
4153281,yukiina,1751389033.92,ジョジョの奇妙な冒険 | JoJo no Kimyou na Bouken | JoJo's Bizarre Adventure,1751389033.92,...,1751389033.92,...,1751389033.92,Limit,1751389033.92,2025-07-01T16:57:13.920Z,1751389033.92,2015-06-17T00:00:00.000Z,1751389033.92,1|1|1,1751389033.92,...,1751389033.92,?,1751389033.92,-1,1751389033.92,0,1751389033.92,1751389033.92,2018-07-04T03:57:04.537Z,1751389033.92,false,1751389033.92
4155879,badletter,1751389033.946,Dishonored (Video Game),1751389033.946,...,1751389033.946,...,1751389033.946,strange,1751389033.946,2025-07-01T16:57:13.946Z,1751389033.946,2015-06-17T00:00:00.000Z,1751389033.946,1|1|1,1751389033.946,...,1751389033.946,?,1751389033.946,-1,1751389033.946,0,1751389033.946,1751389033.946,2017-11-12T02:00:36.363Z,1751389033.946,false,1751389033.946
4169403,Alex51324,1751389033.975,The Man From U.N.C.L.E. (TV),1751389033.975,...,1751389033.975,...,1751389033.975,Waging World Peace,1751389033.975,2025-07-01T16:57:13.975Z,1751389033.975,2015-07-24T00:00:00.000Z,1751389033.975,3|3|1,1751389033.975,...,1751389033.975,?,1751389033.975,5,1751389033.975,0,1751389033.975,1751389033.975,2017-10-16T03:37:08.296Z,1751389033.975,false,1751389033.975
4179435,invective,1751389034.003,ジョジョの奇妙な冒険 | JoJo no Kimyou na Bouken | JoJo's Bizarre Adventure,1751389034.003,...,1751389034.003,...,1751389034.003,opacity,1751389034.003,2025-07-01T16:57:14.004Z,1751389034.003,2015-06-21T00:00:00.000Z,1751389034.003,1|25|0,1751389034.003,...,1751389034.003,?,1751389034.003,-1,1751389034.003,0,1751389034.003,1751389034.003,2018-07-04T04:00:05.976Z,1751389034.003,false,1751389034.003
4193079,yukiina,1751389034.029,ジョジョの奇妙な冒険 | JoJo no Kimyou na Bouken | JoJo's Bizarre Adventure,1751389034.029,...,1751389034.029,...,1751389034.029,Brutal Diamonds,1751389034.029,2025-07-01T16:57:14.029Z,1751389034.029,2015-06-23T00:00:00.000Z,1751389034.029,1|1|1,1751389034.029,...,1751389034.029,?,1751389034.029,-1,1751389034.029,0,1751389034.029,1751389034.029,2018-07-09T05:47:01.063Z,1751389034.029,false,1751389034.029
4197117,TwistaLolita,1751389034.058,Dishonored (Video Game),1751389034.058,...,1751389034.058,...,1751389034.058,Kiss Everyone Squad,1751389034.058,2025-07-01T16:57:14.058Z,1751389034.058,2016-07-07T00:00:00.000Z,1751389034.058,8|?|0,1751389034.058,"As the title says, small fics of Corvo and Daud kissing as many people as I could possibly manage to the best of my abilities. Written for Low Chaos Week 2015 on tumblr!",1751389034.058,5382,1751389034.058,-1,1751389034.058,0,1751389034.058,1751389034.058,2019-07-06T16:58:11.318Z,1751389034.058,false,1751389034.058
4217232,ooglywoogly,1751389034.079,ジョジョの奇妙な冒険 | JoJo no Kimyou na Bouken | JoJo's Bizarre Adventure,1751389034.079,...,1751389034.079,...,1751389034.079,Double the Fun,1751389034.079,2025-07-01T16:57:14.079Z,1751389034.079,2015-06-27T00:00:00.000Z,1751389034.079,1|1|1,1751389034.079,...,1751389034.079,?,1751389034.079,-1,1751389034.079,0,1751389034.079,1751389034.079,2018-07-01T14:37:31.205Z,1751389034.079,false,1751389034.079
4222914,fruitdesel,1751389034.101,The Silmarillion and other histories of Middle-Earth - J. R. R. Tolkien,1751389034.101,...,1751389034.101,...,1751389034.101,Eyes Kindled in the Dark,1751389034.101,2025-07-01T16:57:14.101Z,1751389034.101,2015-06-28T00:00:00.000Z,1751389034.101,1|1|1,1751389034.101,"In Tol-in-Gaurhoth, Sauron tries to force information from Finrod by using his history with the House of Bëor against him.",1751389034.101,2634,1751389034.101,5,1751389034.101,0,1751389034.101,1751389034.101,2019-07-29T22:20:51.567Z,1751389034.101,false,1751389034.101
4256538,Sath,1751389034.123,The Silmarillion and other histories of Middle-Earth - J. R. R. Tolkien,1751389034.123,...,1751389034.123,...,1751389034.123,The Dragon-helm of Discord,1751389034.123,2025-07-01T16:57:14.123Z,1751389034.123,2015-07-02T00:00:00.000Z,1751389034.123,1|1|1,1751389034.123,...,1751389034.123,?,1751389034.123,5,1751389034.123,0,1751389034.123,1751389034.123,2017-10-21T14:40:44.699Z,1751389034.123,false,1751389034.123
4274094,whovianhiddlestoner,1751389034.144,Dishonored (Video Game),1751389034.144,...,1751389034.144,...,1751389034.144,A tired night,1751389034.144,2025-07-01T16:57:14.144Z,1751389034.144,2015-07-05T00:00:00.000Z,1751389034.144,1|1|1,1751389034.144,...,1751389034.144,?,1751389034.144,-1,1751389034.144,0,1751389034.144,1751389034.144,2017-11-12T02:00:22.759Z,1751389034.144,false,1751389034.144
4290324,talionprinciple (Triskai),1751389034.166,Dishonored (Video Game),1751389034.166,...,1751389034.166,...,1751389034.166,though the stars walk backward,1751389034.166,2025-07-01T16:57:14.166Z,1751389034.166,2015-07-07T00:00:00.000Z,1751389034.166,1|1|1,1751389034.166,...,1751389034.166,?,1751389034.166,-1,1751389034.166,0,1751389034.166,1751389034.166,2017-11-12T02:00:14.044Z,1751389034.166,false,1751389034.166
4291602,Serenityreview,1751389034.188,Dishonored (Video Game),1751389034.188,...,1751389034.188,...,1751389034.188,Open Wound,1751389034.188,2025-07-01T16:57:14.188Z,1751389034.188,2015-07-07T00:00:00.000Z,1751389034.188,3|3|1,1751389034.188,...,1751389034.188,?,1751389034.188,-1,1751389034.188,0,1751389034.188,1751389034.188,2017-11-13T16:20:17.533Z,1751389034.188,false,1751389034.188
4298724,"Sath, pumpkinpodfic (thegreatpumpkin)",1751389034.212,The Silmarillion and other histories of Middle-Earth - J. R. R. Tolkien,1751389034.212,...,1751389034.212,...,1751389034.212,The Wolf Sheds His Coat,1751389034.212,2025-07-01T16:57:14.212Z,1751389034.212,2015-07-11T00:00:00.000Z,1751389034.212,1|1|1,1751389034.212,A predictable skirmish with Orcs ends with Beleg and Túrin spending a fraught night trapped in a ravine.,1751389034.212,6043,1751389034.212,5,1751389034.212,0,1751389034.212,1751389034.212,2019-06-08T03:17:34.465Z,1751389034.212,false,1751389034.212
4306632,July,1751389034.237,Dishonored (Video Game),1751389034.237,...,1751389034.237,...,1751389034.237,Sewer-Dwelling Gutter Witch,1751389034.237,2025-07-01T16:57:14.237Z,1751389034.237,2015-07-09T00:00:00.000Z,1751389034.237,1|1|1,1751389034.237,...,1751389034.237,?,1751389034.237,1,1751389034.237,0,1751389034.237,1751389034.237,2017-11-13T15:22:37.383Z,1751389034.237,false,1751389034.237
4328199,Francium,1751389034.271,Dishonored (Video Game),1751389034.271,...,1751389034.271,...,1751389034.271,Breathe,1751389034.271,2025-07-01T16:57:14.271Z,1751389034.271,2015-10-08T00:00:00.000Z,1751389034.271,9|?|0,1751389034.271,...,1751389034.271,?,1751389034.271,-1,1751389034.271,0,1751389034.271,1751389034.271,2017-11-03T04:47:47.803Z,1751389034.271,false,1751389034.271
4343411,theswearingkind,1751389034.299,Think of England - K. J. Charles,1751389034.299,...,1751389034.299,...,1751389034.299,Care and Maintenance,1751389034.299,2025-07-01T16:57:14.299Z,1751389034.299,2015-07-14T00:00:00.000Z,1751389034.299,1|1|1,1751389034.299,We can't all proceed directly from Ganymede to Apollo.,1751389034.299,194,1751389034.299,-1,1751389034.299,0,1751389034.299,1751389034.299,2019-02-26T12:36:10.982Z,1751389034.299,false,1751389034.299
4357082,Cinaed,1751389034.321,The Silmarillion and other histories of Middle-Earth - J. R. R. Tolkien,1751389034.321,...,1751389034.321,...,1751389034.321,Through Those Old Grounds of Memory,1751389034.321,2025-07-01T16:57:14.321Z,1751389034.321,2015-08-20T00:00:00.000Z,1751389034.321,1|1|1,1751389034.321,"When Brandir suggests celebrating the anniversary of Níniel's first year in Brethil, there are unexpected consequences.",1751389034.321,2809,1751389034.321,5,1751389034.321,0,1751389034.321,1751389034.321,2019-07-22T04:11:53.300Z,1751389034.321,false,1751389034.321
4360427,Fuggy,1751389034.348,ジョジョの奇妙な冒険 | JoJo no Kimyou na Bouken | JoJo's Bizarre Adventure,1751389034.348,...,1751389034.348,...,1751389034.348,CompletelyFucked,1751389034.348,2025-07-01T16:57:14.348Z,1751389034.348,2015-07-18T00:00:00.000Z,1751389034.348,1|?|0,1751389034.348,...,1751389034.348,?,1751389034.348,-1,1751389034.348,0,1751389034.348,1751389034.348,2018-07-04T03:58:17.333Z,1751389034.348,false,1751389034.348
4394339,Sath,1751389034.384,The Silmarillion and other histories of Middle-Earth - J. R. R. Tolkien,1751389034.384,...,1751389034.384,...,1751389034.384,A Good Man's Hard to Find,1751389034.384,2025-07-01T16:57:14.384Z,1751389034.384,2015-07-21T00:00:00.000Z,1751389034.384,1|1|1,1751389034.384,"After Bëor died of old age, Finrod tried to put more distance between himself and the Secondborn. When he allows Barahir to swear fealty to him against his better judgment, Barahir's eagerness to serve pushes past Finrod's defenses.",1751389034.384,1770,1751389034.384,5,1751389034.384,0,1751389034.384,1751389034.384,2019-07-31T11:15:57.535Z,1751389034.384,false,1751389034.384
4402406,stelladora,1751389034.433,Dishonored (Video Game),1751389034.433,...,1751389034.433,...,1751389034.433,Familiar Faces,1751389034.433,2025-07-01T16:57:14.434Z,1751389034.433,2015-08-14T00:00:00.000Z,1751389034.433,7|7|1,1751389034.433,...,1751389034.433,?,1751389034.433,1,1751389034.433,0,1751389034.433,1751389034.433,2017-11-25T04:29:17.063Z,1751389034.433,false,1751389034.433
4423481,orphan_account,1751389034.47,Dishonored (Video Game),1751389034.47,...,1751389034.47,...,1751389034.47,be my unholy,1751389034.47,2025-07-01T16:57:14.470Z,1751389034.47,2015-07-25T00:00:00.000Z,1751389034.47,1|1|1,1751389034.47,"For the Dishonored kinkmeme. Prompt: ""After an encounter with the Outsider, Corvo gets himself off. First the Outsider watches, then he joins Corvo.""~His face burns; his breath comes short. It’s fucked up that just listening to the Outsider speak does this to him, but he’s given up on denying it. These days, it’s simpler to just deal with it, which is why he's taken to carrying around sex toys.",1751389034.47,1980,1751389034.47,5,1751389034.47,0,1751389034.47,1751389034.47,2019-05-27T01:43:02.527Z,1751389034.47,false,1751389034.47
4423829,yeaka,1751389034.527,"The Hobbit - All Media Types, The Hobbit (Jackson Movies), TOLKIEN J. R. R. - Works & Related Fandoms",1751389034.527,...,1751389034.527,...,1751389034.527,Deling,1751389034.527,2025-07-01T16:57:14.527Z,1751389034.527,2015-07-25T00:00:00.000Z,1751389034.527,1|1|1,1751389034.527,Thranduil shares his lover with his son.,1751389034.527,1347,1751389034.527,-1,1751389034.527,0,1751389034.527,1751389034.527,2019-08-23T11:27:47.453Z,1751389034.527,false,1751389034.527
4503654,havisham,1751389034.566,The Silmarillion and other histories of Middle-Earth - J. R. R. Tolkien,1751389034.566,...,1751389034.566,...,1751389034.566,Finellach,1751389034.566,2025-07-01T16:57:14.566Z,1751389034.566,2015-08-30T00:00:00.000Z,1751389034.566,3|3|1,1751389034.566,...,1751389034.566,8259,1751389034.566,5,1751389034.566,0,1751389034.566,1751389034.566,2019-11-28T12:52:45.133Z,1751389034.566,false,1751389034.566
4555107,carvedwhalebones (fuckyeahlucifersupernatural),1751389034.59,Dishonored (Video Game),1751389034.59,...,1751389034.59,...,1751389034.59,Offerings At The Shrine,1751389034.59,2025-07-01T16:57:14.590Z,1751389034.59,2015-08-12T00:00:00.000Z,1751389034.59,1|1|1,1751389034.59,...,1751389034.59,?,1751389034.59,-1,1751389034.59,0,1751389034.59,1751389034.59,2017-11-03T18:32:13.081Z,1751389034.59,false,1751389034.59
4577760,castielanie,1751389034.613,Dishonored (Video Game),1751389034.613,...,1751389034.613,...,1751389034.613,The Story of Dunwall,1751389034.613,2025-07-01T16:57:14.613Z,1751389034.613,2015-08-15T00:00:00.000Z,1751389034.613,1|10|0,1751389034.613,...,1751389034.613,?,1751389034.613,-1,1751389034.613,0,1751389034.613,1751389034.613,2017-11-12T01:58:34.728Z,1751389034.613,false,1751389034.613
4581330,Sath,1751389034.635,The Silmarillion and other histories of Middle-Earth - J. R. R. Tolkien,1751389034.635,...,1751389034.635,...,1751389034.635,Rare Flora,1751389034.635,2025-07-01T16:57:14.635Z,1751389034.635,2015-08-22T00:00:00.000Z,1751389034.635,1|1|1,1751389034.635,"While lost in Doriath, Fingon makes an exciting botanical discovery, and comes closer to Húrin than ever before.",1751389034.635,4103,1751389034.635,5,1751389034.635,0,1751389034.635,1751389034.635,2017-10-21T14:30:01.554Z,1751389034.635,false,1751389034.635
4606281,cliscia,1751389034.659,ジョジョの奇妙な冒険 | JoJo no Kimyou na Bouken | JoJo's Bizarre Adventure,1751389034.659,...,1751389034.659,...,1751389034.659,Habituating Hate,1751389034.659,2025-07-01T16:57:14.659Z,1751389034.659,2015-08-19T00:00:00.000Z,1751389034.659,1|1|1,1751389034.659,...,1751389034.659,?,1751389034.659,-1,1751389034.659,0,1751389034.659,1751389034.659,2018-08-03T04:09:55.997Z,1751389034.659,false,1751389034.659
4614597,serenityabrin,1751389034.683,"The Silmarillion and other histories of Middle-Earth - J. R. R. Tolkien, TOLKIEN J. R. R. - Works",1751389034.683,...,1751389034.683,...,1751389034.683,Athrabeth Rodyn,1751389034.683,2025-07-01T16:57:14.683Z,1751389034.683,2015-10-04T00:00:00.000Z,1751389034.683,8|8|1,1751389034.683,"In the Third Age, Finrod is sent to Middle-earth to convince Maglor to return to Valinor. While there, he and Aegnor find two humans that look remarkably like Barahir and Andreth, the two humans the brothers fell in love with in the First Age. But surely that's impossible. Humans cannot be reborn like elves. Right?",1751389034.683,115779,1751389034.683,5,1751389034.683,0,1751389034.683,1751389034.683,2019-07-28T14:39:13.527Z,1751389034.683,false,1751389034.683
4629831,yeoldecatteladie,1751389034.706,Think of England - K. J. Charles,1751389034.706,...,1751389034.706,...,1751389034.706,Sing Me a Love Song,1751389034.706,2025-07-01T16:57:14.706Z,1751389034.706,2015-08-22T00:00:00.000Z,1751389034.706,1|1|1,1751389034.706,Curtis wondered if Lieutenant Fisher had ever wanted more.  He had.,1751389034.706,1107,1751389034.706,3,1751389034.706,0,1751389034.706,1751389034.706,2019-02-26T17:31:03.338Z,1751389034.706,false,1751389034.706
4635942,ZombieLolipop,1751389034.74,ジョジョの奇妙な冒険 | JoJo no Kimyou na Bouken | JoJo's Bizarre Adventure,1751389034.74,...,1751389034.74,...,1751389034.74,Your Hair Is Shit,1751389034.74,2025-07-01T16:57:14.740Z,1751389034.74,2015-08-22T00:00:00.000Z,1751389034.74,1|1|1,1751389034.74,"Josuke was a careful lover, which annoyed Rohan to no end.",1751389034.74,794,1751389034.74,3,1751389034.74,0,1751389034.74,1751389034.74,2018-06-17T09:35:56.370Z,1751389034.74,false,1751389034.74
4643133,summoner_yuna_of_besaid,1751389034.781,Dishonored (Video Game),1751389034.781,...,1751389034.781,...,1751389034.781,rewards of the faithful,1751389034.781,2025-07-01T16:57:14.781Z,1751389034.781,2017-08-07T00:00:00.000Z,1751389034.781,7|?|0,1751389034.781,...,1751389034.781,?,1751389034.781,-1,1751389034.781,0,1751389034.781,1751389034.781,2017-10-19T02:19:48.513Z,1751389034.781,false,1751389034.781
4671911,ZombieLolipop,1751389034.836,ジョジョの奇妙な冒険 | JoJo no Kimyou na Bouken | JoJo's Bizarre Adventure,1751389034.836,...,1751389034.836,...,1751389034.836,The Sublime,1751389034.836,2025-07-01T16:57:14.836Z,1751389034.836,2015-08-27T00:00:00.000Z,1751389034.836,1|2|0,1751389034.836,...,1751389034.836,?,1751389034.836,-1,1751389034.836,0,1751389034.836,1751389034.836,2018-07-09T11:11:12.492Z,1751389034.836,false,1751389034.836
4674914,oxymoronic,1751389034.897,The Man From U.N.C.L.E. (2015),1751389034.897,...,1751389034.897,...,1751389034.897,loyalty unyielding,1751389034.897,2025-07-01T16:57:14.897Z,1751389034.897,2015-08-28T00:00:00.000Z,1751389034.897,1|1|1,1751389034.897,"The disk lies on the sheet between them, innocuous and pastel blue.
“If we do this,” Napoleon says, “they will hunt us.”",1751389034.897,2530,1751389034.897,3,1751389034.897,0,1751389034.897,1751389034.897,2019-08-27T01:37:50.941Z,1751389034.897,false,1751389034.897
4691048,macabre_monkey,1751389034.971,"Valdemar Series - Mercedes Lackey, The Last Herald Mage",1751389034.971,...,1751389034.971,...,1751389034.971,21 Days Prompt Fic,1751389034.971,2025-07-01T16:57:14.971Z,1751389034.971,2015-08-30T00:00:00.000Z,1751389034.971,3|3|1,1751389034.971,"Written for the prompt, Vanyel has all the mage-power in the world. Instead of a dramatic duel, why not use that power to drop an avalanche on Leareth? Or some other indirect attack? Fix-it AU or explanation why Vanyel didn't think of a non-suicidal alternative in fic format.",1751389034.971,7120,1751389034.971,5,1751389034.971,0,1751389034.971,1751389034.971,2017-10-16T03:36:30.741Z,1751389034.971,false,1751389034.971
4698728,SP00K,1751389035.018,Dishonored (Video Game),1751389035.018,...,1751389035.018,...,1751389035.018,Jealousy,1751389035.018,2025-07-01T16:57:15.018Z,1751389035.018,2015-08-31T00:00:00.000Z,1751389035.018,1|1|1,1751389035.018,"“Is this what you want, my dearest?  A carnal act of lust and need.  A truth you can sink your teeth into?”",1751389035.018,6281,1751389035.018,3,1751389035.018,0,1751389035.018,1751389035.018,2017-11-03T13:23:21.175Z,1751389035.018,false,1751389035.018
4716233,plutonianshores,1751389035.081,Original Work,1751389035.081,...,1751389035.081,...,1751389035.081,Passion and Propriety,1751389035.081,2025-07-01T16:57:15.081Z,1751389035.081,2015-09-03T00:00:00.000Z,1751389035.081,1|1|1,1751389035.081,"In which Margaret Willoughby moves to the city in search of an eligible bachelor, and finds herself entangled in a rather scandalous romance instead.",1751389035.081,1282,1751389035.081,1,1751389035.081,0,1751389035.081,1751389035.081,2019-01-20T00:07:05.423Z,1751389035.081,false,1751389035.081
4771649,Emerald Embers (emeraldembers),1751389035.136,Dishonored (Video Game),1751389035.136,...,1751389035.136,...,1751389035.136,A Room with a View,1751389035.136,2025-07-01T16:57:15.136Z,1751389035.136,2015-09-10T00:00:00.000Z,1751389035.136,1|1|1,1751389035.136,...,1751389035.136,?,1751389035.136,-1,1751389035.136,0,1751389035.136,1751389035.136,2017-11-03T04:53:26.835Z,1751389035.136,false,1751389035.136
4773038,"Emerald Embers (emeraldembers), Kess",1751389035.165,Dishonored (Video Game),1751389035.165,...,1751389035.165,...,1751389035.165,You See Forever,1751389035.165,2025-07-01T16:57:15.165Z,1751389035.165,2015-09-11T00:00:00.000Z,1751389035.165,1|1|1,1751389035.165,Originally written for dhkinkmeme on Tumblr: The Outsider sees forever. This is one of those forevers.,1751389035.165,816,1751389035.165,3,1751389035.165,0,1751389035.165,1751389035.165,2017-11-03T04:52:20.087Z,1751389035.165,false,1751389035.165
4793039,amyfortuna,1751389035.191,The Silmarillion and other histories of Middle-Earth - J. R. R. Tolkien,1751389035.191,...,1751389035.191,...,1751389035.191,Sweet Memories of Bliss,1751389035.191,2025-07-01T16:57:15.191Z,1751389035.191,2015-09-13T00:00:00.000Z,1751389035.191,1|1|1,1751389035.191,"In the year 416 of the First Age, Barahir has a hopeless crush on Finrod. Well, maybe not so hopeless after all, given time.",1751389035.191,3983,1751389035.191,5,1751389035.191,0,1751389035.191,1751389035.191,2019-07-29T03:43:13.515Z,1751389035.191,false,1751389035.191
4809248,hobo69,1751389035.22,ジョジョの奇妙な冒険 | JoJo no Kimyou na Bouken | JoJo's Bizarre Adventure,1751389035.22,...,1751389035.22,...,1751389035.22,Do I Wanna Know?,1751389035.22,2025-07-01T16:57:15.220Z,1751389035.22,2015-09-16T00:00:00.000Z,1751389035.22,9|9|1,1751389035.22,...,1751389035.22,?,1751389035.22,1,1751389035.22,0,1751389035.22,1751389035.22,2018-07-02T11:22:44.449Z,1751389035.22,false,1751389035.22
4839206,Sath,1751389035.245,The Silmarillion and other histories of Middle-Earth - J. R. R. Tolkien,1751389035.245,...,1751389035.245,...,1751389035.245,Of Like Kind,1751389035.245,2025-07-01T16:57:15.245Z,1751389035.245,2016-03-08T00:00:00.000Z,1751389035.245,3|3|1,1751389035.245,Sauron has long found as much utility in kindness as in cruelty.,1751389035.245,12448,1751389035.245,5,1751389035.245,0,1751389035.245,1751389035.245,2017-10-16T03:37:29.418Z,1751389035.245,false,1751389035.245
4846376,Sashaya,1751389035.275,Dishonored (Video Game),1751389035.275,...,1751389035.275,...,1751389035.275,In the After World,1751389035.275,2025-07-01T16:57:15.275Z,1751389035.275,2015-09-21T00:00:00.000Z,1751389035.275,1|1|1,1751389035.275,...,1751389035.275,?,1751389035.275,1,1751389035.275,0,1751389035.275,1751389035.275,2017-11-12T01:31:23.787Z,1751389035.275,false,1751389035.275
4862582,yeaka,1751389035.299,"The Hobbit - All Media Types, TOLKIEN J. R. R. - Works & Related Fandoms",1751389035.299,...,1751389035.299,...,1751389035.299,Abiding,1751389035.299,2025-07-01T16:57:15.299Z,1751389035.299,2015-09-24T00:00:00.000Z,1751389035.299,1|1|1,1751389035.299,Bard returns to the one who’s always had his heart.,1751389035.299,5030,1751389035.299,-1,1751389035.299,0,1751389035.299,1751389035.299,2019-08-23T11:33:07.379Z,1751389035.299,false,1751389035.299
4870489,amyfortuna,1751389035.325,The Silmarillion and other histories of Middle-Earth - J. R. R. Tolkien,1751389035.325,...,1751389035.325,...,1751389035.325,Fastidious,1751389035.325,2025-07-01T16:57:15.325Z,1751389035.325,2015-09-25T00:00:00.000Z,1751389035.325,1|1|1,1751389035.325,"Barahir is very focused on cleaning up messes, both his own and Finrod's.",1751389035.325,1072,1751389035.325,5,1751389035.325,0,1751389035.325,1751389035.325,2019-07-31T11:15:18.412Z,1751389035.325,false,1751389035.325
4883383,"amyfortuna, amyfortuna",1751389035.351,The Silmarillion and other histories of Middle-Earth - J. R. R. Tolkien,1751389035.351,...,1751389035.351,...,1751389035.351,Very Good,1751389035.351,2025-07-01T16:57:15.351Z,1751389035.351,2015-09-27T00:00:00.000Z,1751389035.351,1|1|1,1751389035.351,Fingon wakes Maedhros up for sex.,1751389035.351,861,1751389035.351,5,1751389035.351,0,1751389035.351,1751389035.351,2019-07-29T11:23:15.672Z,1751389035.351,false,1751389035.351
4885264,amyfortuna,1751389035.395,The Silmarillion and other histories of Middle-Earth - J. R. R. Tolkien,1751389035.395,...,1751389035.395,...,1751389035.395,The Wilderness Tryst,1751389035.395,2025-07-01T16:57:15.395Z,1751389035.395,2015-09-28T00:00:00.000Z,1751389035.395,1|1|1,1751389035.395,"Túrin and Beleg sneak off for a little tryst some distance away from Amon Rûdh, but they are being followed.",1751389035.395,922,1751389035.395,3,1751389035.395,0,1751389035.395,1751389035.395,2019-07-29T13:21:02.414Z,1751389035.395,false,1751389035.395
4885867,cliscia,1751389035.427,ジョジョの奇妙な冒険 | JoJo no Kimyou na Bouken | JoJo's Bizarre Adventure,1751389035.427,...,1751389035.427,...,1751389035.427,Lush and Peregrine,1751389035.427,2025-07-01T16:57:15.427Z,1751389035.427,2015-09-27T00:00:00.000Z,1751389035.427,1|1|1,1751389035.427,...,1751389035.427,?,1751389035.427,-1,1751389035.427,0,1751389035.427,1751389035.427,2018-07-04T03:59:21.110Z,1751389035.427,false,1751389035.427
4903753,LostintheFandom,1751389035.454,The Hobbit - All Media Types,1751389035.454,...,1751389035.454,...,1751389035.454,Among the Trees,1751389035.454,2025-07-01T16:57:15.454Z,1751389035.454,2015-09-30T00:00:00.000Z,1751389035.454,1|1|1,1751389035.454,A game of chase between lovers turns into something much... More.,1751389035.454,3472,1751389035.454,-1,1751389035.454,0,1751389035.454,1751389035.454,2019-08-23T11:34:36.666Z,1751389035.454,false,1751389035.454
4906210,Octopus,1751389035.488,ジョジョの奇妙な冒険 | JoJo no Kimyou na Bouken | JoJo's Bizarre Adventure,1751389035.488,...,1751389035.488,...,1751389035.488,Opulence,1751389035.488,2025-07-01T16:57:15.488Z,1751389035.488,2016-03-23T00:00:00.000Z,1751389035.488,3|?|0,1751389035.488,...,1751389035.488,?,1751389035.488,-1,1751389035.488,0,1751389035.488,1751389035.488,2018-08-03T04:07:10.229Z,1751389035.488,false,1751389035.488
4936156,Serenityreview,1751389035.54,Dishonored,1751389035.54,...,1751389035.54,...,1751389035.54,Offerings to a Malevolent God,1751389035.54,2025-07-01T16:57:15.540Z,1751389035.54,2015-10-05T00:00:00.000Z,1751389035.54,1|1|1,1751389035.54,...,1751389035.54,?,1751389035.54,1,1751389035.54,0,1751389035.54,1751389035.54,2017-11-12T01:29:15.863Z,1751389035.54,false,1751389035.54
4946800,morosezeal (missmonster),1751389035.569,ジョジョの奇妙な冒険 | JoJo no Kimyou na Bouken | JoJo's Bizarre Adventure,1751389035.569,...,1751389035.569,...,1751389035.569,A Trace of the Fire,1751389035.569,2025-07-01T16:57:15.569Z,1751389035.569,2015-10-06T00:00:00.000Z,1751389035.569,1|1|1,1751389035.569,...,1751389035.569,?,1751389035.569,1,1751389035.569,0,1751389035.569,1751389035.569,2018-07-05T03:49:43.632Z,1751389035.569,false,1751389035.569
5067949,Sath,1751389035.63,The Silmarillion and other histories of Middle-Earth - J. R. R. Tolkien,1751389035.63,...,1751389035.63,...,1751389035.63,Not By the Hand of Man,1751389035.63,2025-07-01T16:57:15.630Z,1751389035.63,2015-10-31T00:00:00.000Z,1751389035.63,1|1|1,1751389035.63,"After his chief priestess is assassinated, Sauron summons his most powerful servant, a woman of Far Harad, to Númenor.",1751389035.63,6911,1751389035.63,5,1751389035.63,0,1751389035.63,1751389035.63,2017-10-21T14:29:58.040Z,1751389035.63,false,1751389035.63
5093336,DragonGirl218,1751389035.668,Dishonored (Video Game),1751389035.668,...,1751389035.668,...,1751389035.668,Such a Curious Creature...,1751389035.668,2025-07-01T16:57:15.668Z,1751389035.668,2015-10-28T00:00:00.000Z,1751389035.668,1|1|1,1751389035.668,...,1751389035.668,?,1751389035.668,-1,1751389035.668,0,1751389035.668,1751389035.668,2017-11-03T04:53:16.889Z,1751389035.668,false,1751389035.668
5097851,lousy_science,1751389035.707,Original Work,1751389035.707,...,1751389035.707,...,1751389035.707,The Last Battlefield,1751389035.707,2025-07-01T16:57:15.707Z,1751389035.707,2015-10-28T00:00:00.000Z,1751389035.707,1|1|1,1751389035.707,The Commander was built for army life. Not visits to the Royal court. Originally published in Issue 52 of Shousetsu Bang*Bang,1751389035.707,4698,1751389035.707,3,1751389035.707,0,1751389035.707,1751389035.707,2019-01-26T20:07:17.704Z,1751389035.707,false,1751389035.707
5101832,Gianeya,1751389035.74,Dishonored (Video Game),1751389035.74,...,1751389035.74,...,1751389035.74,Не закрывай глаза,1751389035.74,2025-07-01T16:57:15.740Z,1751389035.74,2015-10-29T00:00:00.000Z,1751389035.74,1|1|1,1751389035.74,...,1751389035.74,?,1751389035.74,-1,1751389035.74,0,1751389035.74,1751389035.74,2017-10-19T05:40:45.433Z,1751389035.74,false,1751389035.74
5105171,DragonGirl218,1751389035.768,Dishonored (Video Game),1751389035.768,...,1751389035.768,...,1751389035.768,Powerless,1751389035.768,2025-07-01T16:57:15.768Z,1751389035.768,2016-11-24T00:00:00.000Z,1751389035.768,6|?|0,1751389035.768,...,1751389035.768,?,1751389035.768,-1,1751389035.768,0,1751389035.768,1751389035.768,2017-11-03T00:23:34.308Z,1751389035.768,false,1751389035.768
5107538,Gianeya,1751389035.797,Dishonored (Video Game),1751389035.797,...,1751389035.797,...,1751389035.797,Спасение,1751389035.797,2025-07-01T16:57:15.797Z,1751389035.797,2015-10-30T00:00:00.000Z,1751389035.797,1|1|1,1751389035.797,...,1751389035.797,?,1751389035.797,-1,1751389035.797,0,1751389035.797,1751389035.797,2017-11-03T04:47:07.148Z,1751389035.797,false,1751389035.797
5107655,Gianeya,1751389035.828,Dishonored (Video Game),1751389035.828,...,1751389035.828,...,1751389035.828,"Море и звезды принадлежат тебе, мой дорогой, и только луна упрямится",1751389035.828,2025-07-01T16:57:15.828Z,1751389035.828,2015-10-30T00:00:00.000Z,1751389035.828,5|5|1,1751389035.828,...,1751389035.828,?,1751389035.828,-1,1751389035.828,0,1751389035.828,1751389035.828,2017-10-19T05:40:41.363Z,1751389035.828,false,1751389035.828
5107706,Gianeya,1751389035.872,Dishonored (Video Game),1751389035.872,...,1751389035.872,...,1751389035.872,Всегда за бурями такой бы штиль,1751389035.872,2025-07-01T16:57:15.872Z,1751389035.872,2015-10-30T00:00:00.000Z,1751389035.872,1|1|1,1751389035.872,...,1751389035.872,?,1751389035.872,-1,1751389035.872,0,1751389035.872,1751389035.872,2017-11-03T04:47:04.456Z,1751389035.872,false,1751389035.872
5109017,Gianeya,1751389035.901,Dishonored (Video Game),1751389035.901,...,1751389035.901,...,1751389035.901,Сборник драбблов,1751389035.901,2025-07-01T16:57:15.901Z,1751389035.901,2016-10-24T00:00:00.000Z,1751389035.901,5|5|1,1751389035.901,...,1751389035.901,?,1751389035.901,-1,1751389035.901,0,1751389035.901,1751389035.901,2017-10-19T05:43:32.632Z,1751389035.901,false,1751389035.901
5117840,Serenityreview,1751389035.927,Dishonored (Video Game),1751389035.927,...,1751389035.927,...,1751389035.927,A Boy and His Raven,1751389035.927,2025-07-01T16:57:15.927Z,1751389035.927,2015-10-31T00:00:00.000Z,1751389035.927,1|1|1,1751389035.927,...,1751389035.927,?,1751389035.927,-1,1751389035.927,0,1751389035.927,1751389035.927,2017-11-03T04:47:00.770Z,1751389035.927,false,1751389035.927
5121443,Lalli,1751389035.956,Dishonored (Video Game),1751389035.956,...,1751389035.956,...,1751389035.956,выточенный в кости и зубе и глазу и плоти,1751389035.956,2025-07-01T16:57:15.956Z,1751389035.956,2015-11-01T00:00:00.000Z,1751389035.956,1|1|1,1751389035.956,...,1751389035.956,?,1751389035.956,-1,1751389035.956,0,1751389035.956,1751389035.956,2017-10-19T05:40:37.808Z,1751389035.956,false,1751389035.956
5124386,warmspringrain,1751389035.991,"Agent Carter (TV), Marvel Cinematic Universe",1751389035.991,...,1751389035.991,...,1751389035.991,Mapping the Spaces In Between,1751389035.991,2025-07-01T16:57:15.991Z,1751389035.991,2015-11-01T00:00:00.000Z,1751389035.991,1|1|1,1751389035.991,Filling in the missing moments of Season One.,1751389035.991,10716,1751389035.991,5,1751389035.991,0,1751389035.991,1751389035.991,2019-07-22T04:11:31.335Z,1751389035.991,false,1751389035.991
5136920,WolfieChan12,1751389036.021,ジョジョの奇妙な冒険 | JoJo no Kimyou na Bouken | JoJo's Bizarre Adventure,1751389036.021,...,1751389036.021,...,1751389036.021,A Painting of One Thousand Voices,1751389036.021,2025-07-01T16:57:16.021Z,1751389036.021,2015-12-19T00:00:00.000Z,1751389036.021,8|?|0,1751389036.021,...,1751389036.021,?,1751389036.021,-1,1751389036.021,0,1751389036.021,1751389036.021,2018-08-03T04:08:35.660Z,1751389036.021,false,1751389036.021
5194190,Sath,1751389036.047,The Silmarillion and other histories of Middle-Earth - J. R. R. Tolkien,1751389036.047,...,1751389036.047,...,1751389036.047,Who's the Scabbard?,1751389036.047,2025-07-01T16:57:16.047Z,1751389036.047,2015-11-12T00:00:00.000Z,1751389036.047,1|1|1,1751389036.047,"Out of all the difficulties Maedhros expected from re-embodiment in Valinor, Finarfin's sleuthing around for the family newsletter was not among them.",1751389036.047,1185,1751389036.047,5,1751389036.047,0,1751389036.047,1751389036.047,2017-10-21T14:29:54.008Z,1751389036.047,false,1751389036.047
5207363,atlanxic,1751389036.082,ジョジョの奇妙な冒険 | JoJo no Kimyou na Bouken | JoJo's Bizarre Adventure,1751389036.082,...,1751389036.082,...,1751389036.082,Getting Your Hands Dirty,1751389036.082,2025-07-01T16:57:16.082Z,1751389036.082,2014-04-18T00:00:00.000Z,1751389036.082,1|1|1,1751389036.082,...,1751389036.082,?,1751389036.082,-1,1751389036.082,0,1751389036.082,1751389036.082,2018-08-11T00:46:08.205Z,1751389036.082,false,1751389036.082
5208200,atlanxic,1751389036.111,ジョジョの奇妙な冒険 | JoJo no Kimyou na Bouken | JoJo's Bizarre Adventure,1751389036.111,...,1751389036.111,...,1751389036.111,"Something Shiny, Something Real",1751389036.111,2025-07-01T16:57:16.111Z,1751389036.111,2015-03-23T00:00:00.000Z,1751389036.111,1|1|1,1751389036.111,...,1751389036.111,?,1751389036.111,-1,1751389036.111,0,1751389036.111,1751389036.111,2018-08-03T04:09:46.209Z,1751389036.111,false,1751389036.111
5248166,Amaguri,1751389036.14,ジョジョの奇妙な冒険 | JoJo no Kimyou na Bouken | JoJo's Bizarre Adventure,1751389036.14,...,1751389036.14,...,1751389036.14,High Couture,1751389036.14,2025-07-01T16:57:16.140Z,1751389036.14,2015-11-20T00:00:00.000Z,1751389036.14,2|2|1,1751389036.14,"Kishibe Rohan has a secret hobby, one he hoped he would be able to indulge in once Josuke and company left Morioh for college.He forgot summer vacation was a thing.",1751389036.14,9922,1751389036.14,3,1751389036.14,0,1751389036.14,1751389036.14,2018-07-12T11:29:29.547Z,1751389036.14,false,1751389036.14
5253161,MoonyKat,1751389036.173,Dishonored (Video Game),1751389036.173,...,1751389036.173,...,1751389036.173,The One Who Talks to You in the Dark,1751389036.173,2025-07-01T16:57:16.173Z,1751389036.173,2015-11-21T00:00:00.000Z,1751389036.173,1|1|1,1751389036.173,...,1751389036.173,?,1751389036.173,-1,1751389036.173,0,1751389036.173,1751389036.173,2017-11-12T01:28:15.436Z,1751389036.173,false,1751389036.173
5308730,inlovewithnight,1751389036.207,The Man From U.N.C.L.E. (2015),1751389036.207,...,1751389036.207,...,1751389036.207,a true friend will argue,1751389036.207,2025-07-01T16:57:16.207Z,1751389036.207,2015-11-28T00:00:00.000Z,1751389036.207,1|1|1,1751389036.207,"Illya is bleeding.
He can’t be too concerned about it, though, because it’s a flesh wound at most and Solo’s injury is much worse.",1751389036.207,4338,1751389036.207,5,1751389036.207,0,1751389036.207,1751389036.207,2017-10-16T03:37:00.610Z,1751389036.207,false,1751389036.207
5316482,grievingcain,1751389036.235,ジョジョの奇妙な冒険 | JoJo no Kimyou na Bouken | JoJo's Bizarre Adventure,1751389036.235,...,1751389036.235,...,1751389036.235,Inspiration,1751389036.235,2025-07-01T16:57:16.235Z,1751389036.235,2015-11-29T00:00:00.000Z,1751389036.235,1|1|1,1751389036.235,...,1751389036.235,?,1751389036.235,-1,1751389036.235,0,1751389036.235,1751389036.235,2018-07-04T03:58:59.702Z,1751389036.235,false,1751389036.235
5333882,kuriyama (jxkuzure),1751389036.269,Dishonored (Video Game),1751389036.269,...,1751389036.269,...,1751389036.269,Tears Of A Leviathan,1751389036.269,2025-07-01T16:57:16.269Z,1751389036.269,2015-12-02T00:00:00.000Z,1751389036.269,1|1|1,1751389036.269,...,1751389036.269,?,1751389036.269,-1,1751389036.269,0,1751389036.269,1751389036.269,2017-11-12T01:24:45.763Z,1751389036.269,false,1751389036.269
5364824,Valerie_Verushka,1751389036.297,Dishonored (Video Game),1751389036.297,...,1751389036.297,...,1751389036.297,For Eternity,1751389036.297,2025-07-01T16:57:16.297Z,1751389036.297,2015-12-06T00:00:00.000Z,1751389036.297,1|1|1,1751389036.297,...,1751389036.297,?,1751389036.297,-1,1751389036.297,0,1751389036.297,1751389036.297,2017-11-12T01:24:40.094Z,1751389036.297,false,1751389036.297
5368871,"bygoneboy, RsCreighton",1751389036.33,Dishonored (Video Game),1751389036.33,...,1751389036.33,...,1751389036.33,cradle songs of comfort,1751389036.33,2025-07-01T16:57:16.330Z,1751389036.33,2015-12-06T00:00:00.000Z,1751389036.33,1|1|1,1751389036.33,"“Men go mad,” Samuel would tell him, frowning, “worshipping their Daemons.” And Corvo would think, it is good, then, that it is not worship I am seeking. ---The 5 Times Corvo Attano Loved A God, and the 5 Times He Loved Someone Else Entirely.",1751389036.33,1781,1751389036.33,5,1751389036.33,0,1751389036.33,1751389036.33,2019-06-10T09:04:19.223Z,1751389036.33,false,1751389036.33
5369768,emocsibe,1751389036.357,Dishonored (Video Game),1751389036.357,...,1751389036.357,...,1751389036.357,"Your song, my steps",1751389036.357,2025-07-01T16:57:16.357Z,1751389036.357,2015-12-06T00:00:00.000Z,1751389036.357,1|1|1,1751389036.357,"Pairing: The Outsider/anyone (or anyones! Multiple partners might be lovely for this) 
Details: Cardiophilia - his own heart hasn’t worked in a very long time so he’s fascinated by the sound of others.
(Kink Meme fill: http://dhkinkmeme.tumblr.com/post/128722959662/pairing-the-outsideranyone-or-anyones-multiple)",1751389036.357,985,1751389036.357,1,1751389036.357,0,1751389036.357,1751389036.357,2019-07-12T04:52:44.062Z,1751389036.357,false,1751389036.357
5375252,havisham,1751389036.386,Harry Potter - J. K. Rowling,1751389036.386,...,1751389036.386,...,1751389036.386,the boy with the perpetual nervousness,1751389036.386,2025-07-01T16:57:16.386Z,1751389036.386,2015-12-07T00:00:00.000Z,1751389036.386,1|1|1,1751389036.386,"Well, he's not like the boys we used to have / Not like them at all, oh no / Those ones made their parents proud / This one beats 'em all Regulus has always depended on Sirius to show him what he shouldn't do and shouldn't want.",1751389036.386,5729,1751389036.386,1,1751389036.386,0,1751389036.386,1751389036.386,2019-05-11T02:20:24.503Z,1751389036.386,false,1751389036.386
5398775,"MahouBunnyBell, timelessplatinum",1751389036.417,ジョジョの奇妙な冒険 | JoJo no Kimyou na Bouken | JoJo's Bizarre Adventure,1751389036.417,...,1751389036.417,...,1751389036.417,One Day in Kujo Bay,1751389036.417,2025-07-01T16:57:16.417Z,1751389036.417,2016-02-17T00:00:00.000Z,1751389036.417,22|?|0,1751389036.417,...,1751389036.417,?,1751389036.417,-1,1751389036.417,0,1751389036.417,1751389036.417,2018-08-03T04:07:51.645Z,1751389036.417,false,1751389036.417
5406707,oceanographybullshit,1751389036.458,ジョジョの奇妙な冒険 | JoJo no Kimyou na Bouken | JoJo's Bizarre Adventure,1751389036.458,...,1751389036.458,...,1751389036.458,The Capacity of Love,1751389036.458,2025-07-01T16:57:16.458Z,1751389036.458,2015-12-12T00:00:00.000Z,1751389036.458,1|1|1,1751389036.458,...,1751389036.458,?,1751389036.458,1,1751389036.458,0,1751389036.458,1751389036.458,2018-06-27T08:39:37.232Z,1751389036.458,false,1751389036.458
5412152,Laliandra,1751389036.488,Think of England - K. J. Charles,1751389036.488,...,1751389036.488,...,1751389036.488,All The Pleasures Prove,1751389036.488,2025-07-01T16:57:16.488Z,1751389036.488,2015-12-12T00:00:00.000Z,1751389036.488,1|1|1,1751389036.488,"Archie was late, and Daniel was going to have to kill him, that was all there was to it. It wasn’t that he lacked for entertainment, or comfort, or anything at all in Archie’s flat, but an appointment was an appointment, and Archie was late.",1751389036.488,11829,1751389036.488,3,1751389036.488,0,1751389036.488,1751389036.488,2025-05-04T13:49:16.865Z,1751389036.488,false,1751389036.488
5452775,I_is_a_freak,1751389036.517,What We Do in the Shadows (2014),1751389036.517,...,1751389036.517,...,1751389036.517,What we do in the shadows… is none of your business,1751389036.517,2025-07-01T16:57:16.517Z,1751389036.517,2015-12-18T00:00:00.000Z,1751389036.517,1|1|1,1751389036.517,Pauline graciously sits down with the interview the documentary team for an exclusive,1751389036.517,1049,1751389036.517,5,1751389036.517,0,1751389036.517,1751389036.517,2017-10-16T00:04:26.303Z,1751389036.517,false,1751389036.517
5454257,Cinaed,1751389036.548,The Silmarillion and other histories of Middle-Earth - J. R. R. Tolkien,1751389036.548,...,1751389036.548,...,1751389036.548,“Close in Friendship”: Homosocial Relationships in the First Age,1751389036.548,2025-07-01T16:57:16.548Z,1751389036.548,2015-12-18T00:00:00.000Z,1751389036.548,1|1|1,1751389036.548,"The collection gathers diaries, essays, and letters that span over a four thousand year period, beginning with Faramir of Ithilien’s private musings on the relationship between Maedhros and Fingon, and ending with a modern essay concerning a cache of letters recently discovered in the Gondorian Archives that sheds further light on several homosocial relationships, particularly amongst the Haladin.",1751389036.548,1505,1751389036.548,5,1751389036.548,0,1751389036.548,1751389036.548,2019-07-29T11:31:23.532Z,1751389036.548,false,1751389036.548
5466353,merle_p,1751389036.588,The Man From U.N.C.L.E. (2015),1751389036.588,...,1751389036.588,...,1751389036.588,"Two Men, Crossing the Street",1751389036.588,2025-07-01T16:57:16.588Z,1751389036.588,2015-12-31T00:00:00.000Z,1751389036.588,1|1|1,1751389036.588,"“They are useless to their countries,” he says slowly. “Everyone knows their real names, their faces. A spy who cannot spy. Is like – like a car that cannot drive. Useless.”“Ah,” Napoleon says quietly, as if he finally understands what Illya is so angry about. But he doesn’t, Illya thinks, he can’t know, not really, and he isn’t sure if it’s sadness or relief he feels at the thought.",1751389036.588,8221,1751389036.588,5,1751389036.588,0,1751389036.588,1751389036.588,2017-10-16T03:36:58.948Z,1751389036.588,false,1751389036.588
5469539,Sath,1751389036.619,What We Do in the Shadows (2014),1751389036.619,...,1751389036.619,...,1751389036.619,Robbed,1751389036.619,2025-07-01T16:57:16.619Z,1751389036.619,2015-12-20T00:00:00.000Z,1751389036.619,1|1|1,1751389036.619,"Officer O'Leary keeps finding people sleeping on the floor, and they don't even have any blankets.",1751389036.619,1452,1751389036.619,5,1751389036.619,0,1751389036.619,1751389036.619,2017-10-16T00:04:20.663Z,1751389036.619,false,1751389036.619
5469965,milktoast,1751389036.649,Dishonored (Video Game),1751389036.649,...,1751389036.649,...,1751389036.649,Unexpected Meeting,1751389036.649,2025-07-01T16:57:16.649Z,1751389036.649,2015-12-20T00:00:00.000Z,1751389036.649,1|1|1,1751389036.649,...,1751389036.649,?,1751389036.649,-1,1751389036.649,0,1751389036.649,1751389036.649,2017-11-12T01:24:30.101Z,1751389036.649,false,1751389036.649
5476640,Alisette,1751389036.68,Dishonored (Video Game),1751389036.68,...,1751389036.68,...,1751389036.68,Drunken Whaler,1751389036.68,2025-07-01T16:57:16.680Z,1751389036.68,2016-02-27T00:00:00.000Z,1751389036.68,11|11|1,1751389036.68,...,1751389036.68,?,1751389036.68,-1,1751389036.68,0,1751389036.68,1751389036.68,2017-10-19T05:41:28.273Z,1751389036.68,false,1751389036.68
5495876,"oliviacirce, Rhea314 (Rhea)",1751389036.709,"Think of England - K. J. Charles, Miss Fisher's Murder Mysteries",1751389036.709,...,1751389036.709,...,1751389036.709,The Rescuers Down Under,1751389036.709,2025-07-01T16:57:16.709Z,1751389036.709,2015-12-22T00:00:00.000Z,1751389036.709,1|1|1,1751389036.709,"In 1928, Fenella Carruth and Patricia Merton go to Australia, encounter an old acquaintance, and make some new friends.",1751389036.709,2441,1751389036.709,1,1751389036.709,0,1751389036.709,1751389036.709,2019-04-09T11:19:37.274Z,1751389036.709,false,1751389036.709
5508089,"Lexie, Rhea314 (Rhea)",1751389036.739,Think of England - K. J. Charles,1751389036.739,...,1751389036.739,...,1751389036.739,Jewel of the Indian Ocean,1751389036.739,2025-07-01T16:57:16.739Z,1751389036.739,2015-12-23T00:00:00.000Z,1751389036.739,1|1|1,1751389036.739,"Leave it to Fen, Patricia Merton thought, to lead them into the most dramatic, intrigue-filled ocean voyage Pat had ever heard of.Before the RMS Ophir had even finished its passage through the Suez Canal, the ship had already seen a rash of thefts, a narrowly-averted duel, and the near loss of one poor sod who went overboard in damnably rough seas and had to be rescued by the crew.Fen was, of course, at the heart of it all. She always was.",1751389036.739,3440,1751389036.739,5,1751389036.739,0,1751389036.739,1751389036.739,2019-04-08T11:40:08.176Z,1751389036.739,false,1751389036.739
5510147,Ias,1751389036.772,The Hobbit - All Media Types,1751389036.772,...,1751389036.772,...,1751389036.772,counterbalance,1751389036.772,2025-07-01T16:57:16.772Z,1751389036.772,2015-12-24T00:00:00.000Z,1751389036.772,1|1|1,1751389036.772,"For all his professions of friendship, Thranduil always worked towards his own ends. Bard respected that. He was doing the same.",1751389036.772,4518,1751389036.772,5,1751389036.772,0,1751389036.772,1751389036.772,2019-08-26T03:27:37.366Z,1751389036.772,false,1751389036.772
5569978,redcigar,1751389036.833,Dishonored (Video Game),1751389036.833,...,1751389036.833,...,1751389036.833,On the Outside (Looking In),1751389036.833,2025-07-01T16:57:16.833Z,1751389036.833,2016-01-04T00:00:00.000Z,1751389036.833,3|3|1,1751389036.833,"But the Outsider merely smiles his unreadable smile, and reaches into his pocket. Corvo tenses. Pale hands withdraw, and with it, a shiny coin, which the Outsider places into the small plastic bucket that Emily had faithfully decorated with green paper seaweed and glitter-glue, before placing ceremoniously on the café counter next to a flyer she had scrounged up on ocean conservation. “For the whales,” the Outsider pronounces solemnly.",1751389036.833,13204,1751389036.833,-1,1751389036.833,0,1751389036.833,1751389036.833,2019-07-19T02:59:00.603Z,1751389036.833,false,1751389036.833
5590840,bygoneboy,1751389036.874,Dishonored (Video Game),1751389036.874,...,1751389036.874,...,1751389036.874,in·car·nate,1751389036.874,2025-07-01T16:57:16.874Z,1751389036.874,2016-07-30T00:00:00.000Z,1751389036.874,6|6|1,1751389036.874,"Why have not we an immortal soul?"" asked the little mermaid mournfully. ""I would give gladly all the hundreds of years that I have to live, to be a human being only for one day.""   ""You must not think of that,"" said the witch, ""unless a man were to love you. And if all his thoughts and all his love were fixed upon you, and he promised to be true to you here and hereafter-- then his soul would glide into your body and you would obtain a share in the future happiness of mankind. He would give a soul to you, and retain his own as well.  But this can never happen.""- Hans Christian Andersen---Yet another one of those human!Outsider fics, inspired by the original tale of The Little Mermaid.",1751389036.874,20869,1751389036.874,5,1751389036.874,0,1751389036.874,1751389036.874,2019-07-03T01:38:16.124Z,1751389036.874,false,1751389036.874
5717443,Amaguri,1751389036.907,ジョジョの奇妙な冒険 | JoJo no Kimyou na Bouken | JoJo's Bizarre Adventure,1751389036.907,...,1751389036.907,...,1751389036.907,Switched,1751389036.907,2025-07-01T16:57:16.907Z,1751389036.907,2016-01-14T00:00:00.000Z,1751389036.907,1|1|1,1751389036.907,...,1751389036.907,?,1751389036.907,1,1751389036.907,0,1751389036.907,1751389036.907,2018-07-03T11:19:46.001Z,1751389036.907,false,1751389036.907
5738401,erin4fics,1751389036.937,ジョジョの奇妙な冒険 | JoJo no Kimyou na Bouken | JoJo's Bizarre Adventure,1751389036.937,...,1751389036.937,...,1751389036.937,Fuck You (But Also *Fuck*) You- nonbinary version,1751389036.937,2025-07-01T16:57:16.937Z,1751389036.937,2016-01-16T00:00:00.000Z,1751389036.937,1|1|1,1751389036.937,...,1751389036.937,?,1751389036.937,-1,1751389036.937,0,1751389036.937,1751389036.937,2018-08-03T04:08:23.392Z,1751389036.937,false,1751389036.937
5738803,erin4fics,1751389036.971,ジョジョの奇妙な冒険 | JoJo no Kimyou na Bouken | JoJo's Bizarre Adventure,1751389036.971,...,1751389036.971,...,1751389036.971,Fuck You (But Also *Fuck* You)- male version,1751389036.971,2025-07-01T16:57:16.971Z,1751389036.971,2016-01-17T00:00:00.000Z,1751389036.971,1|1|1,1751389036.971,...,1751389036.971,?,1751389036.971,-1,1751389036.971,0,1751389036.971,1751389036.971,2018-06-17T09:35:16.185Z,1751389036.971,false,1751389036.971
5742085,Sath,1751389037.003,"The Silmarillion and other histories of Middle-Earth - J. R. R. Tolkien, The Lord of the Rings - J. R. R. Tolkien",1751389037.003,...,1751389037.003,...,1751389037.003,"The “Unmarried"" Queen – Deficiencies in Númenórean Scholarship",1751389037.003,2025-07-01T16:57:17.003Z,1751389037.003,2016-02-14T00:00:00.000Z,1751389037.003,1|1|1,1751389037.003,"Rosie Cotton and Samwise Gamgee's granddaughter, a scholar of short stature and lofty goals, finds an earth-shattering document being used to steady a table leg in Minas Tirith.Excerpted from Fíriel Fairbairn’s Bias and Absence: Women in Historical Chronicles. Essay was originally published in the 6th issue of the Inter-kingdom Friendship Studies Society.",1751389037.003,1226,1751389037.003,5,1751389037.003,0,1751389037.003,1751389037.003,2017-10-16T03:36:35.587Z,1751389037.003,false,1751389037.003
5761432,Sath,1751389037.039,The Silmarillion and other histories of Middle-Earth - J. R. R. Tolkien,1751389037.039,...,1751389037.039,...,1751389037.039,Missed Connections,1751389037.039,2025-07-01T16:57:17.039Z,1751389037.039,2016-02-14T00:00:00.000Z,1751389037.039,1|1|1,1751389037.039,Finrod's effort to be respectful of Bëor's age goes awry.,1751389037.039,1214,1751389037.039,5,1751389037.039,0,1751389037.039,1751389037.039,2019-08-05T02:44:37.819Z,1751389037.039,false,1751389037.039
5776942,milktoast,1751389037.069,Dishonored (Video Game),1751389037.069,...,1751389037.069,...,1751389037.069,All Alone,1751389037.069,2025-07-01T16:57:17.069Z,1751389037.069,2016-01-21T00:00:00.000Z,1751389037.069,1|1|1,1751389037.069,...,1751389037.069,?,1751389037.069,-1,1751389037.069,0,1751389037.069,1751389037.069,2017-11-12T01:24:20.798Z,1751389037.069,false,1751389037.069
5807563,VampireSerana,1751389037.106,Dishonored (Video Game),1751389037.106,...,1751389037.106,...,1751389037.106,The Bad And The Dirty,1751389037.106,2025-07-01T16:57:17.106Z,1751389037.106,2016-01-24T00:00:00.000Z,1751389037.106,1|1|1,1751389037.106,...,1751389037.106,?,1751389037.106,-1,1751389037.106,0,1751389037.106,1751389037.106,2017-11-03T04:45:58.816Z,1751389037.106,false,1751389037.106
5811058,justreaderr,1751389037.136,The Hobbit - All Media Types,1751389037.136,...,1751389037.136,...,1751389037.136,Drunken Catastrophes,1751389037.136,2025-07-01T16:57:17.136Z,1751389037.136,2016-01-25T00:00:00.000Z,1751389037.136,1|1|1,1751389037.136,"Unconsciously he crossed his legs to hide his stiff length better.Yet the elf must have noticed something in his behaviour since he stopped his monolog and eyed Bard worryingly. “Is everything all right, Master Bard. Maybe you had too much wine. My wine is strong and I do not know how much of it is too much for a mortal.”To prove the opposite Bard emptied his glass again and held it out for another refill, “Don’t worry your pretty head, this mortal can handle his drinks.”",1751389037.136,3381,1751389037.136,-1,1751389037.136,0,1751389037.136,1751389037.136,2019-08-23T11:28:55.639Z,1751389037.136,false,1751389037.136
5846713,twined,1751389037.175,Dishonored (Video Game),1751389037.175,...,1751389037.175,...,1751389037.175,Is that Asparagus?,1751389037.175,2025-07-01T16:57:17.175Z,1751389037.175,2016-01-29T00:00:00.000Z,1751389037.175,1|1|1,1751389037.175,...,1751389037.175,?,1751389037.175,-1,1751389037.175,0,1751389037.175,1751389037.175,2017-11-12T01:24:09.968Z,1751389037.175,false,1751389037.175
5862823,Sath,1751389037.204,"The Silmarillion and other histories of Middle-Earth - J. R. R. Tolkien, The Lord of the Rings - J. R. R. Tolkien",1751389037.204,...,1751389037.204,...,1751389037.204,Hunger,1751389037.204,2025-07-01T16:57:17.204Z,1751389037.204,2016-02-14T00:00:00.000Z,1751389037.204,1|1|1,1751389037.204,...,1751389037.204,?,1751389037.204,5,1751389037.204,0,1751389037.204,1751389037.204,2017-10-21T14:29:24.813Z,1751389037.204,false,1751389037.204
5929396,Valgeristik,1751389037.235,Dishonored (Video Game),1751389037.235,...,1751389037.235,...,1751389037.235,"Nuku, nuku, nurmilintu",1751389037.235,2025-07-01T16:57:17.235Z,1751389037.235,2016-02-06T00:00:00.000Z,1751389037.235,1|1|1,1751389037.235,...,1751389037.235,?,1751389037.235,-1,1751389037.235,0,1751389037.235,1751389037.235,2017-10-19T05:41:36.748Z,1751389037.235,false,1751389037.235
5947564,kanadka,1751389037.269,"Les Misérables - All Media Types, Les Misérables - Victor Hugo",1751389037.269,...,1751389037.269,...,1751389037.269,If Age Begets Wisdom,1751389037.269,2025-07-01T16:57:17.269Z,1751389037.269,2016-02-08T00:00:00.000Z,1751389037.269,1|1|1,1751389037.269,Montparnasse returns to Paris to find Gavroche has grown up.,1751389037.269,3604,1751389037.269,5,1751389037.269,0,1751389037.269,1751389037.269,2019-02-08T12:33:40.631Z,1751389037.269,false,1751389037.269
5951323,yaoi_yaoieverywhere,1751389037.299,ジョジョの奇妙な冒険 | JoJo no Kimyou na Bouken | JoJo's Bizarre Adventure,1751389037.299,...,1751389037.299,...,1751389037.299,Is It Really Sex (When it's Your Stand),1751389037.299,2025-07-01T16:57:17.299Z,1751389037.299,2016-02-10T00:00:00.000Z,1751389037.299,1|1|1,1751389037.299,...,1751389037.299,?,1751389037.299,-1,1751389037.299,0,1751389037.299,1751389037.299,2018-08-03T04:07:58.036Z,1751389037.299,false,1751389037.299
5955931,KonoDioDa,1751389037.339,ジョジョの奇妙な冒険 | JoJo no Kimyou na Bouken | JoJo's Bizarre Adventure,1751389037.339,...,1751389037.339,...,1751389037.339,I Could Be Useful,1751389037.339,2025-07-01T16:57:17.339Z,1751389037.339,2016-02-09T00:00:00.000Z,1751389037.339,1|?|0,1751389037.339,...,1751389037.339,?,1751389037.339,-1,1751389037.339,0,1751389037.339,1751389037.339,2018-08-03T04:08:03.934Z,1751389037.339,false,1751389037.339
6007462,Nightwoofking,1751389037.376,Dishonored (Video Game),1751389037.376,...,1751389037.376,...,1751389037.376,Follow Instructions,1751389037.376,2025-07-01T16:57:17.376Z,1751389037.376,2016-02-14T00:00:00.000Z,1751389037.376,1|1|1,1751389037.376,...,1751389037.376,?,1751389037.376,-1,1751389037.376,0,1751389037.376,1751389037.376,2017-11-03T04:44:13.895Z,1751389037.376,false,1751389037.376
6026494,ZaHando,1751389037.407,ジョジョの奇妙な冒険 | JoJo no Kimyou na Bouken | JoJo's Bizarre Adventure,1751389037.407,...,1751389037.407,...,1751389037.407,After Valentine's Day,1751389037.407,2025-07-01T16:57:17.407Z,1751389037.407,2016-03-22T00:00:00.000Z,1751389037.407,3|?|0,1751389037.407,...,1751389037.407,?,1751389037.407,5,1751389037.407,0,1751389037.407,1751389037.407,2018-06-18T04:49:41.782Z,1751389037.407,false,1751389037.407
6070324,Basurabrando,1751389037.443,ジョジョの奇妙な冒険 | JoJo no Kimyou na Bouken | JoJo's Bizarre Adventure,1751389037.443,...,1751389037.443,...,1751389037.443,Kishibe Rohan Walks Into A Bar,1751389037.443,2025-07-01T16:57:17.443Z,1751389037.443,2016-02-21T00:00:00.000Z,1751389037.443,1|1|1,1751389037.443,...,1751389037.443,?,1751389037.443,1,1751389037.443,0,1751389037.443,1751389037.443,2018-08-07T07:42:10.785Z,1751389037.443,false,1751389037.443
6090982,Punk_Kenobi,1751389037.481,The Hobbit - All Media Types,1751389037.481,...,1751389037.481,...,1751389037.481,The Lazarus Complex,1751389037.481,2025-07-01T16:57:17.481Z,1751389037.481,2016-02-22T00:00:00.000Z,1751389037.481,1|1|1,1751389037.481,You have brought Sin to Heaven and doom upon all the world.,1751389037.481,29008,1751389037.481,-1,1751389037.481,0,1751389037.481,1751389037.481,2019-08-23T11:28:25.001Z,1751389037.481,false,1751389037.481
6100366,HermioneSpencer,1751389037.515,Call the Midwife,1751389037.515,...,1751389037.515,...,1751389037.515,Kisses at Compline,1751389037.515,2025-07-01T16:57:17.515Z,1751389037.515,2016-02-24T00:00:00.000Z,1751389037.515,1|1|1,1751389037.515,In response to 25/01/16's Call the Midwife episode. Sister Evangelina and Sister Monica Joan become more than just Sisters to one another.,1751389037.515,1326,1751389037.515,1,1751389037.515,0,1751389037.515,1751389037.515,2019-06-01T20:14:47.107Z,1751389037.515,false,1751389037.515
6151564,nevergotwings,1751389037.55,Original Work,1751389037.55,...,1751389037.55,...,1751389037.55,To Earn A Crown,1751389037.55,2025-07-01T16:57:17.550Z,1751389037.55,2016-03-26T00:00:00.000Z,1751389037.55,1|?|0,1751389037.55,"When faced with having to marry for the crown of her kingdom, Princess Auriella finds herself in a predicament. Does she listen and go with the suitor that has been chosen for her, follow the whispers of her heart for a man of the sword, or choose happiness with a commoner of her past?",1751389037.55,1367,1751389037.55,-1,1751389037.55,0,1751389037.55,1751389037.55,2019-01-23T06:04:42.410Z,1751389037.55,false,1751389037.55
6158287,havisham,1751389037.586,The Silmarillion and other histories of Middle-Earth - J. R. R. Tolkien,1751389037.586,...,1751389037.586,...,1751389037.586,I am ashes where I was once fire | gay asbestos elves,1751389037.586,2025-07-01T16:57:17.586Z,1751389037.586,2016-03-20T00:00:00.000Z,1751389037.586,1|1|1,1751389037.586,...,1751389037.586,?,1751389037.586,3,1751389037.586,0,1751389037.586,1751389037.586,2017-10-23T18:29:18.603Z,1751389037.586,false,1751389037.586
6260440,yaoi_yaoieverywhere,1751389037.627,ジョジョの奇妙な冒険 | JoJo no Kimyou na Bouken | JoJo's Bizarre Adventure,1751389037.627,...,1751389037.627,...,1751389037.627,Give it Here,1751389037.627,2025-07-01T16:57:17.627Z,1751389037.627,2016-03-21T00:00:00.000Z,1751389037.627,1|1|1,1751389037.627,...,1751389037.627,?,1751389037.627,1,1751389037.627,0,1751389037.627,1751389037.627,2018-08-07T08:20:01.357Z,1751389037.627,false,1751389037.627
6320140,Anonymous,1751389037.659,The Silmarillion and other histories of Middle-Earth - J. R. R. Tolkien,1751389037.659,...,1751389037.659,...,1751389037.659,I see fire | Piping is unnecessary,1751389037.659,2025-07-01T16:57:17.659Z,1751389037.659,2016-03-22T00:00:00.000Z,1751389037.659,1|1|1,1751389037.659,...,1751389037.659,?,1751389037.659,3,1751389037.659,0,1751389037.659,1751389037.659,2017-10-23T18:29:26.118Z,1751389037.659,false,1751389037.659
6350749,Gianeya,1751389037.696,Dishonored (Video Game),1751389037.696,...,1751389037.696,...,1751389037.696,...и это — мой знак,1751389037.696,2025-07-01T16:57:17.696Z,1751389037.696,2016-03-25T00:00:00.000Z,1751389037.696,1|1|1,1751389037.696,...,1751389037.696,?,1751389037.696,-1,1751389037.696,0,1751389037.696,1751389037.696,2017-10-19T05:41:09.677Z,1751389037.696,false,1751389037.696
6388891,yaoi_yaoieverywhere,1751389037.734,ジョジョの奇妙な冒険 | JoJo no Kimyou na Bouken | JoJo's Bizarre Adventure,1751389037.734,...,1751389037.734,...,1751389037.734,"Decisions, Decisions",1751389037.734,2025-07-01T16:57:17.734Z,1751389037.734,2016-03-28T00:00:00.000Z,1751389037.734,1|1|1,1751389037.734,"All Josuke wanted to do was pull an itty bitty prank on Rohan to get some attention. Really! It's not like he planned on, y'know, being stuck in a literal closet waiting for Rohan to leave.
...Rohan's not leaving. He's pulling something out of his bedside table. Is that-?",1751389037.734,2510,1751389037.734,3,1751389037.734,0,1751389037.734,1751389037.734,2018-06-21T10:40:58.653Z,1751389037.734,false,1751389037.734
6399652,yaoi_yaoieverywhere,1751389037.766,ジョジョの奇妙な冒険 | JoJo no Kimyou na Bouken | JoJo's Bizarre Adventure,1751389037.766,...,1751389037.766,...,1751389037.766,Anything You Can Do,1751389037.766,2025-07-01T16:57:17.766Z,1751389037.766,2016-04-09T00:00:00.000Z,1751389037.766,1|1|1,1751389037.766,"Rohan gets offered a generous sum of money to teach a few art classes at the local highschool. If it weren't for the money he'd have turned it down, but as it was he still needed money for furniture after his last house got burned down. Josuke happens to be in one of the classes he's got to teach. Rohan wants revenge even though they've been together for a while. Shameless PWP",1751389037.766,2367,1751389037.766,3,1751389037.766,0,1751389037.766,1751389037.766,2018-08-07T23:52:42.011Z,1751389037.766,false,1751389037.766
6489850,TimeToRemember,1751389037.794,Gentleman Bastard Sequence - Scott Lynch,1751389037.794,...,1751389037.794,...,1751389037.794,Liar,1751389037.794,2025-07-01T16:57:17.794Z,1751389037.794,2016-04-08T00:00:00.000Z,1751389037.794,1|2|0,1751389037.794,"Everything is working perfectly for Locke and Sabetha, two somewhat unlikely proprietors of the most unprofitable antiques shop in the city. After many months of work, their careful plans are reaching eventual fruition, the result of which will surely make up for such a prolonged period of difficult activity.
Enter Jean Tannen.
Now Locke is having feelings he has no hope of explaining, Jean is confused and also a little worried, and Sabetha just wants to know what she ever did to end up babysitting these two oblivious idiots.

  Updated 11 August 2016 in anticipation of a second chapter.",1751389037.794,2254,1751389037.794,-1,1751389037.794,0,1751389037.794,1751389037.794,2018-12-28T20:53:06.558Z,1751389037.794,false,1751389037.794
6496153,dixonbelcourts,1751389037.831,Dishonored (Video Game),1751389037.831,...,1751389037.831,...,1751389037.831,you're stronger than all of them.,1751389037.831,2025-07-01T16:57:17.831Z,1751389037.831,2016-04-08T00:00:00.000Z,1751389037.831,1|1|1,1751389037.831,...,1751389037.831,?,1751389037.831,-1,1751389037.831,0,1751389037.831,1751389037.831,2017-11-12T01:23:39.646Z,1751389037.831,false,1751389037.831
6508552,yaoi_yaoieverywhere,1751389037.864,ジョジョの奇妙な冒険 | JoJo no Kimyou na Bouken | JoJo's Bizarre Adventure,1751389037.864,...,1751389037.864,...,1751389037.864,Try It?,1751389037.864,2025-07-01T16:57:17.864Z,1751389037.864,2016-04-12T00:00:00.000Z,1751389037.864,1|1|1,1751389037.864,Honestly it's understandable that Josuke would be at least a little afraid of actually being on the bottom when it comes to sex. He's young and the only way he's gotten that type of pleasure before was from his dick. It's hard to process that getting anything shoved up your ass could feel good without having prior experience.That's doesn't mean Rohan is going to be the bottom all the time. All he has to do is reassure Josuke that there's a different kind of pleasure from receiving instead of giving. Somehow.,1751389037.864,3006,1751389037.864,3,1751389037.864,0,1751389037.864,1751389037.864,2018-08-08T03:55:51.908Z,1751389037.864,false,1751389037.864
6510019,TheMirkyKing,1751389037.898,"The Hobbit - All Media Types, The Hobbit (Jackson Movies)",1751389037.898,...,1751389037.898,...,1751389037.898,Double Trouble,1751389037.898,2025-07-01T16:57:17.898Z,1751389037.898,2016-04-10T00:00:00.000Z,1751389037.898,1|1|1,1751389037.898,Bard Bowman is celebrating his 40th Birthday and get's a present that he wasn't expecting.,1751389037.898,5191,1751389037.898,-1,1751389037.898,0,1751389037.898,1751389037.898,2019-08-23T11:33:26.895Z,1751389037.898,false,1751389037.898
6515815,Dragons_Before_Dawn,1751389037.928,ジョジョの奇妙な冒険 | JoJo no Kimyou na Bouken | JoJo's Bizarre Adventure,1751389037.928,...,1751389037.928,...,1751389037.928,Green,1751389037.928,2025-07-01T16:57:17.928Z,1751389037.928,2016-04-10T00:00:00.000Z,1751389037.928,1|1|1,1751389037.928,...,1751389037.928,?,1751389037.928,-1,1751389037.928,0,1751389037.928,1751389037.928,2018-08-08T03:41:14.043Z,1751389037.928,false,1751389037.928
6537589,Udunie,1751389037.96,Original Work,1751389037.96,...,1751389037.96,...,1751389037.96,Celebrations,1751389037.96,2025-07-01T16:57:17.960Z,1751389037.96,2016-04-12T00:00:00.000Z,1751389037.96,1|1|1,1751389037.96,"The crowd all riled up Daruk waved at their handlers, and the elves were thrust into the middle of the soldiers, grabbed one by one.Numa was spared - but only for a moment - as Daruk caught his braid and pulled him close.“And you, pretty one, will get a special reward if you do your duty well,” he said, voice too sweet. Numa shuddered, knowing that a ‘reward’ from the warchief was usually not something he would enjoy.",1751389037.96,3907,1751389037.96,1,1751389037.96,0,1751389037.96,1751389037.96,2019-01-22T05:07:44.695Z,1751389037.96,false,1751389037.96
6568654,arysteia,1751389038.007,The Man From U.N.C.L.E. (2015),1751389038.007,...,1751389038.007,...,1751389038.007,The Marvin Gaye Affair,1751389038.007,2025-07-01T16:57:18.007Z,1751389038.007,2016-04-26T00:00:00.000Z,1751389038.007,1|1|1,1751389038.007,"A close call, and what it means to be close.",1751389038.007,2873,1751389038.007,5,1751389038.007,0,1751389038.007,1751389038.007,2017-10-16T00:04:01.058Z,1751389038.007,false,1751389038.007
6597724,yaoi_yaoieverywhere,1751389038.045,ジョジョの奇妙な冒険 | JoJo no Kimyou na Bouken | JoJo's Bizarre Adventure,1751389038.045,...,1751389038.045,...,1751389038.045,Surrounded,1751389038.045,2025-07-01T16:57:18.045Z,1751389038.045,2016-06-04T00:00:00.000Z,1751389038.045,5|?|0,1751389038.045,...,1751389038.045,?,1751389038.045,-1,1751389038.045,0,1751389038.045,1751389038.045,2018-07-04T03:58:12.053Z,1751389038.045,false,1751389038.045
6652861,Dragons_Before_Dawn,1751389038.095,ジョジョの奇妙な冒険 | JoJo no Kimyou na Bouken | JoJo's Bizarre Adventure,1751389038.095,...,1751389038.095,...,1751389038.095,Time to Kill,1751389038.095,2025-07-01T16:57:18.095Z,1751389038.095,2016-04-25T00:00:00.000Z,1751389038.095,1|1|1,1751389038.095,In which Rohan Kishibe gets aroused by the scent of Josuke's jacket and decides to deal with it.,1751389038.095,2213,1751389038.095,5,1751389038.095,0,1751389038.095,1751389038.095,2018-06-18T11:15:36.303Z,1751389038.095,false,1751389038.095
6718840,fanfiction_fanfriction,1751389038.129,ジョジョの奇妙な冒険 | JoJo no Kimyou na Bouken | JoJo's Bizarre Adventure,1751389038.129,...,1751389038.129,...,1751389038.129,Focus,1751389038.129,2025-07-01T16:57:18.129Z,1751389038.129,2016-05-01T00:00:00.000Z,1751389038.129,1|1|1,1751389038.129,...,1751389038.129,?,1751389038.129,5,1751389038.129,0,1751389038.129,1751389038.129,2018-08-08T11:54:29.410Z,1751389038.129,false,1751389038.129
6719344,Sylla,1751389038.17,Dishonored (Video Game),1751389038.17,...,1751389038.17,...,1751389038.17,Lariat,1751389038.17,2025-07-01T16:57:18.170Z,1751389038.17,2016-07-09T00:00:00.000Z,1751389038.17,2|?|0,1751389038.17,...,1751389038.17,?,1751389038.17,-1,1751389038.17,0,1751389038.17,1751389038.17,2017-11-08T08:13:59.555Z,1751389038.17,false,1751389038.17
6723853,Sath,1751389038.204,Star Wars Episode VII: The Force Awakens (2015),1751389038.204,...,1751389038.204,...,1751389038.204,Idols and Dead Men,1751389038.204,2025-07-01T16:57:18.204Z,1751389038.204,2017-08-06T00:00:00.000Z,1751389038.204,13|18|0,1751389038.204,...,1751389038.204,?,1751389038.204,5,1751389038.204,0,1751389038.204,1751389038.204,2017-10-16T00:06:41.614Z,1751389038.204,false,1751389038.204
6731587,Octopus,1751389038.253,ジョジョの奇妙な冒険 | JoJo no Kimyou na Bouken | JoJo's Bizarre Adventure,1751389038.253,...,1751389038.253,...,1751389038.253,A Magenta Feeling,1751389038.253,2025-07-01T16:57:18.253Z,1751389038.253,2016-05-02T00:00:00.000Z,1751389038.253,1|1|1,1751389038.253,...,1751389038.253,?,1751389038.253,1,1751389038.253,0,1751389038.253,1751389038.253,2018-08-08T22:24:39.064Z,1751389038.253,false,1751389038.253
6757414,"Rethira, KD reads (KDHeart), Kess, RsCreighton, SomethingIncorporeal, the24thkey",1751389038.292,Dishonored (Video Game),1751389038.292,...,1751389038.292,...,1751389038.292,Through Other Eyes,1751389038.292,2025-07-01T16:57:18.292Z,1751389038.292,2016-05-05T00:00:00.000Z,1751389038.292,1|1|1,1751389038.292,The new Empress' Lord Protector has a lover. This is not a secret.There are many who wish it was.,1751389038.292,2016,1751389038.292,5,1751389038.292,0,1751389038.292,1751389038.292,2019-07-22T11:46:35.840Z,1751389038.292,false,1751389038.292
6842812,yeaka,1751389038.349,"The Silmarillion and other histories of Middle-Earth - J. R. R. Tolkien, TOLKIEN J. R. R. - Works & Related Fandoms",1751389038.349,...,1751389038.349,...,1751389038.349,Fealty,1751389038.349,2025-07-01T16:57:18.349Z,1751389038.349,2016-05-13T00:00:00.000Z,1751389038.349,1|1|1,1751389038.349,A moment with Finrod after Barahir’s saved him.,1751389038.349,536,1751389038.349,5,1751389038.349,0,1751389038.349,1751389038.349,2019-07-29T11:32:56.116Z,1751389038.349,false,1751389038.349
6869740,nyoooms,1751389038.573,ジョジョの奇妙な冒険 | JoJo no Kimyou na Bouken | JoJo's Bizarre Adventure,1751389038.573,...,1751389038.573,...,1751389038.573,"I Wanna Be Good, Wanna Be Yours",1751389038.573,2025-07-01T16:57:18.573Z,1751389038.573,2016-05-16T00:00:00.000Z,1751389038.573,1|1|1,1751389038.573,...,1751389038.573,?,1751389038.573,-1,1751389038.573,0,1751389038.573,1751389038.573,2018-08-09T11:08:20.364Z,1751389038.573,false,1751389038.573
6909934,Dragons_Before_Dawn,1751389038.615,ジョジョの奇妙な冒険 | JoJo no Kimyou na Bouken | JoJo's Bizarre Adventure,1751389038.615,...,1751389038.615,...,1751389038.615,You come over to have a good time,1751389038.615,2025-07-01T16:57:18.615Z,1751389038.615,2016-05-20T00:00:00.000Z,1751389038.615,2|2|1,1751389038.615,...,1751389038.615,?,1751389038.615,1,1751389038.615,0,1751389038.615,1751389038.615,2018-08-09T11:49:58.809Z,1751389038.615,false,1751389038.615
6955828,FabledVillan,1751389038.648,Dishonored (Video Game),1751389038.648,...,1751389038.648,...,1751389038.648,Onyx Eyes,1751389038.648,2025-07-01T16:57:18.648Z,1751389038.648,2016-05-24T00:00:00.000Z,1751389038.648,1|1|1,1751389038.648,...,1751389038.648,?,1751389038.648,-1,1751389038.648,0,1751389038.648,1751389038.648,2017-11-03T00:33:29.707Z,1751389038.648,false,1751389038.648
7044175,Ias,1751389038.68,The Hobbit - All Media Types,1751389038.68,...,1751389038.68,...,1751389038.68,"many paths, through shadow",1751389038.68,2025-07-01T16:57:18.680Z,1751389038.68,2016-06-02T00:00:00.000Z,1751389038.68,19|19|1,1751389038.68,"Sent by the Jedi Council on an assignment to watery Esgaroth, Thranduil finds his feelings for his on-planet contact straying far from what is permitted by the Jedi Code.",1751389038.68,41197,1751389038.68,-1,1751389038.68,0,1751389038.68,1751389038.68,2019-08-20T12:13:50.221Z,1751389038.68,false,1751389038.68
7114579,Technomad,1751389038.714,Gentleman Bastard Sequence - Scott Lynch,1751389038.714,...,1751389038.714,...,1751389038.714,He Drives Me Crazy,1751389038.714,2025-07-01T16:57:18.714Z,1751389038.714,2016-06-06T00:00:00.000Z,1751389038.714,1|1|1,1751389038.714,"After her summer of acting in Espara, Sabetha wants to get out for a quiet drink, away from the boys.  She is at the Last Mistake tavern, when she runs into an old friend.",1751389038.714,3258,1751389038.714,-1,1751389038.714,0,1751389038.714,1751389038.714,2018-12-28T20:52:28.895Z,1751389038.714,false,1751389038.714
7132682,Dragons_Before_Dawn,1751389038.777,ジョジョの奇妙な冒険 | JoJo no Kimyou na Bouken | JoJo's Bizarre Adventure,1751389038.777,...,1751389038.777,...,1751389038.777,Tease,1751389038.777,2025-07-01T16:57:18.777Z,1751389038.777,2016-06-08T00:00:00.000Z,1751389038.777,1|1|1,1751389038.777,...,1751389038.777,?,1751389038.777,1,1751389038.777,0,1751389038.777,1751389038.777,2018-08-09T11:16:34.880Z,1751389038.777,false,1751389038.777
7186379,arctickchild,1751389038.819,Dishonored (Video Game),1751389038.819,...,1751389038.819,...,1751389038.819,Blinks,1751389038.819,2025-07-01T16:57:18.819Z,1751389038.819,2016-06-13T00:00:00.000Z,1751389038.819,1|1|1,1751389038.819,...,1751389038.819,?,1751389038.819,-1,1751389038.819,0,1751389038.819,1751389038.819,2017-11-12T01:23:16.873Z,1751389038.819,false,1751389038.819
7191659,Ms_Chunks,1751389039.044,Dishonored (Video Game),1751389039.044,...,1751389039.044,...,1751389039.044,Against the Tide,1751389039.044,2025-07-01T16:57:19.044Z,1751389039.044,2016-06-13T00:00:00.000Z,1751389039.044,1|1|1,1751389039.044,...,1751389039.044,?,1751389039.044,-1,1751389039.044,0,1751389039.044,1751389039.044,2017-11-08T08:14:39.818Z,1751389039.044,false,1751389039.044
7200251,Olimaru,1751389039.089,ジョジョの奇妙な冒険 | JoJo no Kimyou na Bouken | JoJo's Bizarre Adventure,1751389039.089,...,1751389039.089,...,1751389039.089,Change Your Mind,1751389039.089,2025-07-01T16:57:19.089Z,1751389039.089,2016-06-14T00:00:00.000Z,1751389039.089,1|3|0,1751389039.089,...,1751389039.089,?,1751389039.089,-1,1751389039.089,0,1751389039.089,1751389039.089,2018-07-30T11:23:36.935Z,1751389039.089,false,1751389039.089
7220788,Dragons_Before_Dawn,1751389039.131,ジョジョの奇妙な冒険 | JoJo no Kimyou na Bouken | JoJo's Bizarre Adventure,1751389039.131,...,1751389039.131,...,1751389039.131,Anything For Manga,1751389039.131,2025-07-01T16:57:19.131Z,1751389039.131,2016-10-30T00:00:00.000Z,1751389039.131,2|2|1,1751389039.131,...,1751389039.131,?,1751389039.131,-1,1751389039.131,0,1751389039.131,1751389039.131,2018-07-04T03:57:43.230Z,1751389039.131,false,1751389039.131
7227724,Cosima (Averni),1751389039.175,Dishonored (Video Game),1751389039.175,...,1751389039.175,...,1751389039.175,Когда?,1751389039.175,2025-07-01T16:57:19.175Z,1751389039.175,2016-06-17T00:00:00.000Z,1751389039.175,1|1|1,1751389039.175,...,1751389039.175,?,1751389039.175,-1,1751389039.175,0,1751389039.175,1751389039.175,2017-10-19T05:42:03.206Z,1751389039.175,false,1751389039.175
7238938,lunarcorvid,1751389039.218,Dishonored (Video Game),1751389039.218,...,1751389039.218,...,1751389039.218,"Black Eyes, Black Bruises",1751389039.218,2025-07-01T16:57:19.218Z,1751389039.218,2016-06-20T00:00:00.000Z,1751389039.218,1|?|0,1751389039.218,Corvo's had just about enough of that black-eyed bastard.,1751389039.218,671,1751389039.218,-1,1751389039.218,0,1751389039.218,1751389039.218,2019-07-12T04:55:42.002Z,1751389039.218,false,1751389039.218
7288675,Dragons_Before_Dawn,1751389039.249,ジョジョの奇妙な冒険 | JoJo no Kimyou na Bouken | JoJo's Bizarre Adventure,1751389039.249,...,1751389039.249,...,1751389039.249,Excuse For Head,1751389039.249,2025-07-01T16:57:19.249Z,1751389039.249,2016-06-24T00:00:00.000Z,1751389039.249,1|1|1,1751389039.249,...,1751389039.249,?,1751389039.249,3,1751389039.249,0,1751389039.249,1751389039.249,2018-07-31T16:29:28.085Z,1751389039.249,false,1751389039.249
7313662,Absinok,1751389039.286,Dishonored (Video Game),1751389039.286,...,1751389039.286,...,1751389039.286,This isn't control,1751389039.286,2025-07-01T16:57:19.286Z,1751389039.286,2016-06-26T00:00:00.000Z,1751389039.286,1|1|1,1751389039.286,...,1751389039.286,?,1751389039.286,-1,1751389039.286,0,1751389039.286,1751389039.286,2017-11-12T01:23:10.152Z,1751389039.286,false,1751389039.286
7314013,Demmora,1751389039.336,Dishonored (Video Game),1751389039.336,...,1751389039.336,...,1751389039.336,Kissing Like Drowning,1751389039.336,2025-07-01T16:57:19.336Z,1751389039.336,2016-06-27T00:00:00.000Z,1751389039.336,1|1|1,1751389039.336,"“Oh Corvo, you fascinate me.” He didn’t laugh, but there was a distinctive ripple in the air that conveyed amusement, deep and dark and old—a wellspring of madness waiting to overflow and consume the world. “Do you know the things that have been done in my name? All in the hope in gaining a glimmer of attention? A fraction of the power I give to you? And you,” he smiled, expression wry, “you scorn me.” The Outsider leant in further, smile broadening to reveal rows of sharp jagged teeth that had no place on a human face. “I like that.”",1751389039.336,2385,1751389039.336,5,1751389039.336,0,1751389039.336,1751389039.336,2019-06-08T03:20:22.393Z,1751389039.336,false,1751389039.336
7337398,carvedwhalebones (fuckyeahlucifersupernatural),1751389039.378,Dishonored (Video Game),1751389039.378,...,1751389039.378,...,1751389039.378,One Last Gift,1751389039.378,2025-07-01T16:57:19.378Z,1751389039.378,2016-06-29T00:00:00.000Z,1751389039.378,1|1|1,1751389039.378,...,1751389039.378,?,1751389039.378,1,1751389039.378,0,1751389039.378,1751389039.378,2017-11-08T20:07:31.218Z,1751389039.378,false,1751389039.378
7339837,Nyx Midnight (nyxmidnight),1751389039.414,Dishonored (Video Game),1751389039.414,...,1751389039.414,...,1751389039.414,A Taste of the Void,1751389039.414,2025-07-01T16:57:19.414Z,1751389039.414,2016-06-29T00:00:00.000Z,1751389039.414,1|1|1,1751389039.414,...,1751389039.414,?,1751389039.414,-1,1751389039.414,0,1751389039.414,1751389039.414,2017-11-03T00:26:14.554Z,1751389039.414,false,1751389039.414
7377268,Noriaki_Darby,1751389039.449,ジョジョの奇妙な冒険 | JoJo no Kimyou na Bouken | JoJo's Bizarre Adventure,1751389039.449,...,1751389039.449,...,1751389039.449,Rohan Has Hemorrhoids,1751389039.449,2025-07-01T16:57:19.449Z,1751389039.449,2016-07-05T00:00:00.000Z,1751389039.449,1|1|1,1751389039.449,...,1751389039.449,?,1751389039.449,-1,1751389039.449,0,1751389039.449,1751389039.449,2018-06-17T09:34:58.214Z,1751389039.449,false,1751389039.449
7383352,nyoooms,1751389039.487,ジョジョの奇妙な冒険 | JoJo no Kimyou na Bouken | JoJo's Bizarre Adventure,1751389039.487,...,1751389039.487,...,1751389039.487,Study Buddy,1751389039.487,2025-07-01T16:57:19.487Z,1751389039.487,2016-07-04T00:00:00.000Z,1751389039.487,1|1|1,1751389039.487,...,1751389039.487,?,1751389039.487,-1,1751389039.487,0,1751389039.487,1751389039.487,2018-08-03T03:20:31.402Z,1751389039.487,false,1751389039.487
7384531,Noriaki_Darby,1751389039.531,ジョジョの奇妙な冒険 | JoJo no Kimyou na Bouken | JoJo's Bizarre Adventure,1751389039.531,...,1751389039.531,...,1751389039.531,Rohan Has a Sore Throat,1751389039.531,2025-07-01T16:57:19.531Z,1751389039.531,2016-07-04T00:00:00.000Z,1751389039.531,1|1|1,1751389039.531,...,1751389039.531,?,1751389039.531,1,1751389039.531,0,1751389039.531,1751389039.531,2018-06-17T09:31:35.476Z,1751389039.531,false,1751389039.531
7400794,SoonToBeCyborg,1751389039.567,Dishonored (Video Game),1751389039.567,...,1751389039.567,...,1751389039.567,Forgotten Music,1751389039.567,2025-07-01T16:57:19.567Z,1751389039.567,2016-10-30T00:00:00.000Z,1751389039.567,15|15|1,1751389039.567,...,1751389039.567,?,1751389039.567,3,1751389039.567,0,1751389039.567,1751389039.567,2017-10-21T13:17:37.447Z,1751389039.567,false,1751389039.567
7410307,Larner,1751389039.6,"The Lord of the Rings - J. R. R. Tolkien, Call the Midwife",1751389039.6,...,1751389039.6,...,1751389039.6,A Nun in the Closet,1751389039.6,2025-07-01T16:57:19.600Z,1751389039.6,2016-07-06T00:00:00.000Z,1751389039.6,1|1|1,1751389039.6,Young Pippin finds he isn't the only one raiding the second larder in Bag End.,1751389039.6,1962,1751389039.6,1,1751389039.6,0,1751389039.6,1751389039.6,2019-06-01T20:16:45.399Z,1751389039.6,false,1751389039.6
7422583,Absinok,1751389039.635,Dishonored (Video Game),1751389039.635,...,1751389039.635,...,1751389039.635,Do you laugh while Screaming,1751389039.635,2025-07-01T16:57:19.635Z,1751389039.635,2016-10-02T00:00:00.000Z,1751389039.635,6|6|1,1751389039.635,...,1751389039.635,?,1751389039.635,-1,1751389039.635,0,1751389039.635,1751389039.635,2017-10-21T13:19:36.427Z,1751389039.635,false,1751389039.635
7483059,appomattox,1751389039.672,18th & 19th Century CE RPF,1751389039.672,...,1751389039.672,...,1751389039.672,Lewis & Clark: Pokemon Masters,1751389039.672,2025-07-01T16:57:19.672Z,1751389039.672,2016-07-14T00:00:00.000Z,1751389039.672,1|1|1,1751389039.672,What if Lewis was climbing Tavern Rock because he spotted a Pokemon at the top of it?,1751389039.672,250,1751389039.672,-1,1751389039.672,0,1751389039.672,1751389039.672,2025-06-17T23:56:58.897Z,1751389039.672,false,1751389039.672
7491669,GorgonDivine,1751389039.718,ジョジョの奇妙な冒険 | JoJo no Kimyou na Bouken | JoJo's Bizarre Adventure,1751389039.718,...,1751389039.718,...,1751389039.718,Summer Between Sea and Sky,1751389039.718,2025-07-01T16:57:19.718Z,1751389039.718,2016-07-15T00:00:00.000Z,1751389039.718,1|1|1,1751389039.718,...,1751389039.718,?,1751389039.718,-1,1751389039.718,0,1751389039.718,1751389039.718,2018-07-30T11:21:16.772Z,1751389039.718,false,1751389039.718
7528078,Efa_de_Foks,1751389039.768,Dishonored (Video Game),1751389039.768,...,1751389039.768,...,1751389039.768,Кофейня и бар «Песья яма»,1751389039.768,2025-07-01T16:57:19.768Z,1751389039.768,2017-08-18T00:00:00.000Z,1751389039.768,8|18|0,1751389039.768,...,1751389039.768,?,1751389039.768,-1,1751389039.768,0,1751389039.768,1751389039.768,2017-11-25T04:26:07.476Z,1751389039.768,false,1751389039.768
7530541,CharlieBradbury,1751389039.822,Ghostbusters (2016),1751389039.822,...,1751389039.822,...,1751389039.822,Unless You Want Some More,1751389039.822,2025-07-01T16:57:19.823Z,1751389039.822,2017-02-19T00:00:00.000Z,1751389039.822,10|10|1,1751389039.822,...,1751389039.822,?,1751389039.822,5,1751389039.822,0,1751389039.822,1751389039.822,2017-10-16T03:36:20.270Z,1751389039.822,false,1751389039.822
7542226,nyoooms,1751389039.868,ジョジョの奇妙な冒険 | JoJo no Kimyou na Bouken | JoJo's Bizarre Adventure,1751389039.868,...,1751389039.868,...,1751389039.868,Give Me A Look (And Maybe A Touch),1751389039.868,2025-07-01T16:57:19.868Z,1751389039.868,2016-07-20T00:00:00.000Z,1751389039.868,1|1|1,1751389039.868,...,1751389039.868,?,1751389039.868,1,1751389039.868,0,1751389039.868,1751389039.868,2018-06-21T10:43:27.474Z,1751389039.868,false,1751389039.868
7566082,percybysshes (kitmarlowed),1751389039.907,Dishonored (Video Games),1751389039.907,...,1751389039.907,...,1751389039.907,not enough to conquer,1751389039.907,2025-07-01T16:57:19.907Z,1751389039.907,2016-07-23T00:00:00.000Z,1751389039.907,1|1|1,1751389039.907,...,1751389039.907,?,1751389039.907,1,1751389039.907,0,1751389039.907,1751389039.907,2017-10-21T13:55:33.080Z,1751389039.907,false,1751389039.907
7573900,Jalules,1751389039.94,Ghostbusters (2016),1751389039.94,...,1751389039.94,...,1751389039.94,Too Much,1751389039.94,2025-07-01T16:57:19.940Z,1751389039.94,2016-07-24T00:00:00.000Z,1751389039.94,1|1|1,1751389039.94,...,1751389039.94,?,1751389039.94,5,1751389039.94,0,1751389039.94,1751389039.94,2017-10-16T03:36:15.783Z,1751389039.94,false,1751389039.94
7580047,Dragons_Before_Dawn,1751389039.977,ジョジョの奇妙な冒険 | JoJo no Kimyou na Bouken | JoJo's Bizarre Adventure,1751389039.977,...,1751389039.977,...,1751389039.977,In the Morning Sway,1751389039.977,2025-07-01T16:57:19.977Z,1751389039.977,2016-07-25T00:00:00.000Z,1751389039.977,1|1|1,1751389039.977,...,1751389039.977,?,1751389039.977,-1,1751389039.977,0,1751389039.977,1751389039.977,2018-08-03T03:33:20.162Z,1751389039.977,false,1751389039.977
7584154,LiveOakWithMoss,1751389040.016,The Silmarillion and other histories of Middle-Earth - J. R. R. Tolkien,1751389040.016,...,1751389040.016,...,1751389040.016,In you I wrap a thousand onward years,1751389040.016,2025-07-01T16:57:20.016Z,1751389040.016,2016-07-25T00:00:00.000Z,1751389040.016,1|1|1,1751389040.016,"From first times to last times, some intimate moments between Finrod and Barahir.",1751389040.016,1191,1751389040.016,5,1751389040.016,0,1751389040.016,1751389040.016,2019-07-28T14:47:41.107Z,1751389040.016,false,1751389040.016
7602394,Etstrubal,1751389040.053,Gentleman Bastard Sequence - Scott Lynch,1751389040.053,...,1751389040.053,...,1751389040.053,Midnight Fever,1751389040.053,2025-07-01T16:57:20.053Z,1751389040.053,2016-07-27T00:00:00.000Z,1751389040.053,1|1|1,1751389040.053,...,1751389040.053,?,1751389040.053,3,1751389040.053,0,1751389040.053,1751389040.053,2017-12-30T05:48:30.631Z,1751389040.053,false,1751389040.053
7604872,Octopus,1751389040.098,ジョジョの奇妙な冒険 | JoJo no Kimyou na Bouken | JoJo's Bizarre Adventure,1751389040.098,...,1751389040.098,...,1751389040.098,Duplex,1751389040.098,2025-07-01T16:57:20.098Z,1751389040.098,2016-07-27T00:00:00.000Z,1751389040.098,1|1|1,1751389040.098,...,1751389040.098,?,1751389040.098,-1,1751389040.098,0,1751389040.098,1751389040.098,2018-06-17T09:40:12.222Z,1751389040.098,false,1751389040.098
7606351,steampoweredgal,1751389040.14,Dishonored (Video Games),1751389040.14,...,1751389040.14,...,1751389040.14,The Lonely Places of Your World,1751389040.14,2025-07-01T16:57:20.140Z,1751389040.14,2016-07-28T00:00:00.000Z,1751389040.14,6|?|0,1751389040.14,...,1751389040.14,?,1751389040.14,-1,1751389040.14,0,1751389040.14,1751389040.14,2017-11-08T18:07:07.576Z,1751389040.14,false,1751389040.14
7612558,aomame (heart_nouveau),1751389040.228,Ghostbusters (2016),1751389040.228,...,1751389040.228,...,1751389040.228,flip it and reverse it,1751389040.228,2025-07-01T16:57:20.228Z,1751389040.228,2016-08-22T00:00:00.000Z,1751389040.228,1|1|1,1751389040.228,"After hours, Patty gets a helping hand from Holtzmann. Things don't go as expected.",1751389040.228,3123,1751389040.228,5,1751389040.228,0,1751389040.228,1751389040.228,2019-06-08T03:20:34.012Z,1751389040.228,false,1751389040.228
7631017,Dragons_Before_Dawn,1751389040.264,ジョジョの奇妙な冒険 | JoJo no Kimyou na Bouken | JoJo's Bizarre Adventure,1751389040.264,...,1751389040.264,...,1751389040.264,Mangaka's Surprise,1751389040.264,2025-07-01T16:57:20.264Z,1751389040.264,2016-07-30T00:00:00.000Z,1751389040.264,1|1|1,1751389040.264,...,1751389040.264,?,1751389040.264,1,1751389040.264,0,1751389040.264,1751389040.264,2018-08-03T04:04:51.244Z,1751389040.264,false,1751389040.264
7642648,squidbobs,1751389040.3,ジョジョの奇妙な冒険 | JoJo no Kimyou na Bouken | JoJo's Bizarre Adventure,1751389040.3,...,1751389040.3,...,1751389040.3,Helping Hand,1751389040.3,2025-07-01T16:57:20.300Z,1751389040.3,2016-08-01T00:00:00.000Z,1751389040.3,1|1|1,1751389040.3,...,1751389040.3,?,1751389040.3,-1,1751389040.3,0,1751389040.3,1751389040.3,2018-06-18T04:26:25.529Z,1751389040.3,false,1751389040.3
7654150,starstrung,1751389040.343,Dishonored (Video Games),1751389040.343,...,1751389040.343,...,1751389040.343,lay in ruins,1751389040.343,2025-07-01T16:57:20.343Z,1751389040.343,2016-08-02T00:00:00.000Z,1751389040.343,1|1|1,1751389040.343,...,1751389040.343,?,1751389040.343,1,1751389040.343,0,1751389040.343,1751389040.343,2017-11-03T00:22:39.632Z,1751389040.343,false,1751389040.343
7654747,Exulansis,1751389040.382,Ghostbusters (2016),1751389040.382,...,1751389040.382,...,1751389040.382,she will be your living end,1751389040.382,2025-07-01T16:57:20.382Z,1751389040.382,2016-08-03T00:00:00.000Z,1751389040.382,1|1|1,1751389040.382,...,1751389040.382,?,1751389040.382,5,1751389040.382,0,1751389040.382,1751389040.382,2017-10-16T03:36:13.596Z,1751389040.382,false,1751389040.382
7668274,nyoooms,1751389040.418,ジョジョの奇妙な冒険 | JoJo no Kimyou na Bouken | JoJo's Bizarre Adventure,1751389040.418,...,1751389040.418,...,1751389040.418,Our Hearts Irrevocably Entwined,1751389040.418,2025-07-01T16:57:20.418Z,1751389040.418,2016-08-03T00:00:00.000Z,1751389040.418,1|1|1,1751389040.418,...,1751389040.418,?,1751389040.418,1,1751389040.418,0,1751389040.418,1751389040.418,2018-07-29T12:44:31.995Z,1751389040.418,false,1751389040.418
7683157,aerynlallaboso,1751389040.454,Dishonored (Video Games),1751389040.454,...,1751389040.454,...,1751389040.454,iconoclasm,1751389040.454,2025-07-01T16:57:20.454Z,1751389040.454,2016-08-05T00:00:00.000Z,1751389040.454,8|8|1,1751389040.454,"The end is near, the Heart whispers to him as he is about to drift off to sleep. Be careful, Corvo.(The Eighth year of the reign of Empress Emily Kaldwin, First of her Name, the second year without a whisper from the Outsider, is the year the Void chooses to mark the end of an era.)",1751389040.454,53059,1751389040.454,5,1751389040.454,0,1751389040.454,1751389040.454,2019-06-30T03:03:07.656Z,1751389040.454,false,1751389040.454
7740859,npcx,1751389040.491,Dishonored (Video Games),1751389040.491,...,1751389040.491,...,1751389040.491,Lungs Stained With Ink,1751389040.491,2025-07-01T16:57:20.491Z,1751389040.491,2016-08-11T00:00:00.000Z,1751389040.491,1|1|1,1751389040.491,...,1751389040.491,?,1751389040.491,-1,1751389040.491,0,1751389040.491,1751389040.491,2017-11-12T01:26:46.369Z,1751389040.491,false,1751389040.491
7759810,Dragons_Before_Dawn,1751389040.531,ジョジョの奇妙な冒険 | JoJo no Kimyou na Bouken | JoJo's Bizarre Adventure,1751389040.531,...,1751389040.531,...,1751389040.531,Knock Before Entering,1751389040.531,2025-07-01T16:57:20.531Z,1751389040.531,2016-08-13T00:00:00.000Z,1751389040.531,1|1|1,1751389040.531,...,1751389040.531,?,1751389040.531,1,1751389040.531,0,1751389040.531,1751389040.531,2018-07-29T17:42:50.871Z,1751389040.531,false,1751389040.531
7792702,tek9cb,1751389040.597,Dishonored (Video Games),1751389040.597,...,1751389040.597,...,1751389040.597,Agape,1751389040.597,2025-07-01T16:57:20.597Z,1751389040.597,2016-08-17T00:00:00.000Z,1751389040.597,1|1|1,1751389040.597,"Agape (n.) Greek - the selfless, unconditional love of one who worships the Divine
Corvo’s love is worship.",1751389040.597,6556,1751389040.597,5,1751389040.597,0,1751389040.597,1751389040.597,2019-06-08T03:20:41.994Z,1751389040.597,false,1751389040.597
7806133,argyleasterisks,1751389040.639,Gentleman Bastard Sequence - Scott Lynch,1751389040.639,...,1751389040.639,...,1751389040.639,Sleeper's Blossom,1751389040.639,2025-07-01T16:57:20.639Z,1751389040.639,2016-08-18T00:00:00.000Z,1751389040.639,1|1|1,1751389040.639,"When Locke inadvertently gets himself drugged with someone else's drink, and Jean takes far too long determining just what ails him, there is only one option left to save Locke's life.",1751389040.639,3022,1751389040.639,5,1751389040.639,0,1751389040.639,1751389040.639,2020-01-06T12:51:42.411Z,1751389040.639,false,1751389040.639
7853629,Hectopascal,1751389040.688,Dishonored (Video Games),1751389040.688,...,1751389040.688,...,1751389040.688,my favorite word is you,1751389040.688,2025-07-01T16:57:20.688Z,1751389040.688,2016-08-24T00:00:00.000Z,1751389040.688,1|?|0,1751389040.688,...,1751389040.688,?,1751389040.688,-1,1751389040.688,0,1751389040.688,1751389040.688,2017-11-08T08:12:50.017Z,1751389040.688,false,1751389040.688
7898200,"Carmarthen, motetus",1751389040.724,"Star Wars Original Trilogy, Star Wars Episode IV: A New Hope",1751389040.724,...,1751389040.724,...,1751389040.724,"Waste Not, Want Not",1751389040.724,2025-07-01T16:57:20.724Z,1751389040.724,2016-08-28T00:00:00.000Z,1751389040.724,1|1|1,1751389040.724,...,1751389040.724,?,1751389040.724,3,1751389040.724,0,1751389040.724,1751389040.724,2017-10-16T00:05:57.916Z,1751389040.724,false,1751389040.724
7900759,argyleasterisks,1751389040.766,"Gentleman Bastard Sequence - Scott Lynch, Penn & Teller (Fool Us)",1751389040.766,...,1751389040.766,...,1751389040.766,"First, We Need A Free Trip to Las Vegas",1751389040.766,2025-07-01T16:57:20.766Z,1751389040.766,2016-08-28T00:00:00.000Z,1751389040.766,1|1|1,1751389040.766,"It's some kind of convoluted scheme to rob a casino, but the very first step involves going on TV and doing magic tricks for money.",1751389040.766,3265,1751389040.766,-1,1751389040.766,0,1751389040.766,1751389040.766,2019-08-28T12:03:04.429Z,1751389040.766,false,1751389040.766
7909159,"Octopus, yaoi_yaoieverywhere",1751389040.803,ジョジョの奇妙な冒険 | JoJo no Kimyou na Bouken | JoJo's Bizarre Adventure,1751389040.803,...,1751389040.803,...,1751389040.803,Scraplings,1751389040.803,2025-07-01T16:57:20.803Z,1751389040.803,2016-08-31T00:00:00.000Z,1751389040.803,9|?|0,1751389040.803,...,1751389040.803,?,1751389040.803,-1,1751389040.803,0,1751389040.803,1751389040.803,2018-06-27T08:46:57.670Z,1751389040.803,false,1751389040.803
7916287,aunt_zelda,1751389040.843,Dishonored (Video Games),1751389040.843,...,1751389040.843,...,1751389040.843,"Pangs of Agony, Notes of Pain",1751389040.843,2025-07-01T16:57:20.843Z,1751389040.843,2016-08-30T00:00:00.000Z,1751389040.843,1|1|1,1751389040.843,...,1751389040.843,?,1751389040.843,1,1751389040.843,0,1751389040.843,1751389040.843,2017-11-12T01:26:14.673Z,1751389040.843,false,1751389040.843
7948489,nyoooms,1751389040.881,ジョジョの奇妙な冒険 | JoJo no Kimyou na Bouken | JoJo's Bizarre Adventure,1751389040.881,...,1751389040.881,...,1751389040.881,Prognosis,1751389040.881,2025-07-01T16:57:20.881Z,1751389040.881,2016-09-03T00:00:00.000Z,1751389040.881,1|1|1,1751389040.881,...,1751389040.881,?,1751389040.881,1,1751389040.881,0,1751389040.881,1751389040.881,2018-07-29T17:53:01.973Z,1751389040.881,false,1751389040.881
7970662,apples4ryuk,1751389040.929,ジョジョの奇妙な冒険 | JoJo no Kimyou na Bouken | JoJo's Bizarre Adventure,1751389040.929,...,1751389040.929,...,1751389040.929,Walk-In,1751389040.929,2025-07-01T16:57:20.929Z,1751389040.929,2016-09-05T00:00:00.000Z,1751389040.929,1|1|1,1751389040.929,...,1751389040.929,?,1751389040.929,-1,1751389040.929,0,1751389040.929,1751389040.929,2018-06-17T09:36:45.463Z,1751389040.929,false,1751389040.929
8054779,Sixthlight,1751389040.967,Rivers of London - Ben Aaronovitch,1751389040.967,...,1751389040.967,...,1751389040.967,the future surprises us,1751389040.967,2025-07-01T16:57:20.967Z,1751389040.967,2016-09-17T00:00:00.000Z,1751389040.967,1|1|1,1751389040.967,"I’m old enough and smart enough to know that it happens, sometimes, you catch yourself checking out somebody you work with or spend time with. It doesn’t mean anything more than a passing thought. [Companion piece to stranger than you could imagine.]",1751389040.967,6027,1751389040.967,5,1751389040.967,0,1751389040.967,1751389040.967,2019-07-22T04:12:12.659Z,1751389040.967,false,1751389040.967
8104327,"Rethira, Gianeya, typervoxilations",1751389041.009,Dishonored (Video Games),1751389041.009,...,1751389041.009,...,1751389041.009,The Rat King,1751389041.009,2025-07-01T16:57:21.009Z,1751389041.009,2016-09-21T00:00:00.000Z,1751389041.009,1|1|1,1751389041.009,...,1751389041.009,?,1751389041.009,1,1751389041.009,0,1751389041.009,1751389041.009,2017-11-12T01:47:07.934Z,1751389041.009,false,1751389041.009
8116495,Dragons_Before_Dawn,1751389041.054,ジョジョの奇妙な冒険 | JoJo no Kimyou na Bouken | JoJo's Bizarre Adventure,1751389041.054,...,1751389041.054,...,1751389041.054,Anatomy Practice,1751389041.054,2025-07-01T16:57:21.054Z,1751389041.054,2016-09-23T00:00:00.000Z,1751389041.054,1|1|1,1751389041.054,"Rohan noticed his anatomy started to falter lately, and like he believed for everything manga, story-telling came from reality, and the only way he believed he could cure his small art block was to study and experience it for himself. And much to his displeasure the perfect body he needed to study was in Morioh--by the name of Josuke Higashikata.(Rohan calls Josuke over so he could study him but he gets a little close and personal. Then things get weird for them.)",1751389041.054,4735,1751389041.054,3,1751389041.054,0,1751389041.054,1751389041.054,2018-08-25T13:18:30.411Z,1751389041.054,false,1751389041.054
8124127,starstrung,1751389041.09,Dishonored (Video Games),1751389041.09,...,1751389041.09,...,1751389041.09,gather all your scattered prayers,1751389041.09,2025-07-01T16:57:21.090Z,1751389041.09,2016-09-24T00:00:00.000Z,1751389041.09,1|1|1,1751389041.09,"If Dunwall is to maintain its stability, it will need the support of the Abbey. Corvo does not anticipate how the Outsider reacts to this.",1751389041.09,2500,1751389041.09,3,1751389041.09,0,1751389041.09,1751389041.09,2017-10-22T16:09:29.084Z,1751389041.09,false,1751389041.09
8131420,typervoxilations,1751389041.133,Dishonored (Video Games),1751389041.133,...,1751389041.133,...,1751389041.133,patron saint of imperfection,1751389041.133,2025-07-01T16:57:21.133Z,1751389041.133,2016-09-25T00:00:00.000Z,1751389041.133,1|1|1,1751389041.133,...,1751389041.133,?,1751389041.133,-1,1751389041.133,0,1751389041.133,1751389041.133,2017-11-08T08:12:26.006Z,1751389041.133,false,1751389041.133
8159459,yaoi_yaoieverywhere,1751389041.181,ジョジョの奇妙な冒険 | JoJo no Kimyou na Bouken | JoJo's Bizarre Adventure,1751389041.181,...,1751389041.181,...,1751389041.181,Boner Emergency,1751389041.181,2025-07-01T16:57:21.181Z,1751389041.181,2016-10-30T00:00:00.000Z,1751389041.181,2|?|0,1751389041.181,...,1751389041.181,?,1751389041.181,-1,1751389041.181,0,1751389041.181,1751389041.181,2018-06-19T23:03:45.054Z,1751389041.181,false,1751389041.181
8166571,orphan_account,1751389041.222,Dishonored (Video Games),1751389041.222,...,1751389041.222,...,1751389041.222,Can You Feel the New Day Rising?,1751389041.222,2025-07-01T16:57:21.222Z,1751389041.222,2016-09-30T00:00:00.000Z,1751389041.222,1|1|1,1751389041.222,...,1751389041.222,?,1751389041.222,1,1751389041.222,0,1751389041.222,1751389041.222,2017-11-08T18:03:48.006Z,1751389041.222,false,1751389041.222
8211451,carriejack03,1751389041.272,ジョジョの奇妙な冒険 | JoJo no Kimyou na Bouken | JoJo's Bizarre Adventure,1751389041.272,...,1751389041.272,...,1751389041.272,Bored and Horny,1751389041.272,2025-07-01T16:57:21.272Z,1751389041.272,2016-10-04T00:00:00.000Z,1751389041.272,1|1|1,1751389041.272,...,1751389041.272,?,1751389041.272,-1,1751389041.272,0,1751389041.272,1751389041.272,2018-06-17T09:35:29.574Z,1751389041.272,false,1751389041.272
8220943,Dragons_Before_Dawn,1751389041.313,ジョジョの奇妙な冒険 | JoJo no Kimyou na Bouken | JoJo's Bizarre Adventure,1751389041.313,...,1751389041.313,...,1751389041.313,Waiting,1751389041.313,2025-07-01T16:57:21.313Z,1751389041.313,2016-10-05T00:00:00.000Z,1751389041.313,1|1|1,1751389041.313,...,1751389041.313,?,1751389041.313,1,1751389041.313,0,1751389041.313,1751389041.313,2018-07-30T03:10:56.232Z,1751389041.313,false,1751389041.313
8235728,DastardlyDaisy,1751389041.354,ジョジョの奇妙な冒険 | JoJo no Kimyou na Bouken | JoJo's Bizarre Adventure,1751389041.354,...,1751389041.354,...,1751389041.354,Take It,1751389041.354,2025-07-01T16:57:21.354Z,1751389041.354,2016-10-08T00:00:00.000Z,1751389041.354,1|1|1,1751389041.354,...,1751389041.354,?,1751389041.354,-1,1751389041.354,0,1751389041.354,1751389041.354,2018-07-01T14:39:01.410Z,1751389041.354,false,1751389041.354
8243881,apples4ryuk,1751389041.393,ジョジョの奇妙な冒険 | JoJo no Kimyou na Bouken | JoJo's Bizarre Adventure,1751389041.393,...,1751389041.393,...,1751389041.393,Sit On My D*ck,1751389041.393,2025-07-01T16:57:21.393Z,1751389041.393,2016-10-09T00:00:00.000Z,1751389041.393,1|1|1,1751389041.393,...,1751389041.393,?,1751389041.393,-1,1751389041.393,0,1751389041.393,1751389041.393,2018-07-29T12:33:03.168Z,1751389041.393,false,1751389041.393
8246740,"Dragons_Before_Dawn, Rohan_Kishibae, Dragons_Before_Dawn",1751389041.436,ジョジョの奇妙な冒険 | JoJo no Kimyou na Bouken | JoJo's Bizarre Adventure,1751389041.436,...,1751389041.436,...,1751389041.436,Knocking on Heaven's Door,1751389041.436,2025-07-01T16:57:21.436Z,1751389041.436,2016-10-09T00:00:00.000Z,1751389041.436,11|11|1,1751389041.436,...,1751389041.436,?,1751389041.436,-1,1751389041.436,0,1751389041.436,1751389041.436,2018-07-13T03:56:11.291Z,1751389041.436,false,1751389041.436
8260028,BackwardBandit,1751389041.486,Dishonored (Video Games),1751389041.486,...,1751389041.486,...,1751389041.486,Heart of the Leviathan,1751389041.486,2025-07-01T16:57:21.486Z,1751389041.486,2016-10-18T00:00:00.000Z,1751389041.486,2|?|0,1751389041.486,"Summary: The Outsider shows up at Corvo’s chambers one night after the events of Dishonored, powerless and mortal. Will Corvo be able to rescue the last leviathan and restore the Outsider to godhood, and get him to act like a normal human in the meantime? Probably not, but I’m sure you’ll find the attempt fascinating.",1751389041.486,4549,1751389041.486,3,1751389041.486,0,1751389041.486,1751389041.486,2019-07-19T02:57:42.878Z,1751389041.486,false,1751389041.486
8271281,SpineAndSpite,1751389041.535,ジョジョの奇妙な冒険 | JoJo no Kimyou na Bouken | JoJo's Bizarre Adventure,1751389041.535,...,1751389041.535,...,1751389041.535,It's Not About Reciprocation,1751389041.535,2025-07-01T16:57:21.535Z,1751389041.535,2016-10-13T00:00:00.000Z,1751389041.535,1|1|1,1751389041.535,...,1751389041.535,?,1751389041.535,1,1751389041.535,0,1751389041.535,1751389041.535,2018-07-30T10:36:00.293Z,1751389041.535,false,1751389041.535
8275687,whalersandsailors,1751389041.582,Dishonored (Video Games),1751389041.582,...,1751389041.582,...,1751389041.582,let me take the world from your shoulders,1751389041.582,2025-07-01T16:57:21.582Z,1751389041.582,2016-10-13T00:00:00.000Z,1751389041.582,1|1|1,1751389041.582,...,1751389041.582,?,1751389041.582,1,1751389041.582,0,1751389041.582,1751389041.582,2017-11-08T13:44:13.708Z,1751389041.582,false,1751389041.582
8283682,Sixthlight,1751389041.629,Rivers of London - Ben Aaronovitch,1751389041.629,...,1751389041.629,...,1751389041.629,Questions of Character,1751389041.629,2025-07-01T16:57:21.629Z,1751389041.629,2016-10-14T00:00:00.000Z,1751389041.629,1|1|1,1751389041.629,"I’m embarrassed to admit that it wasn’t Nightingale kissing me, that night, that made me realise there was something seriously wrong.",1751389041.629,6404,1751389041.629,5,1751389041.629,0,1751389041.629,1751389041.629,2017-10-16T03:36:02.862Z,1751389041.629,false,1751389041.629
8293967,versayce,1751389041.671,Dishonored (Video Games),1751389041.671,...,1751389041.671,...,1751389041.671,Sacrificial,1751389041.671,2025-07-01T16:57:21.671Z,1751389041.671,2016-10-16T00:00:00.000Z,1751389041.671,1|1|1,1751389041.671,...,1751389041.671,?,1751389041.671,1,1751389041.671,0,1751389041.671,1751389041.671,2017-10-23T06:09:08.651Z,1751389041.671,false,1751389041.671
8298359,cowboychris,1751389041.716,ジョジョの奇妙な冒険 | JoJo no Kimyou na Bouken | JoJo's Bizarre Adventure,1751389041.716,...,1751389041.716,...,1751389041.716,"Ahhh, Anuzzer Day In Bikini (Morioh) Bottom",1751389041.716,2025-07-01T16:57:21.716Z,1751389041.716,2016-10-16T00:00:00.000Z,1751389041.716,1|1|1,1751389041.716,...,1751389041.716,?,1751389041.716,-1,1751389041.716,0,1751389041.716,1751389041.716,2018-07-29T12:32:42.594Z,1751389041.716,false,1751389041.716
8328157,DastardlyDaisy,1751389041.764,ジョジョの奇妙な冒険 | JoJo no Kimyou na Bouken | JoJo's Bizarre Adventure,1751389041.764,...,1751389041.764,...,1751389041.764,If It Were Any Other Way,1751389041.764,2025-07-01T16:57:21.764Z,1751389041.764,2016-10-20T00:00:00.000Z,1751389041.764,1|1|1,1751389041.764,...,1751389041.764,?,1751389041.764,-1,1751389041.764,0,1751389041.764,1751389041.764,2018-06-17T09:37:56.649Z,1751389041.764,false,1751389041.764
8331334,carriejack03,1751389041.801,ジョジョの奇妙な冒険 | JoJo no Kimyou na Bouken | JoJo's Bizarre Adventure,1751389041.801,...,1751389041.801,...,1751389041.801,Heat Scent,1751389041.801,2025-07-01T16:57:21.801Z,1751389041.801,2016-10-20T00:00:00.000Z,1751389041.801,1|1|1,1751389041.801,...,1751389041.801,?,1751389041.801,-1,1751389041.801,0,1751389041.801,1751389041.801,2018-07-01T14:37:15.790Z,1751389041.801,false,1751389041.801
8369620,Gianeya,1751389041.844,Dishonored (Video Games),1751389041.844,...,1751389041.844,...,1751389041.844,в момент отлива,1751389041.844,2025-07-01T16:57:21.844Z,1751389041.844,2016-10-24T00:00:00.000Z,1751389041.844,1|1|1,1751389041.844,...,1751389041.844,?,1751389041.844,-1,1751389041.844,0,1751389041.844,1751389041.844,2017-10-19T05:43:30.990Z,1751389041.844,false,1751389041.844
8369761,Gianeya,1751389041.88,Dishonored (Video Games),1751389041.88,...,1751389041.88,...,1751389041.88,"Значит, миру так надо",1751389041.88,2025-07-01T16:57:21.880Z,1751389041.88,2016-10-24T00:00:00.000Z,1751389041.88,1|1|1,1751389041.88,...,1751389041.88,?,1751389041.88,-1,1751389041.88,0,1751389041.88,1751389041.88,2017-10-19T05:43:29.826Z,1751389041.88,false,1751389041.88
8398243,orphan_account,1751389041.92,Dishonored (Video Games),1751389041.92,...,1751389041.92,...,1751389041.92,And Even the Devil Forgives,1751389041.92,2025-07-01T16:57:21.920Z,1751389041.92,2016-10-27T00:00:00.000Z,1751389041.92,1|1|1,1751389041.92,The Outsider offers.Corvo always accepts.,1751389041.92,2675,1751389041.92,-1,1751389041.92,0,1751389041.92,1751389041.92,2019-07-12T04:52:05.176Z,1751389041.92,false,1751389041.92
8398483,SpineAndSpite,1751389041.959,ジョジョの奇妙な冒険 | JoJo no Kimyou na Bouken | JoJo's Bizarre Adventure,1751389041.959,...,1751389041.959,...,1751389041.959,A Ghost When I Walk In,1751389041.959,2025-07-01T16:57:21.959Z,1751389041.959,2016-10-28T00:00:00.000Z,1751389041.959,1|1|1,1751389041.959,...,1751389041.959,?,1751389041.959,3,1751389041.959,0,1751389041.959,1751389041.959,2018-07-28T04:35:06.784Z,1751389041.959,false,1751389041.959
8402185,TWLBOAJ,1751389041.999,ジョジョの奇妙な冒険 | JoJo no Kimyou na Bouken | JoJo's Bizarre Adventure,1751389041.999,...,1751389041.999,...,1751389041.999,You Could've Just Asked,1751389041.999,2025-07-01T16:57:21.999Z,1751389041.999,2016-10-28T00:00:00.000Z,1751389041.999,4|4|1,1751389041.999,...,1751389041.999,?,1751389041.999,-1,1751389041.999,0,1751389041.999,1751389041.999,2018-07-29T04:29:47.252Z,1751389041.999,false,1751389041.999
8422627,orphan_account,1751389042.041,Dishonored (Video Games),1751389042.041,...,1751389042.041,...,1751389042.041,Copper Coloured Kisses,1751389042.041,2025-07-01T16:57:22.041Z,1751389042.041,2016-10-30T00:00:00.000Z,1751389042.041,1|1|1,1751389042.041,...,1751389042.041,?,1751389042.041,-1,1751389042.041,0,1751389042.041,1751389042.041,2017-10-23T06:09:52.304Z,1751389042.041,false,1751389042.041
8435743,orphan_account,1751389042.085,Dishonored (Video Games),1751389042.085,...,1751389042.085,...,1751389042.085,Sleepless Psalms,1751389042.085,2025-07-01T16:57:22.085Z,1751389042.085,2016-10-31T00:00:00.000Z,1751389042.085,1|1|1,1751389042.085,...,1751389042.085,?,1751389042.085,-1,1751389042.085,0,1751389042.085,1751389042.085,2017-10-21T13:17:10.803Z,1751389042.085,false,1751389042.085
8437507,Dragons_Before_Dawn,1751389042.136,ジョジョの奇妙な冒険 | JoJo no Kimyou na Bouken | JoJo's Bizarre Adventure,1751389042.136,...,1751389042.136,...,1751389042.136,Hungry,1751389042.136,2025-07-01T16:57:22.136Z,1751389042.136,2016-11-01T00:00:00.000Z,1751389042.136,1|1|1,1751389042.136,...,1751389042.136,?,1751389042.136,-1,1751389042.136,0,1751389042.136,1751389042.136,2018-07-28T04:36:58.226Z,1751389042.136,false,1751389042.136
8457502,cowboychris,1751389042.18,ジョジョの奇妙な冒険 | JoJo no Kimyou na Bouken | JoJo's Bizarre Adventure,1751389042.18,...,1751389042.18,...,1751389042.18,ROHAN'S SALTY SPELLING SURPRISE PART 3,1751389042.18,2025-07-01T16:57:22.180Z,1751389042.18,2016-11-02T00:00:00.000Z,1751389042.18,1|1|1,1751389042.18,...,1751389042.18,?,1751389042.18,-1,1751389042.18,0,1751389042.18,1751389042.18,2018-07-28T03:58:33.651Z,1751389042.18,false,1751389042.18
8464591,"gappy_higashikata, UROPHILE",1751389042.219,ジョジョの奇妙な冒険 | JoJo no Kimyou na Bouken | JoJo's Bizarre Adventure,1751389042.219,...,1751389042.219,...,1751389042.219,You Don't Know Me,1751389042.219,2025-07-01T16:57:22.219Z,1751389042.219,2016-11-03T00:00:00.000Z,1751389042.219,1|1|1,1751389042.219,...,1751389042.219,?,1751389042.219,-1,1751389042.219,0,1751389042.219,1751389042.219,2018-07-02T11:26:11.629Z,1751389042.219,false,1751389042.219
8466928,TWLBOAJ,1751389042.265,ジョジョの奇妙な冒険 | JoJo no Kimyou na Bouken | JoJo's Bizarre Adventure,1751389042.265,...,1751389042.265,...,1751389042.265,Kiss Me Like That Again,1751389042.265,2025-07-01T16:57:22.265Z,1751389042.265,2016-11-17T00:00:00.000Z,1751389042.265,5|5|1,1751389042.265,...,1751389042.265,?,1751389042.265,-1,1751389042.265,0,1751389042.265,1751389042.265,2018-06-19T22:59:36.756Z,1751389042.265,false,1751389042.265
8523301,busaikko,1751409909.94,Harry Potter - J. K. Rowling,1751409909.94,M/MMulti,1751409909.94,"Sirius Black/Remus Lupin,Regulus Black/Remus Lupin,Regulus Black/Sirius Black/Remus Lupin",1751409909.94,When I Burn,1751409909.94,2025-07-01T22:45:09.941Z,1751409909.94,2005-10-08T00:00:00.000Z,1751409909.94,1|1|true,1751409909.94,It could have happened like this.,1751409909.94,806,1751409909.94,-1,1751409909.94,0,1751409909.94,1751409909.94,2025-07-01T22:45:21.423Z,1751409909.94,false,1751409909.94
8572594,aerynlallaboso,1751389042.304,Dishonored (Video Games),1751389042.304,...,1751389042.304,...,1751389042.304,apotheosis,1751389042.304,2025-07-01T16:57:22.304Z,1751389042.304,2017-06-15T00:00:00.000Z,1751389042.304,7|?|0,1751389042.304,...,1751389042.304,?,1751389042.304,-1,1751389042.304,0,1751389042.304,1751389042.304,2017-11-02T12:43:47.502Z,1751389042.304,false,1751389042.304
8592481,imperfectkreis,1751389042.348,Dishonored (Video Games),1751389042.348,...,1751389042.348,...,1751389042.348,Barricade,1751389042.348,2025-07-01T16:57:22.348Z,1751389042.348,2016-11-19T00:00:00.000Z,1751389042.348,1|1|1,1751389042.348,...,1751389042.348,?,1751389042.348,3,1751389042.348,0,1751389042.348,1751389042.348,2017-11-02T12:59:30.105Z,1751389042.348,false,1751389042.348
8596027,Jaeger Gipsy Danger (Carleen),1751389042.391,"Dishonored (Video Games), Dishonored 2 - Fandom",1751389042.391,...,1751389042.391,...,1751389042.391,Something Wicked,1751389042.391,2025-07-01T16:57:22.391Z,1751389042.391,2016-11-19T00:00:00.000Z,1751389042.391,1|1|1,1751389042.391,...,1751389042.391,?,1751389042.391,-1,1751389042.391,0,1751389042.391,1751389042.391,2017-11-08T13:41:33.646Z,1751389042.391,false,1751389042.391
8605687,Udunie,1751389042.434,Original Work,1751389042.434,...,1751389042.434,...,1751389042.434,The Doll of London,1751389042.434,2025-07-01T16:57:22.434Z,1751389042.434,2016-11-20T00:00:00.000Z,1751389042.434,1|1|1,1751389042.434,"Oren took a deep breath, letting himself feel what a human would; the chill, the smells, the sound of horse hooves on cobblestone. Amazing. No matter how long he lived, Oren never felt more alive than when he walked among mortals.It took him a second to orient himself, the city had changed a bit in his absence. He hoped he didn’t miss too much, otherwise people who used to know him would find his reappearance alarming. Then again, the English had a hard time seeing difference between people who were of other races. If all else failed he would make up a new name for himself.",1751389042.434,3791,1751389042.434,1,1751389042.434,0,1751389042.434,1751389042.434,2019-01-22T05:33:49.204Z,1751389042.434,false,1751389042.434
8624557,KonoDioDa,1751389042.488,ジョジョの奇妙な冒険 | JoJo no Kimyou na Bouken | JoJo's Bizarre Adventure,1751389042.488,...,1751389042.488,...,1751389042.488,Back In Time,1751389042.488,2025-07-01T16:57:22.488Z,1751389042.488,2016-12-27T00:00:00.000Z,1751389042.488,5|?|0,1751389042.488,...,1751389042.488,?,1751389042.488,-1,1751389042.488,0,1751389042.488,1751389042.488,2018-07-29T04:33:18.520Z,1751389042.488,false,1751389042.488
8625628,Dickscar,1751389042.543,ジョジョの奇妙な冒険 | JoJo no Kimyou na Bouken | JoJo's Bizarre Adventure,1751389042.543,...,1751389042.543,...,1751389042.543,Swipe Right,1751389042.543,2025-07-01T16:57:22.543Z,1751389042.543,2016-11-22T00:00:00.000Z,1751389042.543,1|?|0,1751389042.543,...,1751389042.543,?,1751389042.543,-1,1751389042.543,0,1751389042.543,1751389042.543,2018-07-28T03:57:56.500Z,1751389042.543,false,1751389042.543
8627281,HeavensDoor,1751389042.596,ジョジョの奇妙な冒険 | JoJo no Kimyou na Bouken | JoJo's Bizarre Adventure,1751389042.596,...,1751389042.596,...,1751389042.596,Puppy Love,1751389042.596,2025-07-01T16:57:22.596Z,1751389042.596,2016-11-22T00:00:00.000Z,1751389042.596,1|1|1,1751389042.596,...,1751389042.596,?,1751389042.596,-1,1751389042.596,0,1751389042.596,1751389042.596,2018-07-28T03:57:49.099Z,1751389042.596,false,1751389042.596
8630467,ammaAckerman,1751389042.645,Dishonored (Video Games),1751389042.645,...,1751389042.645,...,1751389042.645,They Can't Hold Us,1751389042.645,2025-07-01T16:57:22.645Z,1751389042.645,2016-11-23T00:00:00.000Z,1751389042.645,1|1|1,1751389042.645,"“Yes, greetings Corvo. Those thoughts, banish them. I don’t like hearing my things question me. Let alone you of all people. After how great of lengths I went to help you get your precious little princess back.",1751389042.645,491,1751389042.645,-1,1751389042.645,0,1751389042.645,1751389042.645,2019-07-14T13:28:10.487Z,1751389042.645,false,1751389042.645
8637706,ammaAckerman,1751389042.687,Dishonored (Video Games),1751389042.687,...,1751389042.687,...,1751389042.687,Molded By My Hands,1751389042.687,2025-07-01T16:57:22.687Z,1751389042.687,2016-11-24T00:00:00.000Z,1751389042.687,1|1|1,1751389042.687,...,1751389042.687,?,1751389042.687,-1,1751389042.687,0,1751389042.687,1751389042.687,2017-11-12T01:20:55.861Z,1751389042.687,false,1751389042.687
8637958,Hungry_Cheshire,1751389042.731,Dishonored (Video Games),1751389042.731,...,1751389042.731,...,1751389042.731,"They say revenge is sweet, but all I taste is sour rage",1751389042.731,2025-07-01T16:57:22.731Z,1751389042.731,2016-11-24T00:00:00.000Z,1751389042.731,1|2|0,1751389042.731,...,1751389042.731,?,1751389042.731,-1,1751389042.731,0,1751389042.731,1751389042.731,2017-10-31T12:11:14.737Z,1751389042.731,false,1751389042.731
8644927,ammaAckerman,1751389042.773,Dishonored (Video Games),1751389042.773,...,1751389042.773,...,1751389042.773,Prayer,1751389042.773,2025-07-01T16:57:22.773Z,1751389042.773,2016-11-25T00:00:00.000Z,1751389042.773,1|1|1,1751389042.773,His thoughts were on the only interesting thing he’d seen in years: Corvo Attano.,1751389042.773,358,1751389042.773,-1,1751389042.773,0,1751389042.773,1751389042.773,2019-07-19T03:09:44.939Z,1751389042.773,false,1751389042.773
8648407,typervoxilations,1751389042.824,Dishonored (Video Games),1751389042.824,...,1751389042.824,...,1751389042.824,just teeth,1751389042.824,2025-07-01T16:57:22.824Z,1751389042.824,2016-11-25T00:00:00.000Z,1751389042.824,1|?|0,1751389042.824,...,1751389042.824,?,1751389042.824,-1,1751389042.824,0,1751389042.824,1751389042.824,2017-10-21T13:15:44.323Z,1751389042.824,false,1751389042.824
8652622,carriejack03,1751389042.875,ジョジョの奇妙な冒険 | JoJo no Kimyou na Bouken | JoJo's Bizarre Adventure,1751389042.875,...,1751389042.875,...,1751389042.875,Intoxicating,1751389042.875,2025-07-01T16:57:22.875Z,1751389042.875,2016-11-25T00:00:00.000Z,1751389042.875,1|1|1,1751389042.875,...,1751389042.875,?,1751389042.875,-1,1751389042.875,0,1751389042.875,1751389042.875,2018-06-17T09:39:41.931Z,1751389042.875,false,1751389042.875
8673292,lehighfivegirl,1751389042.922,Dishonored (Video Games),1751389042.922,...,1751389042.922,...,1751389042.922,Toska,1751389042.922,2025-07-01T16:57:22.923Z,1751389042.922,2016-11-27T00:00:00.000Z,1751389042.922,2|?|0,1751389042.922,...,1751389042.922,?,1751389042.922,-1,1751389042.922,0,1751389042.922,1751389042.922,2017-11-08T08:10:23.638Z,1751389042.922,false,1751389042.922
8687098,imperfectkreis,1751389042.968,Dishonored (Video Games),1751389042.968,...,1751389042.968,...,1751389042.968,Eidolon,1751389042.968,2025-07-01T16:57:22.968Z,1751389042.968,2016-11-29T00:00:00.000Z,1751389042.968,1|1|1,1751389042.968,"It was an experiment. The Outsider built better bodies to sate his curiosity, to steal precious hours with his treasured Marked.  He spent his time trying to remember the contours of their touches, the warmth he learned to share.(No Dishonored 2 content)",1751389042.968,9851,1751389042.968,5,1751389042.968,0,1751389042.968,1751389042.968,2019-07-18T04:35:48.808Z,1751389042.968,false,1751389042.968
8716087,blueberrysol,1751389043.017,Dishonored (Video Games),1751389043.017,...,1751389043.017,...,1751389043.017,"a time of war, a time of peace",1751389043.017,2025-07-01T16:57:23.017Z,1751389043.017,2016-12-01T00:00:00.000Z,1751389043.017,1|1|1,1751389043.017,...,1751389043.017,?,1751389043.017,-1,1751389043.017,0,1751389043.017,1751389043.017,2017-10-19T05:42:38.072Z,1751389043.017,false,1751389043.017
8750317,imperfectkreis,1751389043.059,Dishonored (Video Games),1751389043.059,...,1751389043.059,...,1751389043.059,Lightplay,1751389043.059,2025-07-01T16:57:23.059Z,1751389043.059,2016-12-04T00:00:00.000Z,1751389043.059,1|1|1,1751389043.059,"(No Dishonored 2 spoilers) With the Empress seemingly spoken for, gossip around the Empire fixates on Corvo Attano. The Outsider would rather the conversation topic shift to something else, something he can better tolerate.",1751389043.059,4217,1751389043.059,5,1751389043.059,0,1751389043.059,1751389043.059,2019-06-11T02:56:51.892Z,1751389043.059,false,1751389043.059
8759863,whalersandsailors,1751389043.107,Dishonored (Video Games),1751389043.107,...,1751389043.107,...,1751389043.107,in the arms of sacrilege,1751389043.107,2025-07-01T16:57:23.107Z,1751389043.107,2016-12-05T00:00:00.000Z,1751389043.107,1|1|1,1751389043.107,"Of all that can go wrong in a day, Corvo has certainly experienced the worst. He’s tired, and he seeks comfort in unlikely places.",1751389043.107,1708,1751389043.107,5,1751389043.107,0,1751389043.107,1751389043.107,2019-06-08T03:21:14.609Z,1751389043.107,false,1751389043.107
8790181,roboticake,1751389043.157,Dishonored (Video Games),1751389043.157,...,1751389043.157,...,1751389043.157,another kind of blue,1751389043.157,2025-07-01T16:57:23.157Z,1751389043.157,2016-12-08T00:00:00.000Z,1751389043.157,1|1|1,1751389043.157,...,1751389043.157,?,1751389043.157,-1,1751389043.157,0,1751389043.157,1751389043.157,2017-10-19T05:44:05.397Z,1751389043.157,false,1751389043.157
8798608,sealdog,1751389043.203,Dishonored (Video Games),1751389043.203,...,1751389043.203,...,1751389043.203,Cradle Songs Of Comfort,1751389043.203,2025-07-01T16:57:23.203Z,1751389043.203,2016-12-09T00:00:00.000Z,1751389043.203,1|1|1,1751389043.203,...,1751389043.203,?,1751389043.203,1,1751389043.203,0,1751389043.203,1751389043.203,2017-11-08T08:09:29.092Z,1751389043.203,false,1751389043.203
8820874,jedishampoo,1751389043.264,Gentleman Bastard Sequence - Scott Lynch,1751389043.264,...,1751389043.264,...,1751389043.264,The Little Daisy,1751389043.264,2025-07-01T16:57:23.264Z,1751389043.264,2016-12-11T00:00:00.000Z,1751389043.264,1|1|1,1751389043.264,"Locke, Jean, and Ezri begin their lazy cruise, soon after the events of Red Seas Under Red Skies.",1751389043.264,2634,1751389043.264,-1,1751389043.264,0,1751389043.264,1751389043.264,2018-12-28T20:52:08.092Z,1751389043.264,false,1751389043.264
8825167,imperfectkreis,1751389043.327,Dishonored (Video Games),1751389043.327,...,1751389043.327,...,1751389043.327,Breathe into Your Well,1751389043.327,2025-07-01T16:57:23.327Z,1751389043.327,2016-12-12T00:00:00.000Z,1751389043.327,1|1|1,1751389043.327,...,1751389043.327,?,1751389043.327,3,1751389043.327,0,1751389043.327,1751389043.327,2017-10-16T00:07:05.142Z,1751389043.327,false,1751389043.327
8826088,triptocaine,1751389043.379,Dishonored (Video Games),1751389043.379,...,1751389043.379,...,1751389043.379,Pipe,1751389043.379,2025-07-01T16:57:23.379Z,1751389043.379,2016-12-12T00:00:00.000Z,1751389043.379,1|1|1,1751389043.379,...,1751389043.379,?,1751389043.379,1,1751389043.379,0,1751389043.379,1751389043.379,2017-10-19T02:52:34.300Z,1751389043.379,false,1751389043.379
8848660,vanimiel,1751389043.423,Dishonored (Video Games),1751389043.423,...,1751389043.423,...,1751389043.423,first kisses,1751389043.423,2025-07-01T16:57:23.423Z,1751389043.423,2016-12-14T00:00:00.000Z,1751389043.423,1|1|1,1751389043.423,...,1751389043.423,?,1751389043.423,-1,1751389043.423,0,1751389043.423,1751389043.423,2017-10-19T02:22:58.508Z,1751389043.423,false,1751389043.423
8862364,zeprince,1751389043.468,Dishonored (Video Games),1751389043.468,...,1751389043.468,...,1751389043.468,only whales sing under water,1751389043.468,2025-07-01T16:57:23.468Z,1751389043.468,2017-04-30T00:00:00.000Z,1751389043.468,2|?|0,1751389043.468,...,1751389043.468,?,1751389043.468,-1,1751389043.468,0,1751389043.468,1751389043.468,2017-10-21T13:01:44.823Z,1751389043.468,false,1751389043.468
8870395,The_Poutsider (stilinski_syndrome),1751389043.52,Dishonored (Video Games),1751389043.52,...,1751389043.52,...,1751389043.52,Until We Have Faces,1751389043.52,2025-07-01T16:57:23.520Z,1751389043.52,2016-12-16T00:00:00.000Z,1751389043.52,1|1|1,1751389043.52,...,1751389043.52,?,1751389043.52,-1,1751389043.52,0,1751389043.52,1751389043.52,2017-10-19T02:22:41.338Z,1751389043.52,false,1751389043.52
8872462,Sixthlight,1751389043.568,What We Do in the Shadows (2014),1751389043.568,...,1751389043.568,...,1751389043.568,Living Wild As Nature Intended,1751389043.568,2025-07-01T16:57:23.568Z,1751389043.568,2016-12-17T00:00:00.000Z,1751389043.568,1|1|1,1751389043.568,...,1751389043.568,?,1751389043.568,5,1751389043.568,0,1751389043.568,1751389043.568,2017-10-16T03:35:54.638Z,1751389043.568,false,1751389043.568
8873023,Sixthlight,1751389043.617,Rivers of London - Ben Aaronovitch,1751389043.617,...,1751389043.617,...,1751389043.617,The Next Best Thing,1751389043.617,2025-07-01T16:57:23.617Z,1751389043.617,2016-12-16T00:00:00.000Z,1751389043.617,1|1|1,1751389043.617,...,1751389043.617,?,1751389043.617,5,1751389043.617,0,1751389043.617,1751389043.617,2017-10-16T00:08:04.226Z,1751389043.617,false,1751389043.617
8877304,moogle62,1751389043.661,Rivers of London - Ben Aaronovitch,1751389043.661,...,1751389043.661,...,1751389043.661,"Hold On, I'm a Little Unsteady",1751389043.661,2025-07-01T16:57:23.661Z,1751389043.661,2016-12-17T00:00:00.000Z,1751389043.661,1|1|1,1751389043.661,"“Peter,” Nightingale says, “it’s nothing, I assure you, it’s -” he steps towards me as though he’s trying to comfort me but wobbles, swaying on his feet. I lean in to steady him without even thinking about it, catching his elbow and keeping him up, and, as I grab him, Nightingale makes a long, low moan. “Um,” I say, and Nightingale looks mortified.",1751389043.661,9019,1751389043.661,5,1751389043.661,0,1751389043.661,1751389043.661,2019-07-22T04:13:10.122Z,1751389043.661,false,1751389043.661
8885404,betweenthebliss,1751389043.71,"Gentleman Bastard Sequence - Scott Lynch, Johannes Cabal - Jonathan L. Howard",1751389043.71,...,1751389043.71,...,1751389043.71,four for the reason and five for the tricks,1751389043.71,2025-07-01T16:57:23.710Z,1751389043.71,2016-12-18T00:00:00.000Z,1751389043.71,1|1|1,1751389043.71,"In Lashain, anything can be bought for the right price. But that can't possibly extend to necromancy... can it?",1751389043.71,2120,1751389043.71,-1,1751389043.71,0,1751389043.71,1751389043.71,2018-12-28T20:52:00.110Z,1751389043.71,false,1751389043.71
8889454,fjalamoth,1751389043.755,Dishonored (Video Games),1751389043.755,...,1751389043.755,...,1751389043.755,What Lies in Dreams,1751389043.755,2025-07-01T16:57:23.755Z,1751389043.755,2016-12-25T00:00:00.000Z,1751389043.755,1|1|1,1751389043.755,"You've continuously surprised me. Where other men would have painted the stones of the city red with blood, you have chosen mercy. But now your mission is over. What are you looking for, Corvo? Who are you, now that young Empress Emily no longer needs a savior?",1751389043.755,3187,1751389043.755,-1,1751389043.755,0,1751389043.755,1751389043.755,2019-07-07T20:36:05.794Z,1751389043.755,false,1751389043.755
8954983,EveWillows33112,1751389043.805,Dishonored (Video Games),1751389043.805,...,1751389043.805,...,1751389043.805,This Night and Every Night,1751389043.805,2025-07-01T16:57:23.805Z,1751389043.805,2016-12-22T00:00:00.000Z,1751389043.805,1|1|1,1751389043.805,...,1751389043.805,?,1751389043.805,-1,1751389043.805,0,1751389043.805,1751389043.805,2017-11-12T01:58:06.899Z,1751389043.805,false,1751389043.805
8997718,EveWillows33112,1751389043.859,Dishonored (Video Games),1751389043.859,...,1751389043.859,...,1751389043.859,Brass Buttons,1751389043.859,2025-07-01T16:57:23.859Z,1751389043.859,2016-12-24T00:00:00.000Z,1751389043.859,2|?|0,1751389043.859,...,1751389043.859,?,1751389043.859,-1,1751389043.859,0,1751389043.859,1751389043.859,2017-10-31T12:09:15.233Z,1751389043.859,false,1751389043.859
9053266,The_Alternate_Side,1751389043.908,Dishonored (Video Games),1751389043.908,...,1751389043.908,...,1751389043.908,Drink Me,1751389043.908,2025-07-01T16:57:23.908Z,1751389043.908,2017-06-14T00:00:00.000Z,1751389043.908,4|?|0,1751389043.908,...,1751389043.908,?,1751389043.908,-1,1751389043.908,0,1751389043.908,1751389043.908,2017-10-18T18:54:50.679Z,1751389043.908,false,1751389043.908
9064024,EveWillows33112,1751389043.96,Dishonored (Video Games),1751389043.96,...,1751389043.96,...,1751389043.96,A Father's Love,1751389043.96,2025-07-01T16:57:23.960Z,1751389043.96,2016-12-26T00:00:00.000Z,1751389043.96,1|1|1,1751389043.96,...,1751389043.96,?,1751389043.96,-1,1751389043.96,0,1751389043.96,1751389043.96,2017-10-19T02:21:30.425Z,1751389043.96,false,1751389043.96
9074359,kona (charlesthetrex),1751389044.01,ジョジョの奇妙な冒険 | JoJo no Kimyou na Bouken | JoJo's Bizarre Adventure,1751389044.01,...,1751389044.01,...,1751389044.01,"hard hands, soft fingers",1751389044.01,2025-07-01T16:57:24.010Z,1751389044.01,2017-01-14T00:00:00.000Z,1751389044.01,5|?|0,1751389044.01,...,1751389044.01,?,1751389044.01,-1,1751389044.01,0,1751389044.01,1751389044.01,2018-07-29T12:32:21.945Z,1751389044.01,false,1751389044.01
9076312,imperfectkreis,1751389044.062,Dishonored (Video Games),1751389044.062,...,1751389044.062,...,1751389044.062,Cascade,1751389044.062,2025-07-01T16:57:24.062Z,1751389044.062,2016-12-27T00:00:00.000Z,1751389044.062,1|1|1,1751389044.062,Corvo never asks. The Outsider never offers.,1751389044.062,1175,1751389044.062,5,1751389044.062,0,1751389044.062,1751389044.062,2019-06-08T03:21:33.356Z,1751389044.062,false,1751389044.062
9086587,nyoooms,1751389044.12,ジョジョの奇妙な冒険 | JoJo no Kimyou na Bouken | JoJo's Bizarre Adventure,1751389044.12,...,1751389044.12,...,1751389044.12,Good Things Come In Twos,1751389044.12,2025-07-01T16:57:24.120Z,1751389044.12,2016-12-28T00:00:00.000Z,1751389044.12,1|1|1,1751389044.12,...,1751389044.12,?,1751389044.12,-1,1751389044.12,0,1751389044.12,1751389044.12,2018-07-28T03:57:15.361Z,1751389044.12,false,1751389044.12
9101563,ripkip,1751389044.17,Dishonored (Video Games),1751389044.17,...,1751389044.17,...,1751389044.17,An Offering,1751389044.17,2025-07-01T16:57:24.170Z,1751389044.17,2016-12-29T00:00:00.000Z,1751389044.17,1|1|1,1751389044.17,Some NSFW Corvo/Outsider sketches,1751389044.17,?,1751389044.17,5,1751389044.17,0,1751389044.17,1751389044.17,2019-06-08T03:21:35.586Z,1751389044.17,false,1751389044.17
9113299,devilface1034,1751389044.218,ジョジョの奇妙な冒険 | JoJo no Kimyou na Bouken | JoJo's Bizarre Adventure,1751389044.218,...,1751389044.218,...,1751389044.218,Rohan is Hungry,1751389044.218,2025-07-01T16:57:24.218Z,1751389044.218,2016-12-29T00:00:00.000Z,1751389044.218,1|1|1,1751389044.218,...,1751389044.218,?,1751389044.218,3,1751389044.218,0,1751389044.218,1751389044.218,2018-06-17T09:36:11.456Z,1751389044.218,false,1751389044.218
9145120,kickassanakin,1751389044.264,ジョジョの奇妙な冒険 | JoJo no Kimyou na Bouken | JoJo's Bizarre Adventure,1751389044.264,...,1751389044.264,...,1751389044.264,Pucci Fucking Dies,1751389044.264,2025-07-01T16:57:24.264Z,1751389044.264,2017-01-01T00:00:00.000Z,1751389044.264,1|?|0,1751389044.264,...,1751389044.264,?,1751389044.264,-1,1751389044.264,0,1751389044.264,1751389044.264,2018-07-28T03:56:31.131Z,1751389044.264,false,1751389044.264
9163636,the24thkey,1751389044.318,Dishonored (Video Games),1751389044.318,...,1751389044.318,...,1751389044.318,[Podfic of] in a mundane universe,1751389044.318,2025-07-01T16:57:24.318Z,1751389044.318,2017-01-02T00:00:00.000Z,1751389044.318,1|1|1,1751389044.318,...,1751389044.318,?,1751389044.318,-1,1751389044.318,0,1751389044.318,1751389044.318,2017-11-08T01:26:11.919Z,1751389044.318,false,1751389044.318
9167902,Sath,1751389044.368,Overwatch (Video Game),1751389044.368,...,1751389044.368,...,1751389044.368,The Fall of the House of Shimada,1751389044.368,2025-07-01T16:57:24.368Z,1751389044.368,2017-01-02T00:00:00.000Z,1751389044.368,1|1|1,1751389044.368,"Jesse McCree isn't in the business of saving monsters, but the Shimadas make him want to try.",1751389044.368,7936,1751389044.368,5,1751389044.368,0,1751389044.368,1751389044.368,2019-06-08T03:21:44.895Z,1751389044.368,false,1751389044.368
9172849,squidbobs,1751389044.415,ジョジョの奇妙な冒険 | JoJo no Kimyou na Bouken | JoJo's Bizarre Adventure,1751389044.415,...,1751389044.415,...,1751389044.415,Game for Two,1751389044.415,2025-07-01T16:57:24.415Z,1751389044.415,2017-01-03T00:00:00.000Z,1751389044.415,1|1|1,1751389044.415,...,1751389044.415,?,1751389044.415,-1,1751389044.415,0,1751389044.415,1751389044.415,2018-06-27T08:44:04.539Z,1751389044.415,false,1751389044.415
9228182,Lumberjackk,1751389044.468,"The Time Machine - H. G. Wells, Red Seas Under Red Skies",1751389044.468,...,1751389044.468,...,1751389044.468,The Time Machine: Proof,1751389044.468,2025-07-01T16:57:24.468Z,1751389044.468,2017-01-06T00:00:00.000Z,1751389044.468,1|1|1,1751389044.468,The Medical Man meets Locke and Jean,1751389044.468,2749,1751389044.468,-1,1751389044.468,0,1751389044.468,1751389044.468,2018-12-28T20:51:46.205Z,1751389044.468,false,1751389044.468
9245597,ripkip,1751389044.517,Dishonored (Video Games),1751389044.517,...,1751389044.517,...,1751389044.517,Wanton Flesh,1751389044.517,2025-07-01T16:57:24.517Z,1751389044.517,2017-01-08T00:00:00.000Z,1751389044.517,1|1|1,1751389044.517,Some fussy Corvo/Outsider sketches,1751389044.517,?,1751389044.517,5,1751389044.517,0,1751389044.517,1751389044.517,2019-07-07T13:50:32.325Z,1751389044.517,false,1751389044.517
9248438,spiritofthedarkness,1751389044.561,Dishonored (Video Games),1751389044.561,...,1751389044.561,...,1751389044.561,Guess ill have to show you otherwise,1751389044.561,2025-07-01T16:57:24.561Z,1751389044.561,2017-01-08T00:00:00.000Z,1751389044.561,1|1|1,1751389044.561,...,1751389044.561,?,1751389044.561,1,1751389044.561,0,1751389044.561,1751389044.561,2017-11-12T01:18:59.520Z,1751389044.561,false,1751389044.561
9330797,imperfectkreis,1751389044.609,Dishonored (Video Games),1751389044.609,...,1751389044.609,...,1751389044.609,Desire,1751389044.609,2025-07-01T16:57:24.609Z,1751389044.609,2017-01-15T00:00:00.000Z,1751389044.609,1|1|1,1751389044.609,...,1751389044.609,?,1751389044.609,1,1751389044.609,0,1751389044.609,1751389044.609,2017-10-16T00:10:23.032Z,1751389044.609,false,1751389044.609
9332864,SocialDegenerate,1751389044.656,ジョジョの奇妙な冒険 | JoJo no Kimyou na Bouken | JoJo's Bizarre Adventure,1751389044.656,...,1751389044.656,...,1751389044.656,To Forgive is Divine (But Vengeance is Mine),1751389044.656,2025-07-01T16:57:24.656Z,1751389044.656,2017-01-15T00:00:00.000Z,1751389044.656,1|1|1,1751389044.656,...,1751389044.656,?,1751389044.656,3,1751389044.656,0,1751389044.656,1751389044.656,2018-07-15T14:35:17.728Z,1751389044.656,false,1751389044.656
9353420,Tlon,1751389044.712,Original Work,1751389044.712,...,1751389044.712,...,1751389044.712,Alphabet City,1751389044.712,2025-07-01T16:57:24.712Z,1751389044.712,2017-02-24T00:00:00.000Z,1751389044.712,8|8|1,1751389044.712,"The patent war broke Nic Weller: first the sharp snap in a prison camp singled out by a sadistic commander, then the subtle erosion from endless jobs on the margins of the post-apocalyptic California corporate state. A dismal shipping warehouse is his last chance, but he hadn't planned on running into a wealthy expatriate who offers him something better, even if his kindness carries the threat of cruelty. Or a former soldier who accidentally destroyed his life during the war, then saved his sanity on the brink of peace. Or an insane bundle of recorded memories that could give him a way out – if he can balance the attention of his benefactor with a growing affection for his former enemy.",1751389044.712,21044,1751389044.712,-1,1751389044.712,0,1751389044.712,1751389044.712,2019-01-23T06:06:58.682Z,1751389044.712,false,1751389044.712
9392495,SpineAndSpite,1751389044.778,ジョジョの奇妙な冒険 | JoJo no Kimyou na Bouken | JoJo's Bizarre Adventure,1751389044.778,...,1751389044.778,...,1751389044.778,I Could Have You Up In Arms,1751389044.778,2025-07-01T16:57:24.778Z,1751389044.778,2017-01-19T00:00:00.000Z,1751389044.778,1|1|1,1751389044.778,...,1751389044.778,?,1751389044.778,1,1751389044.778,0,1751389044.778,1751389044.778,2018-07-20T04:04:57.730Z,1751389044.778,false,1751389044.778
9394376,days4daisy,1751389044.833,Turn (TV 2014),1751389044.833,...,1751389044.833,...,1751389044.833,Blue and Gold,1751389044.833,2025-07-01T16:57:24.833Z,1751389044.833,2017-02-14T00:00:00.000Z,1751389044.833,1|1|1,1751389044.833,...,1751389044.833,?,1751389044.833,1,1751389044.833,0,1751389044.833,1751389044.833,2017-10-16T00:05:40.737Z,1751389044.833,false,1751389044.833
9416777,orphan_account,1751389044.886,ジョジョの奇妙な冒険 | JoJo no Kimyou na Bouken | JoJo's Bizarre Adventure,1751389044.886,...,1751389044.886,...,1751389044.886,rough,1751389044.886,2025-07-01T16:57:24.886Z,1751389044.886,2017-01-22T00:00:00.000Z,1751389044.886,1|1|1,1751389044.886,...,1751389044.886,?,1751389044.886,-1,1751389044.886,0,1751389044.886,1751389044.886,2018-06-25T03:40:06.259Z,1751389044.886,false,1751389044.886
9455411,DastardlyDaisy,1751389044.944,ジョジョの奇妙な冒険 | JoJo no Kimyou na Bouken | JoJo's Bizarre Adventure,1751389044.944,...,1751389044.944,...,1751389044.944,The Direct Approach,1751389044.944,2025-07-01T16:57:24.944Z,1751389044.944,2017-01-24T00:00:00.000Z,1751389044.944,1|1|1,1751389044.944,...,1751389044.944,?,1751389044.944,-1,1751389044.944,0,1751389044.944,1751389044.944,2018-06-27T08:41:55.709Z,1751389044.944,false,1751389044.944
9503807,Emby_M,1751389044.993,Dishonored (Video Games),1751389044.993,...,1751389044.993,...,1751389044.993,Playdate with the Leviathan,1751389044.993,2025-07-01T16:57:24.993Z,1751389044.993,2017-01-29T00:00:00.000Z,1751389044.993,1|1|1,1751389044.993,...,1751389044.993,?,1751389044.993,-1,1751389044.993,0,1751389044.993,1751389044.993,2017-11-12T01:18:43.162Z,1751389044.993,false,1751389044.993
9512501,Emby_M,1751389045.042,Dishonored (Video Games),1751389045.042,...,1751389045.042,...,1751389045.042,Waking to Find the Leviathan Asleep,1751389045.042,2025-07-01T16:57:25.042Z,1751389045.042,2017-01-30T00:00:00.000Z,1751389045.042,1|1|1,1751389045.042,...,1751389045.042,?,1751389045.042,-1,1751389045.042,0,1751389045.042,1751389045.042,2017-11-08T01:24:52.625Z,1751389045.042,false,1751389045.042
9527126,mesonyx,1751389045.091,Longmire (TV),1751389045.091,...,1751389045.091,...,1751389045.091,Crossing the Line,1751389045.091,2025-07-01T16:57:25.091Z,1751389045.091,2017-01-31T00:00:00.000Z,1751389045.091,1|1|1,1751389045.091,"“Is that a gun in your pocket or are you actually happy to see me?” Nighthorse asked, while Walt attempted another swing at him.",1751389045.091,516,1751389045.091,5,1751389045.091,0,1751389045.091,1751389045.091,2019-06-08T03:21:53.522Z,1751389045.091,false,1751389045.091
9536918,Emby_M,1751389045.147,Dishonored (Video Games),1751389045.147,...,1751389045.147,...,1751389045.147,The Leviathan Dispenses Wisdom,1751389045.147,2025-07-01T16:57:25.147Z,1751389045.147,2017-02-01T00:00:00.000Z,1751389045.147,1|1|1,1751389045.147,...,1751389045.147,?,1751389045.147,-1,1751389045.147,0,1751389045.147,1751389045.147,2017-11-08T01:25:02.717Z,1751389045.147,false,1751389045.147
9557438,The_Alternate_Side,1751389045.198,Dishonored (Video Games),1751389045.198,...,1751389045.198,...,1751389045.198,Corvo Attano is a big meanie head!!!!!,1751389045.198,2025-07-01T16:57:25.198Z,1751389045.198,2017-02-02T00:00:00.000Z,1751389045.198,1|1|1,1751389045.198,...,1751389045.198,?,1751389045.198,-1,1751389045.198,0,1751389045.198,1751389045.198,2017-10-19T02:16:11.928Z,1751389045.198,false,1751389045.198
9586952,Emby_M,1751389045.266,Dishonored (Video Games),1751389045.266,...,1751389045.266,...,1751389045.266,Remarked by the Leviathan,1751389045.266,2025-07-01T16:57:25.266Z,1751389045.266,2017-02-05T00:00:00.000Z,1751389045.266,1|1|1,1751389045.266,"“Oh, Corvo,” the Outsider sighs, “Our dearest is away from the nest, ousted by the cuckoo.”",1751389045.266,931,1751389045.266,-1,1751389045.266,0,1751389045.266,1751389045.266,2019-07-17T03:56:52.475Z,1751389045.266,false,1751389045.266
9594698,Emby_M,1751389045.319,Dishonored (Video Games),1751389045.319,...,1751389045.319,...,1751389045.319,Flirt Not with the Abyss,1751389045.319,2025-07-01T16:57:25.319Z,1751389045.319,2017-02-06T00:00:00.000Z,1751389045.319,1|1|1,1751389045.319,Corvo has what he thinks is just a nice dream.,1751389045.319,929,1751389045.319,3,1751389045.319,0,1751389045.319,1751389045.319,2019-07-17T21:40:57.596Z,1751389045.319,false,1751389045.319
9601601,Measured_Words,1751389045.368,Original Work,1751389045.368,...,1751389045.368,...,1751389045.368,In a Single Shot,1751389045.368,2025-07-01T16:57:25.368Z,1751389045.368,2017-02-06T00:00:00.000Z,1751389045.368,1|1|1,1751389045.368,"Helena has heard troubling news that her cousin Reggie is to be involved in a duel with a villain who wronged her closest friend, Claudia.  The truth is nothing she could have expected.",1751389045.368,3813,1751389045.368,5,1751389045.368,0,1751389045.368,1751389045.368,2019-01-20T15:14:25.638Z,1751389045.368,false,1751389045.368
9609047,MildredMost,1751389045.425,Pride and Prejudice - Jane Austen,1751389045.425,...,1751389045.425,...,1751389045.425,In vain have I struggled,1751389045.425,2025-07-01T16:57:25.425Z,1751389045.425,2017-02-14T00:00:00.000Z,1751389045.425,1|1|1,1751389045.425,"George Wickham spends a summer trying to seduce Darcy. I wonder how you do see me?” Wickham said. He ran the riding crop up and down his lean thigh and Darcy’s mouth dried. He was right in front of him now, and Darcy wished he had never sat down.“Companion, perhaps? Friend? No.”Wickham knelt. Darcy’s blood roared. He could not move.“Servant?”",1751389045.425,9653,1751389045.425,5,1751389045.425,0,1751389045.425,1751389045.425,2019-07-23T03:07:22.585Z,1751389045.425,false,1751389045.425
9623783,Sath,1751389045.482,Yuri!!! on Ice (Anime),1751389045.482,...,1751389045.482,...,1751389045.482,Où sont les fesses d'antan?,1751389045.482,2025-07-01T16:57:25.482Z,1751389045.482,2017-02-14T00:00:00.000Z,1751389045.482,1|1|1,1751389045.482,...,1751389045.482,?,1751389045.482,5,1751389045.482,0,1751389045.482,1751389045.482,2017-10-23T06:11:58.934Z,1751389045.482,false,1751389045.482
9640334,squidbobs,1751389045.54,ジョジョの奇妙な冒険 | JoJo no Kimyou na Bouken | JoJo's Bizarre Adventure,1751389045.54,...,1751389045.54,...,1751389045.54,Unrequited,1751389045.54,2025-07-01T16:57:25.540Z,1751389045.54,2017-02-09T00:00:00.000Z,1751389045.54,1|1|1,1751389045.54,...,1751389045.54,?,1751389045.54,-1,1751389045.54,0,1751389045.54,1751389045.54,2018-07-01T14:40:17.468Z,1751389045.54,false,1751389045.54
9641930,orphan_account,1751389045.645,ジョジョの奇妙な冒険 | JoJo no Kimyou na Bouken | JoJo's Bizarre Adventure,1751389045.645,...,1751389045.645,...,1751389045.645,don't hold back,1751389045.645,2025-07-01T16:57:25.645Z,1751389045.645,2017-02-11T00:00:00.000Z,1751389045.645,1|1|1,1751389045.645,...,1751389045.645,?,1751389045.645,-1,1751389045.645,0,1751389045.645,1751389045.645,2018-07-15T03:43:39.845Z,1751389045.645,false,1751389045.645
9667157,Synergic,1751389045.695,The Watchmaker of Filigree Street - Natasha Pulley,1751389045.695,...,1751389045.695,...,1751389045.695,Poising,1751389045.695,2025-07-01T16:57:25.695Z,1751389045.695,2017-02-12T00:00:00.000Z,1751389045.695,1|1|1,1751389045.695,"Thaniel’s happiness feels like a coat one size too large. It’s warm, and it’s comfortable, but every now and then he shifts and something drags, and the seams don’t line up with his body anymore. He suspects that in time he will grow to fill it.",1751389045.695,1502,1751389045.695,5,1751389045.695,0,1751389045.695,1751389045.695,2018-02-18T08:03:50.523Z,1751389045.695,false,1751389045.695
9709085,The_Alternate_Side,1751389045.757,Dishonored (Video Games),1751389045.757,...,1751389045.757,...,1751389045.757,Candlelight,1751389045.757,2025-07-01T16:57:25.757Z,1751389045.757,2017-02-14T00:00:00.000Z,1751389045.757,2|2|1,1751389045.757,...,1751389045.757,?,1751389045.757,-1,1751389045.757,0,1751389045.757,1751389045.757,2017-11-08T13:31:58.614Z,1751389045.757,false,1751389045.757
9716207,CanisMajor1234,1751389045.807,Dishonored (Video Games),1751389045.807,...,1751389045.807,...,1751389045.807,Whalebone and Fool's Gold,1751389045.807,2025-07-01T16:57:25.807Z,1751389045.807,2017-02-14T00:00:00.000Z,1751389045.807,1|1|1,1751389045.807,...,1751389045.807,?,1751389045.807,-1,1751389045.807,0,1751389045.807,1751389045.807,2017-10-23T18:24:53.731Z,1751389045.807,false,1751389045.807
9777764,Norvess,1751389045.864,Dishonored (Video Games),1751389045.864,...,1751389045.864,...,1751389045.864,"COFFEE AND BAR ""DOG-HOLE",1751389045.864,2025-07-01T16:57:25.865Z,1751389045.864,2017-02-15T00:00:00.000Z,1751389045.864,1|1|1,1751389045.864,...,1751389045.864,?,1751389045.864,-1,1751389045.864,0,1751389045.864,1751389045.864,2017-10-19T02:14:57.004Z,1751389045.864,false,1751389045.864
9841457,ammaAckerman,1751389045.918,Dishonored (Video Games),1751389045.918,...,1751389045.918,...,1751389045.918,You Are Beautiful,1751389045.918,2025-07-01T16:57:25.918Z,1751389045.918,2017-02-20T00:00:00.000Z,1751389045.918,1|1|1,1751389045.918,...,1751389045.918,?,1751389045.918,-1,1751389045.918,0,1751389045.918,1751389045.918,2017-11-08T01:24:10.158Z,1751389045.918,false,1751389045.918
9842765,Strickenized,1751389045.971,Dishonored (Video Games),1751389045.971,...,1751389045.971,...,1751389045.971,The Gift of Poison,1751389045.971,2025-07-01T16:57:25.971Z,1751389045.971,2017-02-20T00:00:00.000Z,1751389045.971,1|1|1,1751389045.971,...,1751389045.971,?,1751389045.971,-1,1751389045.971,0,1751389045.971,1751389045.971,2017-10-31T07:20:47.501Z,1751389045.971,false,1751389045.971
9856883,Strickenized,1751389046.022,Dishonored (Video Games),1751389046.022,...,1751389046.022,...,1751389046.022,Oh Cruel Darkness,1751389046.022,2025-07-01T16:57:26.022Z,1751389046.022,2017-02-21T00:00:00.000Z,1751389046.022,2|?|0,1751389046.022,...,1751389046.022,?,1751389046.022,-1,1751389046.022,0,1751389046.022,1751389046.022,2017-10-21T13:12:07.083Z,1751389046.022,false,1751389046.022
9875618,Kyoshich,1751389046.072,Dishonored (Video Games),1751389046.072,...,1751389046.072,...,1751389046.072,в день,1751389046.072,2025-07-01T16:57:26.072Z,1751389046.072,2017-02-22T00:00:00.000Z,1751389046.072,1|1|1,1751389046.072,...,1751389046.072,?,1751389046.072,-1,1751389046.072,0,1751389046.072,1751389046.072,2017-10-19T02:14:29.900Z,1751389046.072,false,1751389046.072
9898826,Noriaki_Darby,1751389046.123,ジョジョの奇妙な冒険 | JoJo no Kimyou na Bouken | JoJo's Bizarre Adventure,1751389046.123,...,1751389046.123,...,1751389046.123,Mood For Some Action,1751389046.123,2025-07-01T16:57:26.123Z,1751389046.123,2017-02-23T00:00:00.000Z,1751389046.123,1|1|1,1751389046.123,...,1751389046.123,?,1751389046.123,-1,1751389046.123,0,1751389046.123,1751389046.123,2018-07-20T04:09:19.722Z,1751389046.123,false,1751389046.123
9923144,KyrieFortune,1751389046.179,ジョジョの奇妙な冒険 | JoJo no Kimyou na Bouken | JoJo's Bizarre Adventure,1751389046.179,...,1751389046.179,...,1751389046.179,I will be absorbed,1751389046.179,2025-07-01T16:57:26.179Z,1751389046.179,2017-02-25T00:00:00.000Z,1751389046.179,1|1|1,1751389046.179,...,1751389046.179,?,1751389046.179,-1,1751389046.179,0,1751389046.179,1751389046.179,2018-06-19T22:59:04.358Z,1751389046.179,false,1751389046.179
9988301,junkerjam (MageRightsActivist),1751389046.266,Dishonored (Video Games),1751389046.266,...,1751389046.266,...,1751389046.266,Touch,1751389046.266,2025-07-01T16:57:26.266Z,1751389046.266,2017-02-27T00:00:00.000Z,1751389046.266,1|1|1,1751389046.266,...,1751389046.266,?,1751389046.266,-1,1751389046.266,0,1751389046.266,1751389046.266,2017-10-16T00:10:36.678Z,1751389046.266,false,1751389046.266
9994547,EldritchMage,1751389046.325,"The Hobbit - All Media Types, The Hobbit (Jackson Movies), The Hobbit - J. R. R. Tolkien, Barduil - Fandom, Bard/Thranduil - Fandom, Thranduil/Bard - Fandom",1751389046.325,...,1751389046.325,...,1751389046.325,Summer Heat,1751389046.325,2025-07-01T16:57:26.325Z,1751389046.325,2017-02-27T00:00:00.000Z,1751389046.325,1|1|1,1751389046.325,"Metal sculptor Bard Bowman and his elite ballet dancer husband Thran Oropherson have reason to celebrate. After long, arduous months of work, Thran's original ballet, ""Immortal,"" has just premiered to high acclaim. Bard's career as a sought-after artist known for his evocative sketches and organic sculptures has also taken off. They have a bright future ahead of them.Thran's only regret is that the demands of creating his ballet has kept him from seeing his husband at work. For eight months, he has waited to see Bard with acetylene torch in hand, welding in a shower of sparks and fire.It's time to end the waiting. But the aftermath might generate sparks and fire of an entirely different sort.",1751389046.325,3807,1751389046.325,-1,1751389046.325,0,1751389046.325,1751389046.325,2019-08-23T11:31:32.913Z,1751389046.325,false,1751389046.325
9994748,DastardlyDaisy,1751389046.38,ジョジョの奇妙な冒険 | JoJo no Kimyou na Bouken | JoJo's Bizarre Adventure,1751389046.38,...,1751389046.38,...,1751389046.38,The Things You Say,1751389046.38,2025-07-01T16:57:26.380Z,1751389046.38,2018-04-11T00:00:00.000Z,1751389046.38,2|2|1,1751389046.38,...,1751389046.38,?,1751389046.38,-1,1751389046.38,0,1751389046.38,1751389046.38,2018-07-04T04:02:28.432Z,1751389046.38,false,1751389046.38
10075244,Yammy_kooki,1751389046.427,ジョジョの奇妙な冒険 | JoJo no Kimyou na Bouken | JoJo's Bizarre Adventure,1751389046.427,...,1751389046.427,...,1751389046.427,At it like animals,1751389046.427,2025-07-01T16:57:26.427Z,1751389046.427,2017-03-04T00:00:00.000Z,1751389046.427,1|1|1,1751389046.427,...,1751389046.427,?,1751389046.427,-1,1751389046.427,0,1751389046.427,1751389046.427,2018-06-18T04:26:57.343Z,1751389046.427,false,1751389046.427
10086575,"dreabean, Troodon",1751389046.475,Dishonored (Video Games),1751389046.475,...,1751389046.475,...,1751389046.475,Ghost in the Wires,1751389046.475,2025-07-01T16:57:26.475Z,1751389046.475,2017-03-05T00:00:00.000Z,1751389046.475,15|15|1,1751389046.475,...,1751389046.475,?,1751389046.475,-1,1751389046.475,0,1751389046.475,1751389046.475,2017-10-18T14:17:52.509Z,1751389046.475,false,1751389046.475
10183799,ammaAckerman,1751389046.526,Dishonored (Video Games),1751389046.526,...,1751389046.526,...,1751389046.526,After and Before,1751389046.526,2025-07-01T16:57:26.526Z,1751389046.526,2017-03-22T00:00:00.000Z,1751389046.526,3|?|0,1751389046.526,...,1751389046.526,?,1751389046.526,-1,1751389046.526,0,1751389046.526,1751389046.526,2017-10-20T23:56:41.631Z,1751389046.526,false,1751389046.526
10211978,"eiscirno, nyoooms, squidbobs",1751389046.585,"ジョジョの奇妙な冒険 | JoJo no Kimyou na Bouken | JoJo's Bizarre Adventure, Shrek (Movies), The Lorax (2012)",1751389046.585,...,1751389046.585,...,1751389046.585,Josuke Gets Cucked by Shrek OR DOES HE?,1751389046.585,2025-07-01T16:57:26.585Z,1751389046.585,2017-03-10T00:00:00.000Z,1751389046.585,1|1|1,1751389046.585,...,1751389046.585,?,1751389046.585,-1,1751389046.585,0,1751389046.585,1751389046.585,2018-07-15T03:43:17.267Z,1751389046.585,false,1751389046.585
10214387,carriejack03,1751389046.635,ジョジョの奇妙な冒険 | JoJo no Kimyou na Bouken | JoJo's Bizarre Adventure,1751389046.635,...,1751389046.635,...,1751389046.635,Estasia,1751389046.635,2025-07-01T16:57:26.635Z,1751389046.635,2017-03-10T00:00:00.000Z,1751389046.635,1|1|1,1751389046.635,...,1751389046.635,?,1751389046.635,-1,1751389046.635,0,1751389046.635,1751389046.635,2018-06-17T09:39:17.561Z,1751389046.635,false,1751389046.635
10233551,squidbobs,1751389046.685,ジョジョの奇妙な冒険 | JoJo no Kimyou na Bouken | JoJo's Bizarre Adventure,1751389046.685,...,1751389046.685,...,1751389046.685,Kishibe Rohan Loses a Bet,1751389046.685,2025-07-01T16:57:26.685Z,1751389046.685,2017-03-11T00:00:00.000Z,1751389046.685,1|1|1,1751389046.685,...,1751389046.685,?,1751389046.685,1,1751389046.685,0,1751389046.685,1751389046.685,2018-06-17T09:36:28.143Z,1751389046.685,false,1751389046.685
10237559,Hyakunichisou 13 (zinnia13),1751389046.74,Original Work,1751389046.74,...,1751389046.74,...,1751389046.74,The new kitchen boy,1751389046.74,2025-07-01T16:57:26.740Z,1751389046.74,2017-03-12T00:00:00.000Z,1751389046.74,1|1|1,1751389046.74,"It wasn't as though the new kitchen boy, or stablehand, or tailor's apprentice ever actually fooled anyone....",1751389046.74,4854,1751389046.74,3,1751389046.74,0,1751389046.74,1751389046.74,2019-01-23T12:06:42.219Z,1751389046.74,false,1751389046.74
10292735,apples4ryuk,1751389046.79,ジョジョの奇妙な冒険 | JoJo no Kimyou na Bouken | JoJo's Bizarre Adventure,1751389046.79,...,1751389046.79,...,1751389046.79,1.5 Liters,1751389046.79,2025-07-01T16:57:26.790Z,1751389046.79,2017-03-14T00:00:00.000Z,1751389046.79,1|1|1,1751389046.79,...,1751389046.79,?,1751389046.79,-1,1751389046.79,0,1751389046.79,1751389046.79,2018-06-26T03:26:57.712Z,1751389046.79,false,1751389046.79
10299797,"festlich, imperfectkreis",1751389046.842,Dishonored (Video Games),1751389046.842,...,1751389046.842,...,1751389046.842,Lay Me Down in Your Ocean,1751389046.842,2025-07-01T16:57:26.842Z,1751389046.842,2017-10-04T00:00:00.000Z,1751389046.842,6|7|0,1751389046.842,...,1751389046.842,?,1751389046.842,3,1751389046.842,0,1751389046.842,1751389046.842,2017-10-15T23:32:36.429Z,1751389046.842,false,1751389046.842
10317830,tsuyuzamu,1751389046.89,ジョジョの奇妙な冒険 | JoJo no Kimyou na Bouken | JoJo's Bizarre Adventure,1751389046.89,...,1751389046.89,...,1751389046.89,It's Always Sunny in Morioh,1751389046.89,2025-07-01T16:57:26.890Z,1751389046.89,2017-03-17T00:00:00.000Z,1751389046.89,2|?|0,1751389046.89,...,1751389046.89,?,1751389046.89,-1,1751389046.89,0,1751389046.89,1751389046.89,2018-07-15T03:43:05.063Z,1751389046.89,false,1751389046.89
10327337,Ravenesta,1751389046.94,Dishonored (Video Games),1751389046.94,...,1751389046.94,...,1751389046.94,balance us serene,1751389046.94,2025-07-01T16:57:26.940Z,1751389046.94,2017-03-16T00:00:00.000Z,1751389046.94,1|1|1,1751389046.94,...,1751389046.94,?,1751389046.94,1,1751389046.94,0,1751389046.94,1751389046.94,2017-10-30T14:53:14.773Z,1751389046.94,false,1751389046.94
10334357,merciful,1751389046.995,ジョジョの奇妙な冒険 | JoJo no Kimyou na Bouken | JoJo's Bizarre Adventure,1751389046.995,...,1751389046.995,...,1751389046.995,Unrefusable,1751389046.995,2025-07-01T16:57:26.995Z,1751389046.995,2017-03-17T00:00:00.000Z,1751389046.995,1|1|1,1751389046.995,...,1751389046.995,?,1751389046.995,-1,1751389046.995,0,1751389046.995,1751389046.995,2018-06-17T09:47:51.472Z,1751389046.995,false,1751389046.995
10481760,ForgottenForevermore,1751389047.044,Dishonored (Video Games),1751389047.044,...,1751389047.044,...,1751389047.044,That awkward moment,1751389047.044,2025-07-01T16:57:27.044Z,1751389047.044,2017-03-28T00:00:00.000Z,1751389047.044,1|1|1,1751389047.044,Awkward,1751389047.044,238,1751389047.044,-1,1751389047.044,0,1751389047.044,1751389047.044,2019-07-12T04:56:39.492Z,1751389047.044,false,1751389047.044
10562436,boxingmorals,1751389047.096,ジョジョの奇妙な冒険 | JoJo no Kimyou na Bouken | JoJo's Bizarre Adventure,1751389047.096,...,1751389047.096,...,1751389047.096,Beg For It,1751389047.096,2025-07-01T16:57:27.096Z,1751389047.096,2017-04-07T00:00:00.000Z,1751389047.096,1|1|1,1751389047.096,...,1751389047.096,?,1751389047.096,-1,1751389047.096,0,1751389047.096,1751389047.096,2018-07-15T03:42:49.979Z,1751389047.096,false,1751389047.096
10579527,Tamari Erin (metabaron),1751389047.146,Original Work,1751389047.146,...,1751389047.146,...,1751389047.146,Possession,1751389047.146,2025-07-01T16:57:27.146Z,1751389047.146,2017-02-20T00:00:00.000Z,1751389047.146,1|1|1,1751389047.146,"At the end of the vestibule is a bright, spacious atrium, lit by a large modernised skylight. The panes of glass making up the skylight cast crisscrossing shadows on the mosaic of roses on the atrium floor. Doors line both sides of the atrium and a wide set of stairs opposite the vestibule lead to to the peristyle and the rest of the house.

  The guards drop him on the tile floor and leave with as little ceremony as they'd entered. Their footfalls echo through the villa, and then with the thud of the heavy front doors swinging shut, everything is silent.

  The tiles feel cool against Sebastiano's face, in spite of the summer sun, and he lies there, too weak to move. 
Originally written for issue 65 of Shousetsu Bang*Bang",1751389047.146,9403,1751389047.146,5,1751389047.146,0,1751389047.146,1751389047.146,2019-06-08T03:22:10.417Z,1751389047.146,false,1751389047.146
10606020,DracoTheGlider,1751389047.206,ジョジョの奇妙な冒険 | JoJo no Kimyou na Bouken | JoJo's Bizarre Adventure,1751389047.206,...,1751389047.206,...,1751389047.206,Fillip,1751389047.206,2025-07-01T16:57:27.206Z,1751389047.206,2017-04-12T00:00:00.000Z,1751389047.206,1|1|1,1751389047.206,...,1751389047.206,?,1751389047.206,-1,1751389047.206,0,1751389047.206,1751389047.206,2018-07-27T11:39:43.067Z,1751389047.206,false,1751389047.206
10612338,kickassanakin,1751389047.258,ジョジョの奇妙な冒険 | JoJo no Kimyou na Bouken | JoJo's Bizarre Adventure,1751389047.258,...,1751389047.258,...,1751389047.258,I Could Never Fall in Love (With You),1751389047.258,2025-07-01T16:57:27.258Z,1751389047.258,2017-04-13T00:00:00.000Z,1751389047.258,1|1|1,1751389047.258,...,1751389047.258,?,1751389047.258,1,1751389047.258,0,1751389047.258,1751389047.258,2018-07-27T11:16:33.051Z,1751389047.258,false,1751389047.258
10651746,Dragons_Before_Dawn,1751389047.314,ジョジョの奇妙な冒険 | JoJo no Kimyou na Bouken | JoJo's Bizarre Adventure,1751389047.314,...,1751389047.314,...,1751389047.314,What He Needs,1751389047.314,2025-07-01T16:57:27.314Z,1751389047.314,2017-04-17T00:00:00.000Z,1751389047.314,1|1|1,1751389047.314,...,1751389047.314,?,1751389047.314,1,1751389047.314,0,1751389047.314,1751389047.314,2018-07-13T11:53:49.023Z,1751389047.314,false,1751389047.314
10688751,TheLionInMyBed,1751389047.379,"The Silmarillion and other histories of Middle-Earth - J. R. R. Tolkien, TOLKIEN J. R. R. - Works & Related Fandoms",1751389047.379,...,1751389047.379,...,1751389047.379,Ill Chance and Strange Fates,1751389047.379,2025-07-01T16:57:27.380Z,1751389047.379,2018-06-16T00:00:00.000Z,1751389047.379,27|?|0,1751389047.379,...,1751389047.379,17412,1751389047.379,3,1751389047.379,0,1751389047.379,1751389047.379,2019-08-02T23:08:57.254Z,1751389047.379,false,1751389047.379
10690287,BiffElderberry,1751389047.434,Original Work,1751389047.434,...,1751389047.434,...,1751389047.434,The First Ride,1751389047.434,2025-07-01T16:57:27.434Z,1751389047.434,2017-04-21T00:00:00.000Z,1751389047.434,1|1|1,1751389047.434,He gulped as he looked up at his dragon. Gone was the kind beast that had patience with his misplaced heroism and foolhardy brashness. The eyes that looked back at him now were filled with lust and desire.,1751389047.434,3363,1751389047.434,1,1751389047.434,0,1751389047.434,1751389047.434,2019-01-22T11:53:28.472Z,1751389047.434,false,1751389047.434
10693680,Spindle,1751389047.488,Original Work,1751389047.488,...,1751389047.488,...,1751389047.488,Spit Shine,1751389047.488,2025-07-01T16:57:27.488Z,1751389047.488,2017-04-23T00:00:00.000Z,1751389047.488,1|1|1,1751389047.488,"His first impression is of big, strong hands, wide enough to engulf his shoes, the thick knuckles crisscrossed with white scars in contrast to the delicate way he rolls up Richie’s trouser cuffs.",1751389047.488,4653,1751389047.488,3,1751389047.488,0,1751389047.488,1751389047.488,2019-01-23T06:29:48.733Z,1751389047.488,false,1751389047.488
10809087,altmodes,1751389047.538,Dishonored (Video Games),1751389047.538,...,1751389047.538,...,1751389047.538,"Death, Reversed",1751389047.538,2025-07-01T16:57:27.538Z,1751389047.538,2017-05-03T00:00:00.000Z,1751389047.538,7|?|0,1751389047.538,...,1751389047.538,?,1751389047.538,1,1751389047.538,0,1751389047.538,1751389047.538,2017-11-08T01:23:35.382Z,1751389047.538,false,1751389047.538
10817709,TWLBOAJ,1751389047.593,ジョジョの奇妙な冒険 | JoJo no Kimyou na Bouken | JoJo's Bizarre Adventure,1751389047.593,...,1751389047.593,...,1751389047.593,I Wanna See What Your Insides Look Like,1751389047.593,2025-07-01T16:57:27.593Z,1751389047.593,2017-08-25T00:00:00.000Z,1751389047.593,5|5|1,1751389047.593,Okay I'll be honest with y'all I don't have an excuse for this. Just... just fuckin take the filth I don't even know anymore,1751389047.593,7776,1751389047.593,-1,1751389047.593,0,1751389047.593,1751389047.593,2018-07-04T03:57:32.841Z,1751389047.593,false,1751389047.593
10825428,inwhatfurnace,1751389047.65,Dishonored (Video Games),1751389047.65,...,1751389047.65,...,1751389047.65,Across the Ageless Deep,1751389047.65,2025-07-01T16:57:27.650Z,1751389047.65,2017-05-05T00:00:00.000Z,1751389047.65,1|1|1,1751389047.65,"“Three whales will beach themselves today,” the boy says one morning, and they go down to the water to see.",1751389047.65,1790,1751389047.65,-1,1751389047.65,0,1751389047.65,1751389047.65,2019-06-27T03:21:28.019Z,1751389047.65,false,1751389047.65
10834218,Laweez,1751389047.71,ジョジョの奇妙な冒険 | JoJo no Kimyou na Bouken | JoJo's Bizarre Adventure,1751389047.71,...,1751389047.71,...,1751389047.71,Crawl out of my head and fall into my bed,1751389047.71,2025-07-01T16:57:27.711Z,1751389047.71,2017-05-06T00:00:00.000Z,1751389047.71,1|1|1,1751389047.71,"“Miss me?” Josuke asked grinning at the older man, knowing exactly what the reaction would be.
“No.” said Rohan.",1751389047.71,2199,1751389047.71,5,1751389047.71,0,1751389047.71,1751389047.71,2019-06-08T03:22:12.250Z,1751389047.71,false,1751389047.71
10849221,razorsharp2199,1751389047.765,ジョジョの奇妙な冒険 | JoJo no Kimyou na Bouken | JoJo's Bizarre Adventure,1751389047.765,...,1751389047.765,...,1751389047.765,Bad Obsession,1751389047.765,2025-07-01T16:57:27.765Z,1751389047.765,2017-05-07T00:00:00.000Z,1751389047.765,1|1|1,1751389047.765,...,1751389047.765,?,1751389047.765,-1,1751389047.765,0,1751389047.765,1751389047.765,2018-07-14T14:22:10.475Z,1751389047.765,false,1751389047.765
10882434,SoonToBeCyborg,1751389047.825,Dishonored (Video Games),1751389047.825,...,1751389047.825,...,1751389047.825,Recovered Melody,1751389047.825,2025-07-01T16:57:27.825Z,1751389047.825,2017-10-09T00:00:00.000Z,1751389047.825,24|?|0,1751389047.825,...,1751389047.825,?,1751389047.825,1,1751389047.825,0,1751389047.825,1751389047.825,2017-10-16T00:07:07.089Z,1751389047.825,false,1751389047.825
10904568,Nope,1751389047.888,Oliver Twist - Charles Dickens,1751389047.888,...,1751389047.888,...,1751389047.888,Merry Old Town,1751389047.888,2025-07-01T16:57:27.888Z,1751389047.888,2003-05-12T00:00:00.000Z,1751389047.888,1|1|1,1751389047.888,"Years later, Dodger comes back to London.",1751389047.888,2278,1751389047.888,3,1751389047.888,0,1751389047.888,1751389047.888,2019-08-18T02:46:41.580Z,1751389047.888,false,1751389047.888
10909257,Weatherwax,1751389047.94,Original Work,1751389047.94,...,1751389047.94,...,1751389047.94,The Prince and the Rogue,1751389047.94,2025-07-01T16:57:27.940Z,1751389047.94,2018-01-17T00:00:00.000Z,1751389047.94,3|?|0,1751389047.94,"This story can be read as a standalone work, it's both a sidefic and a sort of prequel for my work in progress Dragonkin. Love story between thugs. Ok one of them is a prince; a noble-born, less ragged sort of thug, but a thug, nonetheless.",1751389047.94,8427,1751389047.94,-1,1751389047.94,0,1751389047.94,1751389047.94,2019-01-23T06:05:03.020Z,1751389047.94,false,1751389047.94
10932606,TheDivineComedian,1751389047.998,Discworld - Terry Pratchett,1751389047.998,...,1751389047.998,...,1751389047.998,Borogravian Dog Days,1751389047.998,2025-07-01T16:57:27.998Z,1751389047.998,2017-05-17T00:00:00.000Z,1751389047.998,1|1|1,1751389047.998,...,1751389047.998,?,1751389047.998,-1,1751389047.998,0,1751389047.998,1751389047.998,2017-12-02T12:26:29.265Z,1751389047.998,false,1751389047.998
10970100,kickassanakin,1751389048.054,ジョジョの奇妙な冒険 | JoJo no Kimyou na Bouken | JoJo's Bizarre Adventure,1751389048.054,...,1751389048.054,...,1751389048.054,(Up) Yours,1751389048.054,2025-07-01T16:57:28.054Z,1751389048.054,2017-05-22T00:00:00.000Z,1751389048.054,1|1|1,1751389048.054,...,1751389048.054,?,1751389048.054,-1,1751389048.054,0,1751389048.054,1751389048.054,2018-07-14T14:26:45.070Z,1751389048.054,false,1751389048.054
11004318,EldritchMage,1751389048.106,"Bard/Thranduil if you shut one eye and cross the other, Barduil if you shut one eye and cross the other, The Hobbit - All Media Types, The Hobbit (Jackson Movies), The Hobbit - J. R. R. Tolkien, Barduil - Fandom",1751389048.106,...,1751389048.106,...,1751389048.106,When the Pale Swan Cries,1751389048.106,2025-07-01T16:57:28.106Z,1751389048.106,2017-05-26T00:00:00.000Z,1751389048.106,1|1|1,1751389048.106,"I haven't written any angst in a long time, so here's a dark tale of a white-haired Swan in a cage, and a lonely man who goes into a bar to watch a hockey game. It's one more example of how no good deed goes unpunished.",1751389048.106,7371,1751389048.106,-1,1751389048.106,0,1751389048.106,1751389048.106,2019-08-23T11:31:19.345Z,1751389048.106,false,1751389048.106
11031750,kickassanakin,1751389048.158,ジョジョの奇妙な冒険 | JoJo no Kimyou na Bouken | JoJo's Bizarre Adventure,1751389048.158,...,1751389048.158,...,1751389048.158,"Honey, I'm Home",1751389048.158,2025-07-01T16:57:28.158Z,1751389048.158,2017-05-29T00:00:00.000Z,1751389048.158,1|1|1,1751389048.158,...,1751389048.158,?,1751389048.158,-1,1751389048.158,0,1751389048.158,1751389048.158,2018-06-27T08:44:16.994Z,1751389048.158,false,1751389048.158
11033862,BiffElderberry,1751389048.221,Original Work,1751389048.221,...,1751389048.221,...,1751389048.221,The Nest,1751389048.221,2025-07-01T16:57:28.221Z,1751389048.221,2017-05-29T00:00:00.000Z,1751389048.221,1|1|1,1751389048.221,"Six pairs of dragon eyes snapped to him at his utterance. Suddenly Isenris felt like a small rabbit stumbling into a den of foxes. Every bone in his body wanted him to run, but his muscles refused to move. He didn't want to be the dragon's dinner, and yet he wasn't quite sure he could get away. One of the dragons - smaller, maybe younger, with blue scales - rushed him, knocking Isenris to the ground. He thudded against the ground, groaning as his ankle buckled beneath him. The dragon on top of him began to rut against his leg.
Isenris knew what the dragons wanted, it was the same thing Arboth had wanted months before.",1751389048.221,2575,1751389048.221,-1,1751389048.221,0,1751389048.221,1751389048.221,2019-01-22T12:00:32.248Z,1751389048.221,false,1751389048.221
11087625,gildedmischief (cuddlyenderman),1751389048.276,Dishonored (Video Games),1751389048.276,...,1751389048.276,...,1751389048.276,Reckless Serenade,1751389048.276,2025-07-01T16:57:28.276Z,1751389048.276,2017-09-25T00:00:00.000Z,1751389048.276,3|?|0,1751389048.276,...,1751389048.276,?,1751389048.276,-1,1751389048.276,0,1751389048.276,1751389048.276,2017-10-18T12:37:42.732Z,1751389048.276,false,1751389048.276
11178558,Laweez,1751389048.329,ジョジョの奇妙な冒険 | JoJo no Kimyou na Bouken | JoJo's Bizarre Adventure,1751389048.329,...,1751389048.329,...,1751389048.329,Wake me back to life,1751389048.329,2025-07-01T16:57:28.329Z,1751389048.329,2017-06-12T00:00:00.000Z,1751389048.329,1|1|1,1751389048.329,...,1751389048.329,?,1751389048.329,3,1751389048.329,0,1751389048.329,1751389048.329,2018-06-17T10:01:39.987Z,1751389048.329,false,1751389048.329
11199489,gay outsider central (tyelperin),1751389048.386,Dishonored (Video Games),1751389048.386,...,1751389048.386,...,1751389048.386,I am the truth,1751389048.386,2025-07-01T16:57:28.386Z,1751389048.386,2017-06-14T00:00:00.000Z,1751389048.386,1|1|1,1751389048.386,"He opened his eyes, as black as a dream. Trying to speak, his only words only a scream,"" Corvo reads, and wonders.",1751389048.386,1502,1751389048.386,-1,1751389048.386,0,1751389048.386,1751389048.386,2019-07-08T09:59:59.553Z,1751389048.386,false,1751389048.386
11202417,OhGoshOhJeez,1751389048.449,"Dishonored (Video Games), Dishonored 2 - Fandom",1751389048.449,...,1751389048.449,...,1751389048.449,Whispers from the Void,1751389048.449,2025-07-01T16:57:28.449Z,1751389048.449,2017-06-14T00:00:00.000Z,1751389048.449,1|?|0,1751389048.449,...,1751389048.449,?,1751389048.449,-1,1751389048.449,0,1751389048.449,1751389048.449,2017-10-18T18:55:40.110Z,1751389048.449,false,1751389048.449
11217912,HeirOfRage,1751389048.506,Dishonored (Video Games),1751389048.506,...,1751389048.506,...,1751389048.506,"My dear Corvo, sweetest gift",1751389048.506,2025-07-01T16:57:28.506Z,1751389048.506,2017-06-16T00:00:00.000Z,1751389048.506,1|1|1,1751389048.506,...,1751389048.506,?,1751389048.506,-1,1751389048.506,0,1751389048.506,1751389048.506,2017-10-18T18:54:09.300Z,1751389048.506,false,1751389048.506
11262207,kizuke,1751389048.557,Gentleman Bastard Sequence - Scott Lynch,1751389048.557,...,1751389048.557,...,1751389048.557,Shades of the Ghostwinds,1751389048.557,2025-07-01T16:57:28.557Z,1751389048.557,2017-06-21T00:00:00.000Z,1751389048.557,1|1|1,1751389048.557,...,1751389048.557,?,1751389048.557,3,1751389048.557,0,1751389048.557,1751389048.557,2017-12-30T06:02:10.274Z,1751389048.557,false,1751389048.557
11300187,b0necharmed,1751389048.607,Dishonored (Video Games),1751389048.607,...,1751389048.607,...,1751389048.607,All That We've Fought For,1751389048.607,2025-07-01T16:57:28.607Z,1751389048.607,2017-06-25T00:00:00.000Z,1751389048.607,1|2|0,1751389048.607,"Takes place a couple of years after the events of the first game, in which Corvo encounters difficulties in the keeping of a dream journal. Sort of. There's sex dreams, and then actual sex, and then sex in a dream, all layered with a healthy garnish of existential angst.Sort of.",1751389048.607,3698,1751389048.607,5,1751389048.607,0,1751389048.607,1751389048.607,2019-07-24T03:36:36.155Z,1751389048.607,false,1751389048.607
11331105,W31rd0G4l,1751389048.666,Dishonored (Video Games),1751389048.666,...,1751389048.666,...,1751389048.666,The World’s A Beast of A Burden,1751389048.666,2025-07-01T16:57:28.666Z,1751389048.666,2017-06-28T00:00:00.000Z,1751389048.666,1|1|1,1751389048.666,...,1751389048.666,?,1751389048.666,-1,1751389048.666,0,1751389048.666,1751389048.666,2017-10-18T14:18:19.221Z,1751389048.666,false,1751389048.666
11344746,W31rd0G4l,1751389048.718,Dishonored (Video Games),1751389048.718,...,1751389048.718,...,1751389048.718,Earthquake and Thunder,1751389048.718,2025-07-01T16:57:28.719Z,1751389048.718,2017-06-29T00:00:00.000Z,1751389048.718,1|1|1,1751389048.718,...,1751389048.718,?,1751389048.718,-1,1751389048.718,0,1751389048.718,1751389048.718,2017-10-18T14:18:15.743Z,1751389048.718,false,1751389048.718
11350692,W31rd0G4l,1751389048.78,Dishonored (Video Games),1751389048.78,...,1751389048.78,...,1751389048.78,"The Music It Fades, The Violence Slows",1751389048.78,2025-07-01T16:57:28.780Z,1751389048.78,2017-07-02T00:00:00.000Z,1751389048.78,1|1|1,1751389048.78,...,1751389048.78,?,1751389048.78,-1,1751389048.78,0,1751389048.78,1751389048.78,2017-10-20T23:54:54.453Z,1751389048.78,false,1751389048.78
11354841,W31rd0G4l,1751389048.84,Dishonored (Video Games),1751389048.84,...,1751389048.84,...,1751389048.84,Not Here Looking for Absolution,1751389048.84,2025-07-01T16:57:28.840Z,1751389048.84,2017-07-03T00:00:00.000Z,1751389048.84,1|1|1,1751389048.84,...,1751389048.84,?,1751389048.84,-1,1751389048.84,0,1751389048.84,1751389048.84,2017-10-18T12:56:22.841Z,1751389048.84,false,1751389048.84
11360331,xianvar,1751389048.898,Dishonored (Video Games),1751389048.898,...,1751389048.898,...,1751389048.898,The Violin Slows,1751389048.898,2025-07-01T16:57:28.898Z,1751389048.898,2017-07-02T00:00:00.000Z,1751389048.898,1|1|1,1751389048.898,...,1751389048.898,?,1751389048.898,3,1751389048.898,0,1751389048.898,1751389048.898,2017-10-18T13:04:26.565Z,1751389048.898,false,1751389048.898
11360511,xianvar,1751389048.949,Dishonored (Video Games),1751389048.949,...,1751389048.949,...,1751389048.949,So Show Me Something We Haven't Heard Yet,1751389048.949,2025-07-01T16:57:28.949Z,1751389048.949,2017-07-04T00:00:00.000Z,1751389048.949,1|1|1,1751389048.949,...,1751389048.949,?,1751389048.949,-1,1751389048.949,0,1751389048.949,1751389048.949,2017-11-08T01:22:49.773Z,1751389048.949,false,1751389048.949
11385726,W31rd0G4l,1751389049.002,Dishonored (Video Games),1751389049.002,...,1751389049.002,...,1751389049.002,The Undone and the Divine,1751389049.002,2025-07-01T16:57:29.002Z,1751389049.002,2017-08-23T00:00:00.000Z,1751389049.002,1|1|1,1751389049.002,...,1751389049.002,?,1751389049.002,-1,1751389049.002,0,1751389049.002,1751389049.002,2017-10-18T12:48:15.885Z,1751389049.002,false,1751389049.002
11402889,Kitsu_Iraka,1751389049.068,ジョジョの奇妙な冒険 | JoJo no Kimyou na Bouken | JoJo's Bizarre Adventure,1751389049.068,...,1751389049.068,...,1751389049.068,JoJo's Bizarre Adventure: Golden Days,1751389049.068,2025-07-01T16:57:29.068Z,1751389049.068,2018-06-21T00:00:00.000Z,1751389049.068,18|?|0,1751389049.068,...,1751389049.068,?,1751389049.068,-1,1751389049.068,0,1751389049.068,1751389049.068,2018-07-12T11:33:21.627Z,1751389049.068,false,1751389049.068
11418999,tveckling,1751389049.126,Dishonored (Video Games),1751389049.126,...,1751389049.126,...,1751389049.126,334. Loved by a god,1751389049.126,2025-07-01T16:57:29.126Z,1751389049.126,2017-07-06T00:00:00.000Z,1751389049.126,1|1|1,1751389049.126,...,1751389049.126,?,1751389049.126,3,1751389049.126,0,1751389049.126,1751389049.126,2017-10-20T23:54:23.917Z,1751389049.126,false,1751389049.126
11419182,tveckling,1751389049.18,Dishonored (Video Games),1751389049.18,...,1751389049.18,...,1751389049.18,85. Dark as chaos,1751389049.18,2025-07-01T16:57:29.180Z,1751389049.18,2017-07-06T00:00:00.000Z,1751389049.18,1|1|1,1751389049.18,...,1751389049.18,?,1751389049.18,-1,1751389049.18,0,1751389049.18,1751389049.18,2017-10-20T23:43:44.021Z,1751389049.18,false,1751389049.18
11428962,kittensandcake,1751389049.243,Dishonored (Video Games),1751389049.243,...,1751389049.243,...,1751389049.243,Briny Depths,1751389049.243,2025-07-01T16:57:29.243Z,1751389049.243,2017-07-07T00:00:00.000Z,1751389049.243,1|1|1,1751389049.243,They say the whale-god eats those mutineers left to drift the oceans.,1751389049.243,2833,1751389049.243,-1,1751389049.243,0,1751389049.243,1751389049.243,2019-07-07T20:40:46.663Z,1751389049.243,false,1751389049.243
11433414,"dreabean, Troodon",1751389049.297,Dishonored (Video Games),1751389049.297,...,1751389049.297,...,1751389049.297,God In the Blood,1751389049.297,2025-07-01T16:57:29.297Z,1751389049.297,2017-07-07T00:00:00.000Z,1751389049.297,13|13|1,1751389049.297,"The Outsider, long used to being a program, hardly remembers his time in the Void that Was. It died when he did, and everything that was magic went with it. Delilah, in search of more power, more augments, and more destruction, cares little for the gods of old and Emily is the one who has to pay the price.And now, the Void is waking up.",1751389049.297,91537,1751389049.297,-1,1751389049.297,0,1751389049.297,1751389049.297,2019-07-16T11:13:34.813Z,1751389049.297,false,1751389049.297
11445489,Eione,1751389049.357,The Silmarillion and other histories of Middle-Earth - J. R. R. Tolkien,1751389049.357,...,1751389049.357,...,1751389049.357,Isle of Wolves,1751389049.357,2025-07-01T16:57:29.357Z,1751389049.357,2017-07-23T00:00:00.000Z,1751389049.357,1|1|1,1751389049.357,"In Tol-in-Gaurhoth, Sauron forces Beren to rape Finrod for his amusement with an audience of Orcs looking on. Finrod experiences an involuntary mental bond from the rape and feels Beren's physical pleasure as his own.",1751389049.357,3226,1751389049.357,3,1751389049.357,0,1751389049.357,1751389049.357,2019-07-29T22:25:58.979Z,1751389049.357,false,1751389049.357
11448099,Psuedorabbit,1751389049.414,ジョジョの奇妙な冒険 | JoJo no Kimyou na Bouken | JoJo's Bizarre Adventure,1751389049.414,...,1751389049.414,...,1751389049.414,from now our merge is eternal,1751389049.414,2025-07-01T16:57:29.414Z,1751389049.414,2017-07-09T00:00:00.000Z,1751389049.414,1|1|1,1751389049.414,...,1751389049.414,?,1751389049.414,-1,1751389049.414,0,1751389049.414,1751389049.414,2018-07-02T11:23:42.600Z,1751389049.414,false,1751389049.414
11454264,kickassanakin,1751389049.47,ジョジョの奇妙な冒険 | JoJo no Kimyou na Bouken | JoJo's Bizarre Adventure,1751389049.47,...,1751389049.47,...,1751389049.47,Dog Person,1751389049.47,2025-07-01T16:57:29.470Z,1751389049.47,2017-07-09T00:00:00.000Z,1751389049.47,1|1|1,1751389049.47,...,1751389049.47,?,1751389049.47,-1,1751389049.47,0,1751389049.47,1751389049.47,2018-07-13T11:44:56.903Z,1751389049.47,false,1751389049.47
11464029,meowstelle,1751389049.526,ジョジョの奇妙な冒険 | JoJo no Kimyou na Bouken | JoJo's Bizarre Adventure,1751389049.526,...,1751389049.526,...,1751389049.526,Meridian,1751389049.526,2025-07-01T16:57:29.526Z,1751389049.526,2018-03-09T00:00:00.000Z,1751389049.526,8|?|0,1751389049.526,...,1751389049.526,?,1751389049.526,-1,1751389049.526,0,1751389049.526,1751389049.526,2018-07-01T14:38:09.760Z,1751389049.526,false,1751389049.526
11474073,DolphinSpirit,1751389049.597,Original Work,1751389049.597,...,1751389049.597,...,1751389049.597,Breaking the Chains,1751389049.597,2025-07-01T16:57:29.597Z,1751389049.597,2018-08-31T00:00:00.000Z,1751389049.597,71|71|1,1751389049.597,"In Dracus, everyone knows that Alphas are the rich and elite who have ambitious careers while Betas do the grunt work. Meanwhile Omegas can only work in simple careers or better yet, marry Alphas, more specifically elite Alphas. Betas marry Betas to have more Betas. Alphas marry Omegas to have perfect Alpha and Omega children. No one ever steps out of their assigned role. But on the military base in the capital of Heracles City, there are a few youngsters who are trying to break out of the social norms.Kit Kelly is an Omega masquerading as a Beta to enter the special task force, while Michael is an Alpha from an affluent family who is trying to do a Beta's job. Then there's Nicholas Chambers, an Alpha who hates Betas and is on the fast track to a career in the military; if he can only ignore, or get rid of, the annoying Colt Saunders, a stubborn Beta who refuses to follow the rules and tries to climb up the Alpha special ladder.  To finish off we have the adorable Omega Flynn Hale who is trying his best to seduce his childhood crush Damon Flint, who isn't as eager as Flynn to ignore the social rules.There's going to be action, comedy, fluff, and inner & outer struggles.",1751389049.597,271817,1751389049.597,-1,1751389049.597,0,1751389049.597,1751389049.597,2019-01-23T06:05:47.351Z,1751389049.597,false,1751389049.597
11511195,KeeperofSeeds,1751389049.693,Dishonored (Video Games),1751389049.693,...,1751389049.693,...,1751389049.693,[podfic] Across the Ageless Deep,1751389049.693,2025-07-01T16:57:29.693Z,1751389049.693,2017-07-17T00:00:00.000Z,1751389049.693,1|1|1,1751389049.693,...,1751389049.693,?,1751389049.693,-1,1751389049.693,0,1751389049.693,1751389049.693,2017-10-18T12:54:09.188Z,1751389049.693,false,1751389049.693
11525193,FangedAngel,1751389049.772,Dishonored (Video Games),1751389049.772,...,1751389049.772,...,1751389049.772,A myth to behold,1751389049.772,2025-07-01T16:57:29.773Z,1751389049.772,2017-07-17T00:00:00.000Z,1751389049.772,1|1|1,1751389049.772,"The Outsider doesn't know why he's here. He can feel the Void calling to him, but he is intrigued by the way in which Corvo's pain resonates with him when it shouldn't affect him in any way. He's seen many empires fall and many lives shattered in the name of many causes. He's seen unimaginable destruction and horror, and too much death, but he's barely ever found himself feeling involved in any of it. The closest he got to feeling anything more than mild interest was when he marked the rat boy, and even then he'd only felt mild disappointment in the end, a hint of remorse at the loss of so many other futures. He supposes that his mistake of getting involved in saving Corvo when he was a boy is behind all this, but he feels like he couldn't have avoided that. In all the glimpses of Corvo's futures he's been able to see, he's always intrinsically entwined with the Outsider in a way the god cannot begin to explain.
Or: the Outsider's 'fascination' with Corvo starts earlier than Corvo might have thought, and allows Delilah to get away with a lot. Featuring: lots of long sentences, very little dialogue, and lots of Corvo thinking. Also lots of canon divergence in terms of plot and characters.",1751389049.772,12392,1751389049.772,1,1751389049.772,0,1751389049.772,1751389049.772,2019-07-12T04:45:54.831Z,1751389049.772,false,1751389049.772
11538780,Vrunka,1751389049.829,Dishonored (Video Games),1751389049.829,...,1751389049.829,...,1751389049.829,Progeny (The Prodigal Son),1751389049.829,2025-07-01T16:57:29.829Z,1751389049.829,2017-07-18T00:00:00.000Z,1751389049.829,1|1|1,1751389049.829,...,1751389049.829,?,1751389049.829,-1,1751389049.829,0,1751389049.829,1751389049.829,2017-10-18T12:53:27.011Z,1751389049.829,false,1751389049.829
11545332,margointhesea,1751389049.891,ジョジョの奇妙な冒険 | JoJo no Kimyou na Bouken | JoJo's Bizarre Adventure,1751389049.891,...,1751389049.891,...,1751389049.891,Catch me-Stealing the Heart of the Thief,1751389049.891,2025-07-01T16:57:29.891Z,1751389049.891,2018-03-17T00:00:00.000Z,1751389049.891,34|34|1,1751389049.891,...,1751389049.891,?,1751389049.891,-1,1751389049.891,0,1751389049.891,1751389049.891,2018-08-18T16:32:23.200Z,1751389049.891,false,1751389049.891
11560791,rossignol_hatshepsut,1751389049.949,"Dishonored (Video Games), Thief (Video Games)",1751389049.949,...,1751389049.949,...,1751389049.949,Ports of Call,1751389049.949,2025-07-01T16:57:29.949Z,1751389049.949,2017-09-16T00:00:00.000Z,1751389049.949,20|20|1,1751389049.949,...,1751389049.949,?,1751389049.949,-1,1751389049.949,0,1751389049.949,1751389049.949,2017-10-20T12:48:16.574Z,1751389049.949,false,1751389049.949
11577102,triptocaine,1751389050.005,Dishonored (Video Games),1751389050.005,...,1751389050.005,...,1751389050.005,to catch smoke,1751389050.005,2025-07-01T16:57:30.005Z,1751389050.005,2017-07-22T00:00:00.000Z,1751389050.005,5|5|1,1751389050.005,...,1751389050.005,?,1751389050.005,-1,1751389050.005,0,1751389050.005,1751389050.005,2017-10-23T18:29:04.764Z,1751389050.005,false,1751389050.005
11585313,By_the_Void,1751389050.072,Dishonored (Video Games),1751389050.072,...,1751389050.072,...,1751389050.072,Skin Like Ivory,1751389050.072,2025-07-01T16:57:30.073Z,1751389050.072,2017-07-24T00:00:00.000Z,1751389050.072,2|2|1,1751389050.072,...,1751389050.072,?,1751389050.072,-1,1751389050.072,0,1751389050.072,1751389050.072,2017-11-25T04:26:19.713Z,1751389050.072,false,1751389050.072
11651271,bloodbright,1751389050.146,Dishonored (Video Games),1751389050.146,...,1751389050.146,...,1751389050.146,tomorrow's dust flares into breath,1751389050.146,2025-07-01T16:57:30.146Z,1751389050.146,2017-07-31T00:00:00.000Z,1751389050.146,1|1|1,1751389050.146,...,1751389050.146,?,1751389050.146,1,1751389050.146,0,1751389050.146,1751389050.146,2017-10-20T23:36:12.169Z,1751389050.146,false,1751389050.146
11658039,darlingstars,1751389050.203,Original Work,1751389050.203,...,1751389050.203,...,1751389050.203,Seedlings,1751389050.203,2025-07-01T16:57:30.203Z,1751389050.203,2017-07-30T00:00:00.000Z,1751389050.203,1|1|1,1751389050.203,"“I can’t believe all of those fit inside me” His cock twitched at the sensations and he moaned, arching his back and pressing a little more firmly into his pregnant stomach trying to feel the seeds beneath. The vines undulated around him in excitement. One of them moved down to curl around his length, stroking lazily while another moved down further to prod at his entrance, still loose from taking in the seeds. It dipped inside shallowly, stroking the walls and prodding at the edge of the gel that held its seeds inside of Eli. ",1751389050.203,4554,1751389050.203,-1,1751389050.203,0,1751389050.203,1751389050.203,2019-01-22T05:36:07.780Z,1751389050.203,false,1751389050.203
11695320,"festlich, imperfectkreis",1751389050.264,Dishonored (Video Games),1751389050.264,...,1751389050.264,...,1751389050.264,Lay Me Down in Your Ocean [audio],1751389050.264,2025-07-01T16:57:30.264Z,1751389050.264,2017-08-03T00:00:00.000Z,1751389050.264,1|?|0,1751389050.264,...,1751389050.264,?,1751389050.264,-1,1751389050.264,0,1751389050.264,1751389050.264,2017-10-18T12:51:50.101Z,1751389050.264,false,1751389050.264
11724525,misura,1751389050.334,Gentleman Bastard Sequence - Scott Lynch,1751389050.334,...,1751389050.334,...,1751389050.334,Wake Up and Smell the Black Alchemy,1751389050.334,2025-07-01T16:57:30.334Z,1751389050.334,2017-07-25T00:00:00.000Z,1751389050.334,1|1|1,1751389050.334,In which Locke is forced to take steps in order to improve his morning.,1751389050.334,1386,1751389050.334,1,1751389050.334,0,1751389050.334,1751389050.334,2018-12-29T23:11:56.059Z,1751389050.334,false,1751389050.334
11725575,prometheanTactician,1751389050.393,Dishonored (Video Games),1751389050.393,...,1751389050.393,...,1751389050.393,In a Ruined and Drowning World,1751389050.393,2025-07-01T16:57:30.393Z,1751389050.393,2017-09-15T00:00:00.000Z,1751389050.393,3|?|0,1751389050.393,...,1751389050.393,?,1751389050.393,-1,1751389050.393,0,1751389050.393,1751389050.393,2017-10-17T13:13:51.120Z,1751389050.393,false,1751389050.393
11769240,FabledVillan,1751389050.49,Dishonored (Video Games),1751389050.49,...,1751389050.49,...,1751389050.49,Haunted,1751389050.49,2025-07-01T16:57:30.490Z,1751389050.49,2017-08-10T00:00:00.000Z,1751389050.49,1|1|1,1751389050.49,...,1751389050.49,?,1751389050.49,-1,1751389050.49,0,1751389050.49,1751389050.49,2017-10-18T12:50:26.848Z,1751389050.49,false,1751389050.49
11802981,jenni4765,1751389050.551,The Silmarillion and other histories of Middle-Earth - J. R. R. Tolkien,1751389050.551,...,1751389050.551,...,1751389050.551,The Pit of Madness,1751389050.551,2025-07-01T16:57:30.551Z,1751389050.551,2017-08-14T00:00:00.000Z,1751389050.551,1|1|1,1751389050.551,"The action is set in Tol-in-Gaurhoth, with Finrod and Beren imprisoned by Sauron.  While Finrod tries to stay alive amid repeated attacks, Beren is determined to prevail.",1751389050.551,2722,1751389050.551,3,1751389050.551,0,1751389050.551,1751389050.551,2019-07-29T21:43:30.795Z,1751389050.551,false,1751389050.551
11810493,Kitsu_Iraka,1751389050.603,ジョジョの奇妙な冒険 | JoJo no Kimyou na Bouken | JoJo's Bizarre Adventure,1751389050.603,...,1751389050.603,...,1751389050.603,JoJo's Bizarre Adventure: Golden Days,1751389050.603,2025-07-01T16:57:30.603Z,1751389050.603,2018-05-31T00:00:00.000Z,1751389050.603,9|?|0,1751389050.603,...,1751389050.603,?,1751389050.603,-1,1751389050.603,0,1751389050.603,1751389050.603,2018-07-12T11:34:15.447Z,1751389050.603,false,1751389050.603
11835093,thekurosakiconundrum,1751389050.667,ジョジョの奇妙な冒険 | JoJo no Kimyou na Bouken | JoJo's Bizarre Adventure,1751389050.667,...,1751389050.667,...,1751389050.667,My hopes are so high that your kiss might kill me.,1751389050.667,2025-07-01T16:57:30.667Z,1751389050.667,2017-08-18T00:00:00.000Z,1751389050.667,1|1|1,1751389050.667,...,1751389050.667,?,1751389050.667,1,1751389050.667,0,1751389050.667,1751389050.667,2018-06-25T03:40:11.453Z,1751389050.667,false,1751389050.667
11842200,timmy_failure,1751389050.74,Dishonored (Video Games),1751389050.74,...,1751389050.74,...,1751389050.74,Что делать с пьяным драбблом нам?,1751389050.74,2025-07-01T16:57:30.740Z,1751389050.74,2018-05-31T00:00:00.000Z,1751389050.74,40|40|1,1751389050.74,...,1751389050.74,?,1751389050.74,-1,1751389050.74,0,1751389050.74,1751389050.74,2018-07-20T02:33:41.724Z,1751389050.74,false,1751389050.74
11864358,Nuinzilien,1751389050.881,The Silmarillion and other histories of Middle-Earth - J. R. R. Tolkien,1751389050.881,...,1751389050.881,...,1751389050.881,Some Day I'm Gonna Marry You,1751389050.881,2025-07-01T16:57:30.881Z,1751389050.881,2017-08-21T00:00:00.000Z,1751389050.881,1|1|1,1751389050.881,"The first of the Noldor elves to encounter Men was Finrod Felagund, who befriended the Men of Beor, learning their ways and language, and teaching them his own.  This is how the Ring of Finrod came to be an heirloom of Barahir's line.",1751389050.881,5282,1751389050.881,1,1751389050.881,0,1751389050.881,1751389050.881,2019-07-28T17:00:45.491Z,1751389050.881,false,1751389050.881
11896923,dollylux,1751389050.942,The Hobbit - All Media Types,1751389050.942,...,1751389050.942,...,1751389050.942,Run Me Through,1751389050.942,2025-07-01T16:57:30.942Z,1751389050.942,2017-08-24T00:00:00.000Z,1751389050.942,1|1|1,1751389050.942,Thranduil has new skylights installed in his studio.,1751389050.942,3253,1751389050.942,-1,1751389050.942,0,1751389050.942,1751389050.942,2019-08-23T11:31:43.721Z,1751389050.942,false,1751389050.942
11906373,imperfectkreis,1751389050.996,Dishonored (Video Games),1751389050.996,...,1751389050.996,...,1751389050.996,Strayed,1751389050.996,2025-07-01T16:57:30.996Z,1751389050.996,2017-08-25T00:00:00.000Z,1751389050.996,1|1|1,1751389050.996,"Sometimes the best disguise is hiding in plain sight. 
The Outsider comes to Dunwall Tower, eats sweets with the Empress, and gives the Royal Protector an ulcer.",1751389050.996,9229,1751389050.996,5,1751389050.996,0,1751389050.996,1751389050.996,2019-06-12T02:27:24.874Z,1751389050.996,false,1751389050.996
11942889,hotmesslewis,1751389051.052,Lewis and Clark,1751389051.052,...,1751389051.052,...,1751389051.052,dog days,1751389051.052,2025-07-01T16:57:31.052Z,1751389051.052,2017-08-29T00:00:00.000Z,1751389051.052,1|1|1,1751389051.052,"Modern AU.  The boys bond over a pup.  100% fluff, both literally and metaphorically.",1751389051.052,645,1751389051.052,-1,1751389051.052,0,1751389051.052,1751389051.052,2025-06-17T23:54:59.138Z,1751389051.052,false,1751389051.052
11951433,hotmesslewis,1751389051.123,Lewis and Clark,1751389051.123,...,1751389051.123,...,1751389051.123,chasing after your restless heart,1751389051.123,2025-07-01T16:57:31.123Z,1751389051.123,2017-08-30T00:00:00.000Z,1751389051.123,1|1|1,1751389051.123,Part 1 of the Reincarnation series.  Meriwether Lewis gets into a bar fight and finds what he's been looking for.,1751389051.123,2387,1751389051.123,-1,1751389051.123,0,1751389051.123,1751389051.123,2025-06-17T23:57:14.781Z,1751389051.123,false,1751389051.123
11979606,Ysavvryl,1751389051.182,Dishonored (Video Games),1751389051.182,...,1751389051.182,...,1751389051.182,Castlevania Birds,1751389051.182,2025-07-01T16:57:31.182Z,1751389051.182,2017-09-02T00:00:00.000Z,1751389051.182,1|1|1,1751389051.182,...,1751389051.182,?,1751389051.182,-1,1751389051.182,0,1751389051.182,1751389051.182,2017-11-25T04:24:46.169Z,1751389051.182,false,1751389051.182
11991222,theyoungdaydreamer,1751389051.239,Dishonored (Video Games),1751389051.239,...,1751389051.239,...,1751389051.239,These Are My Dreams,1751389051.239,2025-07-01T16:57:31.239Z,1751389051.239,2017-09-03T00:00:00.000Z,1751389051.239,1|2|0,1751389051.239,...,1751389051.239,?,1751389051.239,-1,1751389051.239,0,1751389051.239,1751389051.239,2017-10-20T23:42:52.211Z,1751389051.239,false,1751389051.239
12026964,hotmesslewis,1751389051.353,Lewis and Clark,1751389051.353,...,1751389051.353,...,1751389051.353,caught off guard,1751389051.353,2025-07-01T16:57:31.353Z,1751389051.353,2017-09-07T00:00:00.000Z,1751389051.353,1|1|1,1751389051.353,"What it says in the tags: Lewis and Clark modern happy AU, a movie and popcorn and a good helping of cheese.",1751389051.353,941,1751389051.353,-1,1751389051.353,0,1751389051.353,1751389051.353,2025-06-17T23:55:03.656Z,1751389051.353,false,1751389051.353
12033756,Ashita,1751389051.414,ジョジョの奇妙な冒険 | JoJo no Kimyou na Bouken | JoJo's Bizarre Adventure,1751389051.414,...,1751389051.414,...,1751389051.414,The Golden Boy is Back to Morioh,1751389051.414,2025-07-01T16:57:31.415Z,1751389051.414,2017-09-08T00:00:00.000Z,1751389051.414,5|5|1,1751389051.414,...,1751389051.414,?,1751389051.414,-1,1751389051.414,0,1751389051.414,1751389051.414,2018-08-18T17:03:10.324Z,1751389051.414,false,1751389051.414
12035523,queerly_it_is,1751389051.488,Dishonored (Video Games),1751389051.488,...,1751389051.488,...,1751389051.488,Torn into light,1751389051.488,2025-07-01T16:57:31.488Z,1751389051.488,2017-09-08T00:00:00.000Z,1751389051.488,1|1|1,1751389051.488,"The dream is his, but the panic isn’t.",1751389051.488,2069,1751389051.488,1,1751389051.488,0,1751389051.488,1751389051.488,2019-07-08T11:31:30.628Z,1751389051.488,false,1751389051.488
12045585,hotmesslewis,1751389076.997,Lewis and Clark,1751389076.997,F/MM/M,1751389076.997,William Clark/Meriwether Lewis,1751389076.997,it's for the best,1751389076.997,2025-07-01T16:57:56.997Z,1751389076.997,2017-09-10T00:00:00.000Z,1751389076.997,1|1|true,1751389076.997,Meriwether Lewis Is Mad As Hell And He Isn't Going To Take It Any More,1751389076.997,2560,1751389076.997,-1,1751389076.997,0,1751389076.997,1751389076.997,2025-07-01T17:03:29.771Z,1751389076.997,false,1751389076.997
12058737,spider_fingers,1751389051.55,Dishonored (Video Games),1751389051.55,...,1751389051.55,...,1751389051.55,The Hungry Sea,1751389051.55,2025-07-01T16:57:31.550Z,1751389051.55,2017-09-19T00:00:00.000Z,1751389051.55,2|2|1,1751389051.55,...,1751389051.55,?,1751389051.55,-1,1751389051.55,0,1751389051.55,1751389051.55,2017-11-25T04:24:05.537Z,1751389051.55,false,1751389051.55
12064479,hotmesslewis,1751389051.617,Lewis and Clark,1751389051.617,...,1751389051.617,...,1751389051.617,from chaos choreographed,1751389051.617,2025-07-01T16:57:31.617Z,1751389051.617,2017-09-12T00:00:00.000Z,1751389051.617,1|1|1,1751389051.617,"Lewis and Clark, Space Explorers AU.  Basically exactly Star Trek, if Kirk and Spock were both captain and openly gay and in a relationship with each other.",1751389051.617,1346,1751389051.617,-1,1751389051.617,0,1751389051.617,1751389051.617,2025-06-17T23:54:31.495Z,1751389051.617,false,1751389051.617
12089328,Renstinypaws,1751389051.682,ジョジョの奇妙な冒険 | JoJo no Kimyou na Bouken | JoJo's Bizarre Adventure,1751389051.682,...,1751389051.682,...,1751389051.682,"Thanks, teacher",1751389051.682,2025-07-01T16:57:31.682Z,1751389051.682,2017-09-14T00:00:00.000Z,1751389051.682,1|1|1,1751389051.682,...,1751389051.682,?,1751389051.682,1,1751389051.682,0,1751389051.682,1751389051.682,2018-07-14T14:38:36.998Z,1751389051.682,false,1751389051.682
12099570,BiffElderberry,1751389051.741,Original Work,1751389051.741,...,1751389051.741,...,1751389051.741,The Second Ride,1751389051.741,2025-07-01T16:57:31.741Z,1751389051.741,2017-09-15T00:00:00.000Z,1751389051.741,1|1|1,1751389051.741,"Isenris opened his mouth to comment on it, but was interrupted by a roar across the arena. He and Ceolwin looked just in time to see Arboth swipe at the other dragon with his mighty claws. The other dragon backed away. Arboth turned, his eyes zeroing in on Isenris.",1751389051.741,4057,1751389051.741,1,1751389051.741,0,1751389051.741,1751389051.741,2019-01-22T12:12:17.790Z,1751389051.741,false,1751389051.741
12108033,Nobleman,1751389051.807,Dishonored (Video Games),1751389051.807,...,1751389051.807,...,1751389051.807,Сложные схемы,1751389051.807,2025-07-01T16:57:31.807Z,1751389051.807,2017-09-16T00:00:00.000Z,1751389051.807,4|4|1,1751389051.807,...,1751389051.807,?,1751389051.807,-1,1751389051.807,0,1751389051.807,1751389051.807,2017-11-25T04:24:09.580Z,1751389051.807,false,1751389051.807
12123849,Kandakicksass,1751389051.868,Dishonored (Video Games),1751389051.868,...,1751389051.868,...,1751389051.868,if the end comes (don't let us hear it),1751389051.868,2025-07-01T16:57:31.868Z,1751389051.868,2017-09-18T00:00:00.000Z,1751389051.868,1|1|1,1751389051.868,"He comes in like a ghost in the fall of 1854.""***When the Outsider is freed from the void, he goes to Dunwall. Corvo finds him.",1751389051.868,5026,1751389051.868,3,1751389051.868,0,1751389051.868,1751389051.868,2019-07-24T03:57:37.181Z,1751389051.868,false,1751389051.868
12133095,SereneShadows,1751389051.927,ジョジョの奇妙な冒険 | JoJo no Kimyou na Bouken | JoJo's Bizarre Adventure,1751389051.927,...,1751389051.927,...,1751389051.927,I Am Unbreakable,1751389051.927,2025-07-01T16:57:31.928Z,1751389051.927,2017-09-19T00:00:00.000Z,1751389051.927,16|16|1,1751389051.927,...,1751389051.927,?,1751389051.927,-1,1751389051.927,0,1751389051.927,1751389051.927,2018-07-13T11:42:50.675Z,1751389051.927,false,1751389051.927
12136029,hotmesslewis,1751389052.007,Lewis and Clark,1751389052.007,...,1751389052.007,...,1751389052.007,and i'm reaching out my hand,1751389052.007,2025-07-01T16:57:32.007Z,1751389052.007,2017-09-19T00:00:00.000Z,1751389052.007,1|1|1,1751389052.007,"Part 2 of the Reincarnation series.  The aftermath of a moment, and some explanations.",1751389052.007,3062,1751389052.007,-1,1751389052.007,0,1751389052.007,1751389052.007,2025-06-17T23:57:41.480Z,1751389052.007,false,1751389052.007
12138903,tveckling,1751389052.063,Dishonored (Video Games),1751389052.063,...,1751389052.063,...,1751389052.063,Warmth,1751389052.063,2025-07-01T16:57:32.063Z,1751389052.063,2017-09-19T00:00:00.000Z,1751389052.063,1|1|1,1751389052.063,"Voices speaking in quiet tones were all that could be heard from the room next door, and only if he concentrated could the Outsider hear which one belonged to Billie and which was Emily’s. At first he had perhaps expected shouts or yelling, but the small smile Emily threw Billie before they disappeared had removed that suspicion. Instead there was nothing but peacefulness; nothing to stop his mind from going in circles.Corvo was staring at him, silently, just like he had done ever since they had laid eyes on each other. Emily had been the one to talk, to ask questions and demand answers, while her father was as quiet as a statue. If it had been any other the Outsider supposed he would have felt uncomfortable or annoyed by the constant focus on him—but Corvo was different. Had always been, since he first caught the Outsider’s attention. The only source of irritation the Outsider felt was by his inability to look into Corvo’s mind and see what feelings were hiding there.",1751389052.063,1536,1751389052.063,3,1751389052.063,0,1751389052.063,1751389052.063,2019-07-23T11:27:14.693Z,1751389052.063,false,1751389052.063
12147033,adrift_me,1751389052.121,Dishonored (Video Games),1751389052.121,...,1751389052.121,...,1751389052.121,His One And Only Reward,1751389052.121,2025-07-01T16:57:32.121Z,1751389052.121,2017-09-20T00:00:00.000Z,1751389052.121,1|1|1,1751389052.121,...,1751389052.121,?,1751389052.121,-1,1751389052.121,0,1751389052.121,1751389052.121,2017-10-16T13:46:51.373Z,1751389052.121,false,1751389052.121
12147093,TWLBOAJ,1751389052.184,ジョジョの奇妙な冒険 | JoJo no Kimyou na Bouken | JoJo's Bizarre Adventure,1751389052.184,...,1751389052.184,...,1751389052.184,Sensation Seeker,1751389052.184,2025-07-01T16:57:32.184Z,1751389052.184,2017-09-20T00:00:00.000Z,1751389052.184,2|2|1,1751389052.184,...,1751389052.184,?,1751389052.184,-1,1751389052.184,0,1751389052.184,1751389052.184,2018-06-18T04:38:18.764Z,1751389052.184,false,1751389052.184
12147462,tveckling,1751389052.246,Dishonored (Video Games),1751389052.246,...,1751389052.246,...,1751389052.246,Agents of the Outsider,1751389052.246,2025-07-01T16:57:32.246Z,1751389052.246,2017-09-20T00:00:00.000Z,1751389052.246,1|1|1,1751389052.246,...,1751389052.246,?,1751389052.246,-1,1751389052.246,0,1751389052.246,1751389052.246,2017-10-16T12:52:26.638Z,1751389052.246,false,1751389052.246
12157512,Agrotera,1751389052.307,Dishonored (Video Games),1751389052.307,...,1751389052.307,...,1751389052.307,Changing the Sound of Your Name,1751389052.307,2025-07-01T16:57:32.307Z,1751389052.307,2017-10-17T00:00:00.000Z,1751389052.307,4|?|0,1751389052.307,...,1751389052.307,?,1751389052.307,-1,1751389052.307,0,1751389052.307,1751389052.307,2017-10-20T00:15:03.399Z,1751389052.307,false,1751389052.307
12161433,emilyenrose,1751389052.364,Original Work,1751389052.364,...,1751389052.364,...,1751389052.364,++Silver in the Wood----,1751389052.364,2025-07-01T16:57:32.364Z,1751389052.364,2017-09-22T00:00:00.000Z,1751389052.364,2|2|1,1751389052.364,...,1751389052.364,?,1751389052.364,0,1751389052.364,0,1751389052.364,1751389052.364,2017-10-19T05:28:53.094Z,1751389052.364,false,1751389052.364
12162165,adrift_me,1751389052.442,Dishonored (Video Games),1751389052.442,...,1751389052.442,...,1751389052.442,Worship You,1751389052.442,2025-07-01T16:57:32.442Z,1751389052.442,2017-09-22T00:00:00.000Z,1751389052.442,1|1|1,1751389052.442,...,1751389052.442,?,1751389052.442,-1,1751389052.442,0,1751389052.442,1751389052.442,2017-10-16T13:25:05.534Z,1751389052.442,false,1751389052.442
12166662,adrift_me,1751389052.5,Dishonored (Video Games),1751389052.5,...,1751389052.5,...,1751389052.5,My lips to your skin,1751389052.5,2025-07-01T16:57:32.501Z,1751389052.5,2017-09-23T00:00:00.000Z,1751389052.5,1|1|1,1751389052.5,...,1751389052.5,?,1751389052.5,-1,1751389052.5,0,1751389052.5,1751389052.5,2017-10-20T23:41:51.547Z,1751389052.5,false,1751389052.5
12179730,bluebeholder,1751389052.563,Dishonored (Video Games),1751389052.563,...,1751389052.563,...,1751389052.563,Worry,1751389052.563,2025-07-01T16:57:32.563Z,1751389052.563,2017-09-24T00:00:00.000Z,1751389052.563,1|1|1,1751389052.563,...,1751389052.563,?,1751389052.563,1,1751389052.563,0,1751389052.563,1751389052.563,2017-11-07T14:42:24.953Z,1751389052.563,false,1751389052.563
12179988,adrift_me,1751389052.626,Dishonored (Video Games),1751389052.626,...,1751389052.626,...,1751389052.626,Press 'F',1751389052.626,2025-07-01T16:57:32.626Z,1751389052.626,2019-02-10T00:00:00.000Z,1751389052.626,22|?|0,1751389052.626,...,1751389052.626,15991,1751389052.626,-1,1751389052.626,0,1751389052.626,1751389052.626,2019-07-16T11:20:55.864Z,1751389052.626,false,1751389052.626
12187593,Tangerine_Catnip,1751389052.689,Dishonored (Video Games),1751389052.689,...,1751389052.689,...,1751389052.689,The Calm After the Storm,1751389052.689,2025-07-01T16:57:32.689Z,1751389052.689,2017-10-15T00:00:00.000Z,1751389052.689,5|?|0,1751389052.689,"“I never thought that this-,”  Billie said, gesturing towards The Outsider and all his newfound humanity. “- was a possibility. But I didn’t drag your behind out of the centre of the void just to leave you by the side of the road. You’re welcome to stay with me as long as you want.”",1751389052.689,24026,1751389052.689,-1,1751389052.689,0,1751389052.689,1751389052.689,2019-07-23T03:36:01.685Z,1751389052.689,false,1751389052.689
12189354,tveckling,1751389052.746,Dishonored (Video Games),1751389052.746,...,1751389052.746,...,1751389052.746,Confession,1751389052.746,2025-07-01T16:57:32.746Z,1751389052.746,2017-09-25T00:00:00.000Z,1751389052.746,1|1|1,1751389052.746,...,1751389052.746,?,1751389052.746,-1,1751389052.746,0,1751389052.746,1751389052.746,2017-10-16T12:52:16.577Z,1751389052.746,false,1751389052.746
12196107,adrift_me,1751389052.8,Dishonored (Video Games),1751389052.8,...,1751389052.8,...,1751389052.8,Gristol Cider,1751389052.8,2025-07-01T16:57:32.800Z,1751389052.8,2017-09-26T00:00:00.000Z,1751389052.8,1|1|1,1751389052.8,...,1751389052.8,?,1751389052.8,-1,1751389052.8,0,1751389052.8,1751389052.8,2017-11-25T04:23:46.064Z,1751389052.8,false,1751389052.8
12203871,adrift_me,1751389052.859,Dishonored (Video Games),1751389052.859,...,1751389052.859,...,1751389052.859,Suspend-us,1751389052.859,2025-07-01T16:57:32.859Z,1751389052.859,2017-09-27T00:00:00.000Z,1751389052.859,1|1|1,1751389052.859,...,1751389052.859,?,1751389052.859,-1,1751389052.859,0,1751389052.859,1751389052.859,2017-10-18T12:37:10.406Z,1751389052.859,false,1751389052.859
12204375,hotmesslewis,1751389052.922,Lewis and Clark,1751389052.922,...,1751389052.922,...,1751389052.922,you ran off with it all,1751389052.922,2025-07-01T16:57:32.922Z,1751389052.922,2017-09-27T00:00:00.000Z,1751389052.922,1|1|1,1751389052.922,"Lewis and Clark, Space Explorers AU.  An exploration of equality in the captains' relationship.  Again, also, basically gay Star Trek.",1751389052.922,1539,1751389052.922,-1,1751389052.922,0,1751389052.922,1751389052.922,2025-06-17T23:54:56.227Z,1751389052.922,false,1751389052.922
12205176,OWO (SlinkySpiders),1751389052.985,"悪魔城ドラキュラ | Castlevania Series, Castlevania (Cartoon)",1751389052.985,...,1751389052.985,...,1751389052.985,Carnal Connections,1751389052.985,2025-07-01T16:57:32.985Z,1751389052.985,2017-09-28T00:00:00.000Z,1751389052.985,1|1|1,1751389052.985,In which Trevor and Alucard just really want to fuck and they find a convenient excuse to do just that.,1751389052.985,4741,1751389052.985,1,1751389052.985,0,1751389052.985,1751389052.985,2018-11-17T13:04:41.072Z,1751389052.985,false,1751389052.985
12205890,pyrality,1751389053.041,Dishonored (Video Games),1751389053.041,...,1751389053.041,...,1751389053.041,and all the king's men fall down (how god was ruined),1751389053.041,2025-07-01T16:57:33.041Z,1751389053.041,2017-09-27T00:00:00.000Z,1751389053.041,1|1|1,1751389053.041,"The Outsider is certain Corvo Attano has corrupted him, burrowed his way into his empty chest and made a home there beneath his cold marble skin. An infestation. A sickness. A parasite. He could call it all of these things, but he knows it all untrue.
  Corvo is curling his hand right now, along his waist, calloused fingertips tracing over skin stretched taut over narrow, bony hips. His breath is warm on the back of his neck, and when he says, ""Good morning"", his voice is sleep-slurred, warm, and tender in ways that make the hollows in the Outsider's chest ache.
The Outsider ponders over his relationship with Corvo.",1751389053.041,1085,1751389053.041,3,1751389053.041,0,1751389053.041,1751389053.041,2019-07-07T18:35:03.331Z,1751389053.041,false,1751389053.041
12206322,bluebeholder,1751389053.129,Dishonored (Video Games),1751389053.129,...,1751389053.129,...,1751389053.129,Stories,1751389053.129,2025-07-01T16:57:33.129Z,1751389053.129,2017-09-27T00:00:00.000Z,1751389053.129,1|1|1,1751389053.129,...,1751389053.129,?,1751389053.129,-1,1751389053.129,0,1751389053.129,1751389053.129,2017-11-01T05:08:08.121Z,1751389053.129,false,1751389053.129
12211971,tveckling,1751389053.209,Dishonored (Video Games),1751389053.209,...,1751389053.209,...,1751389053.209,Coming home,1751389053.209,2025-07-01T16:57:33.209Z,1751389053.209,2017-09-28T00:00:00.000Z,1751389053.209,1|1|1,1751389053.209,"“Are you here to finish what you started all those years ago?” His voice was hard, but unlike Emily he didn’t know this woman, couldn’t find it in his heart to forgive her for her part in Jessamine’s death. He remembered his own pain too well, and the long nights he had spent with Emily, assuring her that he wouldn’t also go away. Forgiveness, he found, was not something he felt too willing to give.Billie’s face clouded over and her human fist tightened visibly. “I’m not here on my own behalf. Someone wanted to meet you, and I swore I’d help him. Now that I’ve done that I’m going to leave, since I’m clearly not wanted.”“Don’t act too hasty, Billie,” a solemn voice said, and Corvo’s breath stopped in his throat.",1751389053.209,804,1751389053.209,1,1751389053.209,0,1751389053.209,1751389053.209,2019-07-23T11:27:38.067Z,1751389053.209,1,1751389053.209
12212004,tveckling,1751389053.274,Dishonored (Video Games),1751389053.274,...,1751389053.274,...,1751389053.274,Aphrodisiac,1751389053.274,2025-07-01T16:57:33.274Z,1751389053.274,2017-09-28T00:00:00.000Z,1751389053.274,1|1|1,1751389053.274,...,1751389053.274,?,1751389053.274,3,1751389053.274,0,1751389053.274,1751389053.274,2017-10-18T05:59:14.525Z,1751389053.274,false,1751389053.274
12220881,adrift_me,1751389053.337,Dishonored (Video Games),1751389053.337,...,1751389053.337,...,1751389053.337,5 Times They Kissed,1751389053.337,2025-07-01T16:57:33.337Z,1751389053.337,2017-09-29T00:00:00.000Z,1751389053.337,1|1|1,1751389053.337,...,1751389053.337,?,1751389053.337,-1,1751389053.337,0,1751389053.337,1751389053.337,2017-10-16T07:19:31.428Z,1751389053.337,false,1751389053.337
12221091,nozoelis,1751389053.391,ジョジョの奇妙な冒険 | JoJo no Kimyou na Bouken | JoJo's Bizarre Adventure,1751389053.391,...,1751389053.391,...,1751389053.391,Hourglass,1751389053.391,2025-07-01T16:57:33.391Z,1751389053.391,2017-09-29T00:00:00.000Z,1751389053.391,1|1|1,1751389053.391,...,1751389053.391,?,1751389053.391,-1,1751389053.391,0,1751389053.391,1751389053.391,2018-07-13T11:31:59.301Z,1751389053.391,false,1751389053.391
12230799,Elhadeur,1751389053.459,Dishonored (Video Games),1751389053.459,...,1751389053.459,...,1751389053.459,Gods do not worry,1751389053.459,2025-07-01T16:57:33.459Z,1751389053.459,2017-10-01T00:00:00.000Z,1751389053.459,1|1|1,1751389053.459,...,1751389053.459,?,1751389053.459,3,1751389053.459,0,1751389053.459,1751389053.459,2017-10-16T07:16:10.757Z,1751389053.459,false,1751389053.459
12238536,nozoelis,1751389053.522,ジョジョの奇妙な冒険 | JoJo no Kimyou na Bouken | JoJo's Bizarre Adventure,1751389053.522,...,1751389053.522,...,1751389053.522,Destroy me,1751389053.522,2025-07-01T16:57:33.522Z,1751389053.522,2017-10-01T00:00:00.000Z,1751389053.522,1|1|1,1751389053.522,...,1751389053.522,?,1751389053.522,-1,1751389053.522,0,1751389053.522,1751389053.522,2018-07-04T04:03:31.973Z,1751389053.522,false,1751389053.522
12240240,adrift_me,1751389053.581,Dishonored (Video Games),1751389053.581,...,1751389053.581,...,1751389053.581,Undone,1751389053.581,2025-07-01T16:57:33.581Z,1751389053.581,2017-10-01T00:00:00.000Z,1751389053.581,1|1|1,1751389053.581,...,1751389053.581,?,1751389053.581,-1,1751389053.581,0,1751389053.581,1751389053.581,2017-10-16T06:50:45.871Z,1751389053.581,false,1751389053.581
12250689,adrift_me,1751389053.645,Dishonored (Video Games),1751389053.645,...,1751389053.645,...,1751389053.645,"Kinktober 2017: Long Live the Emperor, Corvo the Black",1751389053.645,2025-07-01T16:57:33.645Z,1751389053.645,2017-10-15T00:00:00.000Z,1751389053.645,13|30|0,1751389053.645,...,1751389053.645,?,1751389053.645,-1,1751389053.645,0,1751389053.645,1751389053.645,2017-10-16T00:23:38.439Z,1751389053.645,false,1751389053.645
12251310,so_dunwall,1751389053.704,Dishonored (Video Games),1751389053.704,...,1751389053.704,...,1751389053.704,"Something New, Something Better",1751389053.704,2025-07-01T16:57:33.704Z,1751389053.704,2018-12-11T00:00:00.000Z,1751389053.704,48|?|0,1751389053.704,Corvo Attano arrives in Karnaca to reunite with a love he thought was lost.  He finds an unlikely family gathered around him as they face a city in crisis.,1751389053.704,101544,1751389053.704,-1,1751389053.704,0,1751389053.704,1751389053.704,2019-07-23T03:34:13.959Z,1751389053.704,false,1751389053.704
12262314,coyotesuspect,1751389053.77,"Discworld - Terry Pratchett, Monstrous Regiment - Terry Pratchett",1751389053.77,...,1751389053.77,...,1751389053.77,No Country for Young Women,1751389053.77,2025-07-01T16:57:33.770Z,1751389053.77,2017-10-13T00:00:00.000Z,1751389053.77,1|1|1,1751389053.77,"As a favor to Wazzer, Polly and Maladict go undercover as a couple at a peace conference to foil a plot. Unfortunately, they don't know what the plot is or who's doing the plotting. Even more unfortunately, Maladict really wasn't kidding about vampires and structured lingerie.",1751389053.77,10872,1751389053.77,5,1751389053.77,0,1751389053.77,1751389053.77,2019-08-10T13:05:00.209Z,1751389053.77,false,1751389053.77
12263532,Kittycorn,1751389053.844,"Harry Potter - Fandom, Dishonored (Video Games)",1751389053.844,...,1751389053.844,...,1751389053.844,Honor is for Mortals,1751389053.844,2025-07-01T16:57:33.844Z,1751389053.844,2017-11-11T00:00:00.000Z,1751389053.844,6|6|1,1751389053.844,...,1751389053.844,?,1751389053.844,-1,1751389053.844,0,1751389053.844,1751389053.844,2017-11-12T01:17:59.402Z,1751389053.844,false,1751389053.844
12266403,Sath,1751389053.912,Original Work,1751389053.912,...,1751389053.912,...,1751389053.912,California's First,1751389053.912,2025-07-01T16:57:33.912Z,1751389053.912,2017-10-11T00:00:00.000Z,1751389053.912,1|1|1,1751389053.912,"Pat Dubois makes a living by finding people who don't want to be found. Bail jumpers, thieves, adulterous husbands—Pat's familiar with all of them. But on July 6, 1846, the eve of the Battle of Monterey, Pat meets someone she wasn't ready for.",1751389053.912,3534,1751389053.912,5,1751389053.912,0,1751389053.912,1751389053.912,2019-07-25T03:38:21.627Z,1751389053.912,false,1751389053.912
12266877,hotmesslewis,1751389053.973,"Lewis and Clark, Historical RPF",1751389053.973,...,1751389053.973,...,1751389053.973,hoping someone's at my fingertip that can help me understand,1751389053.973,2025-07-01T16:57:33.973Z,1751389053.973,2017-10-04T00:00:00.000Z,1751389053.973,1|1|1,1751389053.973,Part 3 of the Reincarnation series.  William Clark tries his best to understand and accept.,1751389053.973,3626,1751389053.973,-1,1751389053.973,0,1751389053.973,1751389053.973,2025-06-17T23:55:51.513Z,1751389053.973,false,1751389053.973
12274380,"imperfectkreis, sova",1751389054.028,Dishonored (Video Games),1751389054.028,...,1751389054.028,...,1751389054.028,Fool to Pay this Price,1751389054.028,2025-07-01T16:57:34.028Z,1751389054.028,2017-10-06T00:00:00.000Z,1751389054.028,1|1|1,1751389054.028,...,1751389054.028,?,1751389054.028,-1,1751389054.028,0,1751389054.028,1751389054.028,2017-11-25T04:22:51.546Z,1751389054.028,false,1751389054.028
12274911,bluebeholder,1751389054.091,Dishonored (Video Games),1751389054.091,...,1751389054.091,...,1751389054.091,Haunting,1751389054.091,2025-07-01T16:57:34.091Z,1751389054.091,2017-10-05T00:00:00.000Z,1751389054.091,1|1|1,1751389054.091,...,1751389054.091,?,1751389054.091,1,1751389054.091,0,1751389054.091,1751389054.091,2017-11-07T14:12:04.826Z,1751389054.091,false,1751389054.091
12277833,tveckling,1751389054.149,Dishonored (Video Games),1751389054.149,...,1751389054.149,...,1751389054.149,Virgin eyes,1751389054.149,2025-07-01T16:57:34.149Z,1751389054.149,2017-10-05T00:00:00.000Z,1751389054.149,1|1|1,1751389054.149,...,1751389054.149,?,1751389054.149,-1,1751389054.149,0,1751389054.149,1751389054.149,2017-11-25T04:22:27.800Z,1751389054.149,false,1751389054.149
12277896,tveckling,1751389054.209,Dishonored (Video Games),1751389054.209,...,1751389054.209,...,1751389054.209,Vulnerability,1751389054.209,2025-07-01T16:57:34.209Z,1751389054.209,2017-10-05T00:00:00.000Z,1751389054.209,1|1|1,1751389054.209,"He’s done, finished, tired to his core, and all he wants to do it rest.",1751389054.209,385,1751389054.209,3,1751389054.209,0,1751389054.209,1751389054.209,2019-07-08T02:45:36.425Z,1751389054.209,false,1751389054.209
12277980,tveckling,1751389054.275,Dishonored (Video Games),1751389054.275,...,1751389054.275,...,1751389054.275,Old whispers,1751389054.275,2025-07-01T16:57:34.275Z,1751389054.275,2017-10-05T00:00:00.000Z,1751389054.275,1|1|1,1751389054.275,...,1751389054.275,?,1751389054.275,-1,1751389054.275,0,1751389054.275,1751389054.275,2017-10-18T05:57:52.083Z,1751389054.275,false,1751389054.275
12282036,"dreabean, Troodon",1751389054.346,Dishonored (Video Games),1751389054.346,...,1751389054.346,...,1751389054.346,The Void In The Heart,1751389054.346,2025-07-01T16:57:34.346Z,1751389054.346,2017-10-20T00:00:00.000Z,1751389054.346,3|3|1,1751389054.346,...,1751389054.346,?,1751389054.346,-1,1751389054.346,0,1751389054.346,1751389054.346,2017-11-21T04:41:34.818Z,1751389054.346,false,1751389054.346
12286545,Erradianwhocantread,1751389054.407,The Silmarillion and other histories of Middle-Earth - J. R. R. Tolkien,1751389054.407,...,1751389054.407,...,1751389054.407,How Water Loves,1751389054.407,2025-07-01T16:57:34.407Z,1751389054.407,2017-10-06T00:00:00.000Z,1751389054.407,1|1|1,1751389054.407,Barahir goes to Finrod after her brother's death.,1751389054.407,1110,1751389054.407,-1,1751389054.407,0,1751389054.407,1751389054.407,2019-07-31T11:07:03.418Z,1751389054.407,false,1751389054.407
12297768,adrift_me,1751389054.491,Dishonored (Video Games),1751389054.491,...,1751389054.491,...,1751389054.491,"The Night Is Long, and The Void Is Eternal",1751389054.491,2025-07-01T16:57:34.491Z,1751389054.491,2017-10-08T00:00:00.000Z,1751389054.491,1|1|1,1751389054.491,...,1751389054.491,?,1751389054.491,-1,1751389054.491,0,1751389054.491,1751389054.491,2017-11-25T04:22:12.189Z,1751389054.491,false,1751389054.491
12325842,adrift_me,1751389054.554,Dishonored (Video Games),1751389054.554,...,1751389054.554,...,1751389054.554,The Void Walker,1751389054.554,2025-07-01T16:57:34.554Z,1751389054.554,2017-10-10T00:00:00.000Z,1751389054.554,1|?|0,1751389054.554,...,1751389054.554,?,1751389054.554,-1,1751389054.554,0,1751389054.554,1751389054.554,2017-10-20T04:48:01.733Z,1751389054.554,false,1751389054.554
12325947,Ashita,1751389054.619,ジョジョの奇妙な冒険 | JoJo no Kimyou na Bouken | JoJo's Bizarre Adventure,1751389054.619,...,1751389054.619,...,1751389054.619,Vampire carving,1751389054.619,2025-07-01T16:57:34.619Z,1751389054.619,2017-10-10T00:00:00.000Z,1751389054.619,1|1|1,1751389054.619,...,1751389054.619,?,1751389054.619,-1,1751389054.619,0,1751389054.619,1751389054.619,2018-08-18T16:32:35.156Z,1751389054.619,false,1751389054.619
12326268,BiffElderberry,1751389054.683,Original Work,1751389054.683,...,1751389054.683,...,1751389054.683,Round Two,1751389054.683,2025-07-01T16:57:34.683Z,1751389054.683,2017-10-10T00:00:00.000Z,1751389054.683,1|1|1,1751389054.683,"“He’s your dragon, you get to take care of it,” Isenris continued. He had an idea of what Brandret was asking him to do, and he certainly had no intention of taking another dragon egg right now. “Please, Isenris, I’ve never...” “You’ve never had a dragon stick himself so far up your ass you can barely breath?” Isenris interrupted. “Here’s a tip, it hurts, a lot.” “I’ll pay you,” Brandret offered.",1751389054.683,4944,1751389054.683,1,1751389054.683,0,1751389054.683,1751389054.683,2019-01-22T12:27:36.221Z,1751389054.683,false,1751389054.683
12330915,hotmesslewis,1751389054.745,"Lewis and Clark, Historical RPF",1751389054.745,...,1751389054.745,...,1751389054.745,the only thing,1751389054.745,2025-07-01T16:57:34.745Z,1751389054.745,2017-10-11T00:00:00.000Z,1751389054.745,1|1|1,1751389054.745,Modern AU.  October 11.  Billy Clark is working late.  Meriwether Lewis is alone with his thoughts.,1751389054.745,2719,1751389054.745,-1,1751389054.745,0,1751389054.745,1751389054.745,2025-06-17T23:57:03.185Z,1751389054.745,false,1751389054.745
12334992,kannst_du_nicht,1751389054.805,Dishonored (Video Games),1751389054.805,...,1751389054.805,...,1751389054.805,I Am Losing You To The Sea,1751389054.805,2025-07-01T16:57:34.805Z,1751389054.805,2017-10-11T00:00:00.000Z,1751389054.805,1|1|1,1751389054.805,...,1751389054.805,?,1751389054.805,-1,1751389054.805,0,1751389054.805,1751389054.805,2017-11-16T02:06:47.095Z,1751389054.805,false,1751389054.805
12351087,DastardlyDaisy,1751389054.875,ジョジョの奇妙な冒険 | JoJo no Kimyou na Bouken | JoJo's Bizarre Adventure,1751389054.875,...,1751389054.875,...,1751389054.875,Property,1751389054.875,2025-07-01T16:57:34.875Z,1751389054.875,2017-10-26T00:00:00.000Z,1751389054.875,2|2|1,1751389054.875,...,1751389054.875,?,1751389054.875,-1,1751389054.875,0,1751389054.875,1751389054.875,2018-06-27T08:42:25.959Z,1751389054.875,false,1751389054.875
12351276,end_alls,1751389054.943,Dishonored (Video Games),1751389054.943,...,1751389054.943,...,1751389054.943,We Live For Today,1751389054.943,2025-07-01T16:57:34.944Z,1751389054.943,2018-09-16T00:00:00.000Z,1751389054.943,3|?|0,1751389054.943,"Corvo and the Outsider meet face-to-face, and then meet their faces together, finally",1751389054.943,10586,1751389054.943,3,1751389054.943,0,1751389054.943,1751389054.943,2019-07-24T16:21:00.100Z,1751389054.943,false,1751389054.943
12358266,roboticake,1751389055.016,Dishonored (Video Games),1751389055.016,...,1751389055.016,...,1751389055.016,home,1751389055.016,2025-07-01T16:57:35.016Z,1751389055.016,2017-10-14T00:00:00.000Z,1751389055.016,1|1|1,1751389055.016,...,1751389055.016,?,1751389055.016,3,1751389055.016,0,1751389055.016,1751389055.016,2017-11-16T01:56:34.230Z,1751389055.016,false,1751389055.016
12363504,ladyhoneydarlinglove,1751389055.082,Dishonored (Video Games),1751389055.082,...,1751389055.082,...,1751389055.082,Can You Hear Your Heart,1751389055.082,2025-07-01T16:57:35.082Z,1751389055.082,2017-10-14T00:00:00.000Z,1751389055.082,1|1|1,1751389055.082,...,1751389055.082,?,1751389055.082,1,1751389055.082,0,1751389055.082,1751389055.082,2017-11-25T04:21:57.473Z,1751389055.082,false,1751389055.082
12367155,imperfectkreis,1751389055.146,Dishonored (Video Games),1751389055.146,...,1751389055.146,...,1751389055.146,"Spend Some Time, Love",1751389055.146,2025-07-01T16:57:35.146Z,1751389055.146,2018-01-17T00:00:00.000Z,1751389055.146,24|24|1,1751389055.146,"DotO spoilers implied/post non-lethal endingIt takes more than learning to see through different eyes. Feel across new flesh. He has to decide who he is, first. What he wants, second.",1751389055.146,73583,1751389055.146,3,1751389055.146,0,1751389055.146,1751389055.146,2019-07-05T13:44:15.408Z,1751389055.146,false,1751389055.146
12387015,LoverOfBaddies,1751389055.209,ジョジョの奇妙な冒険 | JoJo no Kimyou na Bouken | JoJo's Bizarre Adventure,1751389055.209,...,1751389055.209,...,1751389055.209,"Out of My Head, Of My Heart and My Mind",1751389055.209,2025-07-01T16:57:35.209Z,1751389055.209,2017-11-01T00:00:00.000Z,1751389055.209,2|?|0,1751389055.209,...,1751389055.209,?,1751389055.209,-1,1751389055.209,0,1751389055.209,1751389055.209,2018-07-01T14:37:40.534Z,1751389055.209,false,1751389055.209
12400167,hearteating,1751389055.273,The Good Place (TV),1751389055.273,...,1751389055.273,...,1751389055.273,Bedroom Royalty,1751389055.273,2025-07-01T16:57:35.273Z,1751389055.273,2017-10-18T00:00:00.000Z,1751389055.273,1|1|1,1751389055.273,...,1751389055.273,?,1751389055.273,3,1751389055.273,0,1751389055.273,1751389055.273,2018-02-17T16:27:17.147Z,1751389055.273,false,1751389055.273
12406617,hotmesslewis,1751389055.35,"Lewis and Clark, Historical RPF",1751389055.35,...,1751389055.35,...,1751389055.35,i want to save you from your sorrow,1751389055.35,2025-07-01T16:57:35.350Z,1751389055.35,2017-10-18T00:00:00.000Z,1751389055.35,1|1|1,1751389055.35,Modern AU.  The morning after a very bad night.,1751389055.35,2872,1751389055.35,-1,1751389055.35,0,1751389055.35,1751389055.35,2025-06-17T23:56:48.297Z,1751389055.35,false,1751389055.35
12420042,FunkyRacoon,1751389055.413,Dishonored (Video Games),1751389055.413,...,1751389055.413,...,1751389055.413,The Whiskey Tango,1751389055.413,2025-07-01T16:57:35.413Z,1751389055.413,2017-10-19T00:00:00.000Z,1751389055.413,1|1|1,1751389055.413,...,1751389055.413,?,1751389055.413,-1,1751389055.413,0,1751389055.413,1751389055.413,2017-10-20T04:47:21.957Z,1751389055.413,false,1751389055.413
12420204,rio_abajo_rio,1751389055.475,The Silmarillion and other histories of Middle-Earth - J. R. R. Tolkien,1751389055.475,...,1751389055.475,...,1751389055.475,Опасная привычка,1751389055.475,2025-07-01T16:57:35.475Z,1751389055.475,2017-10-19T00:00:00.000Z,1751389055.475,1|1|1,1751389055.475,"Финрод очень интересуется человеческой расой. И одним человеком в особенности. А тот, в свою очередь, очень интересуется Финродом.",1751389055.475,730,1751389055.475,-1,1751389055.475,0,1751389055.475,1751389055.475,2019-07-31T10:56:35.796Z,1751389055.475,false,1751389055.475
12420948,adrift_me,1751389055.54,Dishonored (Video Games),1751389055.54,...,1751389055.54,...,1751389055.54,Where Hydrangeas Sway On The Wind,1751389055.54,2025-07-01T16:57:35.540Z,1751389055.54,2017-10-19T00:00:00.000Z,1751389055.54,1|1|1,1751389055.54,"The Outsider arrives to Dunwall Tower. No words transpire between him and Corvo, and yet the two of them come to a perfect understanding.   They kiss, and the world loses its grip on them for a moment. This time it’s real. This time, there is warmth and truth and reality to how they press lips to each other.",1751389055.54,1276,1751389055.54,-1,1751389055.54,0,1751389055.54,1751389055.54,2019-07-23T03:40:56.045Z,1751389055.54,false,1751389055.54
12443853,alchemist17,1751389055.601,Dishonored (Video Games),1751389055.601,...,1751389055.601,...,1751389055.601,"Muscled shoulders and thick thighs, but you don't want to hear that, do you, girl?",1751389055.601,2025-07-01T16:57:35.601Z,1751389055.601,2017-10-25T00:00:00.000Z,1751389055.601,1|1|1,1751389055.601,I'm not going to list everything involved but I will put the relevant prompt and pairing in bold. Everything is consensual.,1751389055.601,4327,1751389055.601,-1,1751389055.601,0,1751389055.601,1751389055.601,2019-07-12T04:57:17.724Z,1751389055.601,false,1751389055.601
12445200,snarechan,1751389055.667,Dishonored (Video Games),1751389055.667,...,1751389055.667,...,1751389055.667,Unsent,1751389055.667,2025-07-01T16:57:35.667Z,1751389055.667,2017-10-21T00:00:00.000Z,1751389055.667,1|1|1,1751389055.667,The Overseers that captured Corvo Attano thought they'd found a direct link to the Outsider and a means to dispose of him forever. They're wrong.,1751389055.667,689,1751389055.667,3,1751389055.667,0,1751389055.667,1751389055.667,2019-07-07T13:56:36.411Z,1751389055.667,false,1751389055.667
12448092,dreabean,1751389055.731,Dishonored (Video Games),1751389055.731,...,1751389055.731,...,1751389055.731,But Once a Year,1751389055.731,2025-07-01T16:57:35.731Z,1751389055.731,2017-10-22T00:00:00.000Z,1751389055.731,1|1|1,1751389055.731,...,1751389055.731,?,1751389055.731,-1,1751389055.731,0,1751389055.731,1751389055.731,2017-10-29T14:37:52.781Z,1751389055.731,false,1751389055.731
12450906,K_Maru,1751389055.792,Dishonored (Video Games),1751389055.792,...,1751389055.792,...,1751389055.792,[中文翻译]tetralogy of fallot 法洛四联症,1751389055.792,2025-07-01T16:57:35.792Z,1751389055.792,2017-10-22T00:00:00.000Z,1751389055.792,1|1|1,1751389055.792,...,1751389055.792,?,1751389055.792,-1,1751389055.792,0,1751389055.792,1751389055.792,2017-10-29T14:37:07.733Z,1751389055.792,false,1751389055.792
12452574,Gianeya,1751389055.863,Dishonored (Video Games),1751389055.863,...,1751389055.863,...,1751389055.863,Король Крыс,1751389055.863,2025-07-01T16:57:35.863Z,1751389055.863,2017-10-22T00:00:00.000Z,1751389055.863,1|1|1,1751389055.863,...,1751389055.863,?,1751389055.863,-1,1751389055.863,0,1751389055.863,1751389055.863,2017-10-29T14:37:05.436Z,1751389055.863,false,1751389055.863
12457764,pyrality,1751389055.942,Dishonored (Video Games),1751389055.942,...,1751389055.942,...,1751389055.942,you must first create the universe,1751389055.942,2025-07-01T16:57:35.942Z,1751389055.942,2017-11-30T00:00:00.000Z,1751389055.942,15|15|1,1751389055.942,"Perhaps you'll find another soul to torture,” Corvo teases, “Another tired middle-aged father who is so desperate for your fickle attention.""
  “There is no one else,” the Outsider replies suddenly, voice fierce. His brow pinches just barely. “There is no other soul like yours. When you’re gone, I’ll wait to find you again, when your soul is reincarnated in a thousand or so years.”
  Corvo’s heart is thudding in his ears and the Mark burns hot on his skin, under his wrappings, like it's about to burst into flames.
  And then, as though caught being too sentimental, the Outsider’s hands drop slowly from Corvo’s face. He looks away, voice quiet when he says, “Don't die, beloved. It would be so troublesome for me.”
Corvo Attano and the Outsider, in a dance not yet occurred, and so very, very human. Or, the transformation of a lifeless god to a god in human flesh and blood with a living, beating heart.",1751389055.942,49478,1751389055.942,1,1751389055.942,0,1751389055.942,1751389055.942,2019-06-06T03:21:16.800Z,1751389055.942,false,1751389055.942
12460368,AceQueenKing,1751389056.022,Dishonored (Video Games),1751389056.022,...,1751389056.022,...,1751389056.022,Curiosity,1751389056.022,2025-07-01T16:57:36.022Z,1751389056.022,2017-11-07T00:00:00.000Z,1751389056.022,1|1|1,1751389056.022,...,1751389056.022,?,1751389056.022,-1,1751389056.022,0,1751389056.022,1751389056.022,2017-11-09T13:42:22.892Z,1751389056.022,false,1751389056.022
12465896,bluebeholder,1751389056.09,Dishonored (Video Games),1751389056.09,...,1751389056.09,...,1751389056.09,The Chamber Maid,1751389056.09,2025-07-01T16:57:36.090Z,1751389056.09,2017-10-23T00:00:00.000Z,1751389056.09,1|1|1,1751389056.09,...,1751389056.09,?,1751389056.09,-1,1751389056.09,0,1751389056.09,1751389056.09,2017-11-21T04:41:22.740Z,1751389056.09,false,1751389056.09
12468820,Anonymous,1751389056.224,Labyrinth (1986),1751389056.224,...,1751389056.224,...,1751389056.224,Passing On,1751389056.224,2025-07-01T16:57:36.224Z,1751389056.224,2017-10-31T00:00:00.000Z,1751389056.224,1|1|1,1751389056.224,...,1751389056.224,?,1751389056.224,0,1751389056.224,0,1751389056.224,1751389056.224,2017-11-01T03:38:22.128Z,1751389056.224,false,1751389056.224
12470732,LuckyDiceKirby,1751389056.351,Dishonored (Video Games),1751389056.351,...,1751389056.351,...,1751389056.351,we said we'd only die of lonely secrets,1751389056.351,2025-07-01T16:57:36.351Z,1751389056.351,2017-10-23T00:00:00.000Z,1751389056.351,1|1|1,1751389056.351,The Outsider begins to intrude on Corvo's dreams.,1751389056.351,4319,1751389056.351,3,1751389056.351,0,1751389056.351,1751389056.351,2019-07-26T11:33:47.694Z,1751389056.351,false,1751389056.351
12475152,BluKrown,1751389056.441,ジョジョの奇妙な冒険 | JoJo no Kimyou na Bouken | JoJo's Bizarre Adventure,1751389056.441,...,1751389056.441,...,1751389056.441,A Man In Uniform,1751389056.441,2025-07-01T16:57:36.441Z,1751389056.441,2017-10-25T00:00:00.000Z,1751389056.441,1|1|1,1751389056.441,...,1751389056.441,?,1751389056.441,-1,1751389056.441,0,1751389056.441,1751389056.441,2018-07-04T04:04:54.044Z,1751389056.441,false,1751389056.441
12482332,Fallen_Seraphina,1751389056.517,Dishonored (Video Games),1751389056.517,...,1751389056.517,...,1751389056.517,Her Name,1751389056.517,2025-07-01T16:57:36.517Z,1751389056.517,2017-10-24T00:00:00.000Z,1751389056.517,1|1|1,1751389056.517,...,1751389056.517,?,1751389056.517,-1,1751389056.517,0,1751389056.517,1751389056.517,2017-10-29T14:38:19.231Z,1751389056.517,false,1751389056.517
12488064,dreabean,1751389056.635,Dishonored (Video Games),1751389056.635,...,1751389056.635,...,1751389056.635,An Unnatural Bone Charm,1751389056.635,2025-07-01T16:57:36.635Z,1751389056.635,2017-10-25T00:00:00.000Z,1751389056.635,1|1|1,1751389056.635,...,1751389056.635,?,1751389056.635,-1,1751389056.635,0,1751389056.635,1751389056.635,2017-11-07T14:04:50.386Z,1751389056.635,false,1751389056.635
12560556,Ravenesta,1751389056.707,Dishonored (Video Games),1751389056.707,...,1751389056.707,...,1751389056.707,you can follow,1751389056.707,2025-07-01T16:57:36.707Z,1751389056.707,2017-10-30T00:00:00.000Z,1751389056.707,1|1|1,1751389056.707,...,1751389056.707,?,1751389056.707,3,1751389056.707,0,1751389056.707,1751389056.707,2017-11-09T13:57:10.077Z,1751389056.707,false,1751389056.707
12572584,kickassanakin,1751389056.768,ジョジョの奇妙な冒険 | JoJo no Kimyou na Bouken | JoJo's Bizarre Adventure,1751389056.768,...,1751389056.768,...,1751389056.768,Waiting for the Sun,1751389056.768,2025-07-01T16:57:36.768Z,1751389056.768,2017-12-31T00:00:00.000Z,1751389056.768,10|10|1,1751389056.768,...,1751389056.768,?,1751389056.768,-1,1751389056.768,0,1751389056.768,1751389056.768,2018-07-04T03:57:57.677Z,1751389056.768,false,1751389056.768
12576056,bluebeholder,1751389056.84,Dishonored (Video Games),1751389056.84,...,1751389056.84,...,1751389056.84,The Protector,1751389056.84,2025-07-01T16:57:36.840Z,1751389056.84,2017-11-05T00:00:00.000Z,1751389056.84,3|?|0,1751389056.84,...,1751389056.84,?,1751389056.84,-1,1751389056.84,0,1751389056.84,1751389056.84,2017-11-07T14:03:44.220Z,1751389056.84,false,1751389056.84
12607768,whalers,1751389056.915,Dishonored (Video Games),1751389056.915,...,1751389056.915,...,1751389056.915,cities have been destroyed over simple miscommunication,1751389056.915,2025-07-01T16:57:36.915Z,1751389056.915,2017-11-02T00:00:00.000Z,1751389056.915,1|1|1,1751389056.915,...,1751389056.915,?,1751389056.915,-1,1751389056.915,0,1751389056.915,1751389056.915,2017-11-09T13:49:10.309Z,1751389056.915,false,1751389056.915
12615456,jamieisnow,1751389056.988,"Dishonored, Dishonored (Video Games)",1751389056.988,...,1751389056.988,...,1751389056.988,When Loving a God,1751389056.988,2025-07-01T16:57:36.988Z,1751389056.988,2017-11-12T00:00:00.000Z,1751389056.988,4|4|1,1751389056.988,...,1751389056.988,?,1751389056.988,-1,1751389056.988,0,1751389056.988,1751389056.988,2017-11-15T21:16:50.993Z,1751389056.988,false,1751389056.988
12618844,adrift_me,1751389057.05,Dishonored (Video Games),1751389057.05,...,1751389057.05,...,1751389057.05,Under the Moon,1751389057.05,2025-07-01T16:57:37.050Z,1751389057.05,2017-11-03T00:00:00.000Z,1751389057.05,1|1|1,1751389057.05,...,1751389057.05,?,1751389057.05,-1,1751389057.05,0,1751389057.05,1751389057.05,2017-11-09T13:48:18.749Z,1751389057.05,false,1751389057.05
12629700,adrift_me,1751389057.139,Dishonored (Video Games),1751389057.139,...,1751389057.139,...,1751389057.139,The Case of a Third Bonecharm,1751389057.139,2025-07-01T16:57:37.139Z,1751389057.139,2017-11-04T00:00:00.000Z,1751389057.139,1|1|1,1751389057.139,...,1751389057.139,?,1751389057.139,-1,1751389057.139,0,1751389057.139,1751389057.139,2017-11-07T14:03:21.447Z,1751389057.139,false,1751389057.139
12632316,qun,1751389057.208,Dishonored (Video Games),1751389057.208,...,1751389057.208,...,1751389057.208,looking east with the heaviest heart,1751389057.208,2025-07-01T16:57:37.208Z,1751389057.208,2017-11-04T00:00:00.000Z,1751389057.208,1|1|1,1751389057.208,...,1751389057.208,?,1751389057.208,-1,1751389057.208,0,1751389057.208,1751389057.208,2017-11-09T13:49:03.611Z,1751389057.208,false,1751389057.208
12642531,adrift_me,1751389057.28,Dishonored (Video Games),1751389057.28,...,1751389057.28,...,1751389057.28,"Kiss Me, Corvo",1751389057.28,2025-07-01T16:57:37.280Z,1751389057.28,2017-11-05T00:00:00.000Z,1751389057.28,1|1|1,1751389057.28,...,1751389057.28,?,1751389057.28,-1,1751389057.28,0,1751389057.28,1751389057.28,2017-11-07T14:03:50.516Z,1751389057.28,false,1751389057.28
12645249,generalatomicsgalleria (charmingotter),1751389057.354,Dishonored (Video Games),1751389057.354,...,1751389057.354,...,1751389057.354,From Shore to Shore,1751389057.354,2025-07-01T16:57:37.354Z,1751389057.354,2017-12-04T00:00:00.000Z,1751389057.354,21|21|1,1751389057.354,"Knowing the Outsider is strange. You never know when he will show up, but when he does you know he's got a reason. Usually impending disaster. Sometimes not though. You think maybe he's lonely. Who wouldn't be after four thousand years in the Void? So, you chat with him when he comes around. That's something he likes it seems. He likes to talk. You know he never says all that he wants. It's just how things are.",1751389057.354,52115,1751389057.354,-1,1751389057.354,0,1751389057.354,1751389057.354,2019-07-16T08:17:45.486Z,1751389057.354,false,1751389057.354
12658617,adrift_me,1751389057.426,Dishonored (Video Games),1751389057.426,...,1751389057.426,...,1751389057.426,Amusing That You Care,1751389057.426,2025-07-01T16:57:37.426Z,1751389057.426,2017-11-07T00:00:00.000Z,1751389057.426,1|1|1,1751389057.426,...,1751389057.426,?,1751389057.426,-1,1751389057.426,0,1751389057.426,1751389057.426,2017-11-09T13:42:18.930Z,1751389057.426,false,1751389057.426
12666936,Anonymous,1751389057.506,Gentleman Bastard Sequence - Scott Lynch,1751389057.506,...,1751389057.506,...,1751389057.506,The Hands-On Approach to Eldern Artefacts,1751389057.506,2025-07-01T16:57:37.506Z,1751389057.506,2017-11-01T00:00:00.000Z,1751389057.506,1|1|1,1751389057.506,...,1751389057.506,?,1751389057.506,1,1751389057.506,0,1751389057.506,1751389057.506,2017-12-25T23:35:29.516Z,1751389057.506,false,1751389057.506
12667779,adrift_me,1751389057.576,Dishonored (Video Games),1751389057.576,...,1751389057.576,...,1751389057.576,"God knows he loves him, and he is that god",1751389057.576,2025-07-01T16:57:37.576Z,1751389057.576,2017-11-08T00:00:00.000Z,1751389057.576,1|1|1,1751389057.576,...,1751389057.576,?,1751389057.576,1,1751389057.576,0,1751389057.576,1751389057.576,2017-11-09T14:05:02.494Z,1751389057.576,false,1751389057.576
12676554,adrift_me,1751389057.648,Dishonored (Video Games),1751389057.648,...,1751389057.648,...,1751389057.648,Did You Try Turning It Off And On Again?,1751389057.648,2025-07-01T16:57:37.648Z,1751389057.648,2017-11-14T00:00:00.000Z,1751389057.648,6|?|0,1751389057.648,...,1751389057.648,?,1751389057.648,-1,1751389057.648,0,1751389057.648,1751389057.648,2017-11-15T21:14:04.147Z,1751389057.648,false,1751389057.648
12681582,mortalcat,1751389057.729,Dishonored (Video Games),1751389057.729,...,1751389057.729,...,1751389057.729,Immortality 不灭,1751389057.729,2025-07-01T16:57:37.729Z,1751389057.729,2017-11-10T00:00:00.000Z,1751389057.729,1|1|1,1751389057.729,...,1751389057.729,?,1751389057.729,-1,1751389057.729,0,1751389057.729,1751389057.729,2017-11-12T01:18:12.860Z,1751389057.729,false,1751389057.729
12704013,LuckyDiceKirby,1751389057.813,Thor (Movies),1751389057.813,...,1751389057.813,...,1751389057.813,Particular Kinds of Greed,1751389057.813,2025-07-01T16:57:37.813Z,1751389057.813,2017-11-12T00:00:00.000Z,1751389057.813,1|1|1,1751389057.813,Loki does not know what to do with a Thor who is disinclined to fight.,1751389057.813,2048,1751389057.813,5,1751389057.813,0,1751389057.813,1751389057.813,2019-07-22T04:08:13.776Z,1751389057.813,false,1751389057.813
12760428,adrift_me,1751389057.91,Dishonored (Video Games),1751389057.91,...,1751389057.91,...,1751389057.91,Like A Plea Of A God,1751389057.91,2025-07-01T16:57:37.910Z,1751389057.91,2017-11-18T00:00:00.000Z,1751389057.91,1|1|1,1751389057.91,...,1751389057.91,?,1751389057.91,-1,1751389057.91,0,1751389057.91,1751389057.91,2017-11-30T00:47:38.216Z,1751389057.91,false,1751389057.91
12802635,Assassin_J,1751389057.974,Dishonored (Video Games),1751389057.974,...,1751389057.974,...,1751389057.974,Tear Down The Wall,1751389057.974,2025-07-01T16:57:37.974Z,1751389057.974,2017-11-23T00:00:00.000Z,1751389057.974,1|1|1,1751389057.974,...,1751389057.974,?,1751389057.974,-1,1751389057.974,0,1751389057.974,1751389057.974,2017-11-25T04:18:40.414Z,1751389057.974,false,1751389057.974
12806463,adrift_me,1751389058.042,Dishonored (Video Games),1751389058.042,...,1751389058.042,...,1751389058.042,Megalomania,1751389058.042,2025-07-01T16:57:38.042Z,1751389058.042,2017-11-23T00:00:00.000Z,1751389058.042,1|1|1,1751389058.042,...,1751389058.042,?,1751389058.042,-1,1751389058.042,0,1751389058.042,1751389058.042,2017-11-25T04:20:27.647Z,1751389058.042,false,1751389058.042
12814278,thisisthefamilybusiness,1751389058.109,Dishonored (Video Games),1751389058.109,...,1751389058.109,...,1751389058.109,the clockwork man,1751389058.109,2025-07-01T16:57:38.109Z,1751389058.109,2017-11-28T00:00:00.000Z,1751389058.109,3|?|0,1751389058.109,"“I chose you for a reason, Piero. Don’t disappoint me now.” The Outsider tsks.Joplin’s pulse is thudding in his ears. His clockwork had lived, but it wasn’t alive.There is something different about the clockwork man tonight, wasn’t there?It had a face, Joplin realizes with a start. Not a face that he recognized, but a face nonetheless, dark brown eyes staring up into the nothingness unblinkingly, skin bronze against the shocking white enamel of the augmentations.“It has to be alive,” Joplin whispers. “A soul. It needs… a soul.”The Outsider’s face twists into a smile.    (In which Corvo Attano is a clockwork man: forged from flesh and metal in equal parts.)",1751389058.109,3999,1751389058.109,-1,1751389058.109,0,1751389058.109,1751389058.109,2019-07-12T04:54:38.654Z,1751389058.109,false,1751389058.109
12820401,jamieisnow,1751389058.182,Dishonored (Video Games),1751389058.182,...,1751389058.182,...,1751389058.182,The time The Outsider took Corvo and Daud to 2017,1751389058.182,2025-07-01T16:57:38.182Z,1751389058.182,2017-11-25T00:00:00.000Z,1751389058.182,1|?|0,1751389058.182,...,1751389058.182,?,1751389058.182,-1,1751389058.182,0,1751389058.182,1751389058.182,2017-11-28T18:05:39.797Z,1751389058.182,false,1751389058.182
12824331,adrift_me,1751389058.256,Dishonored (Video Games),1751389058.256,...,1751389058.256,...,1751389058.256,"Sinnerman, Where You Gonna Run To?",1751389058.256,2025-07-01T16:57:38.257Z,1751389058.256,2017-11-25T00:00:00.000Z,1751389058.256,1|1|1,1751389058.256,...,1751389058.256,?,1751389058.256,-1,1751389058.256,0,1751389058.256,1751389058.256,2017-11-28T18:05:28.211Z,1751389058.256,false,1751389058.256
12844917,Nunonabun,1751389058.34,Call the Midwife,1751389058.34,...,1751389058.34,...,1751389058.34,Not-So-Silent Night,1751389058.34,2025-07-01T16:57:38.340Z,1751389058.34,2017-11-27T00:00:00.000Z,1751389058.34,1|1|1,1751389058.34,"In the 2013 Christmas Special, Trixie mentions that the nuns were gambling and drinking whiskey sours. I assumed this was a yearly tradition, so here's little imagining of said event the year before that CS.",1751389058.34,560,1751389058.34,3,1751389058.34,0,1751389058.34,1751389058.34,2019-06-01T20:07:00.388Z,1751389058.34,false,1751389058.34
12845565,thegaromaster,1751389058.423,Dishonored (Video Games),1751389058.423,...,1751389058.423,...,1751389058.423,Corvo & the Outsider,1751389058.423,2025-07-01T16:57:38.423Z,1751389058.423,2017-11-27T00:00:00.000Z,1751389058.423,1|1|1,1751389058.423,"An unfinished drabble between Corvo and the Outsider, my sweetest of boys. Not particularly explicit. I don't really intend on finishing it, but there's enough of it to post.",1751389058.423,888,1751389058.423,-1,1751389058.423,0,1751389058.423,1751389058.423,2019-06-06T03:21:31.283Z,1751389058.423,false,1751389058.423
12849897,kakyoinnoriaki,1751389058.512,ジョジョの奇妙な冒険 | JoJo no Kimyou na Bouken | JoJo's Bizarre Adventure,1751389058.512,...,1751389058.512,...,1751389058.512,Stroke Him Back to Life,1751389058.512,2025-07-01T16:57:38.512Z,1751389058.512,2017-11-28T00:00:00.000Z,1751389058.512,1|1|1,1751389058.512,...,1751389058.512,?,1751389058.512,-1,1751389058.512,0,1751389058.512,1751389058.512,2018-06-19T23:00:23.398Z,1751389058.512,false,1751389058.512
12850419,Gileonnen,1751389058.592,Machineries of Empire Series - Yoon Ha Lee,1751389058.592,...,1751389058.592,...,1751389058.592,Hawk in the Dive,1751389058.592,2025-07-01T16:57:38.592Z,1751389058.592,2017-11-28T00:00:00.000Z,1751389058.592,1|1|1,1751389058.592,...,1751389058.592,?,1751389058.592,3,1751389058.592,0,1751389058.592,1751389058.592,2017-11-28T05:17:05.012Z,1751389058.592,false,1751389058.592
12855726,adrift_me,1751389058.68,Dishonored (Video Games),1751389058.68,...,1751389058.68,...,1751389058.68,He Goes Delirious When You Kiss,1751389058.68,2025-07-01T16:57:38.680Z,1751389058.68,2017-11-28T00:00:00.000Z,1751389058.68,1|1|1,1751389058.68,"Exhaustion takes over Corvo, stressful days bringing him little peace. And with every night he grows more and more restless, until one night either a feverish dream or the Outsider himself comes to relief him in a most pleasant way.",1751389058.68,1817,1751389058.68,1,1751389058.68,0,1751389058.68,1751389058.68,2019-06-06T08:37:57.616Z,1751389058.68,false,1751389058.68
12861429,Assassin_J,1751389058.759,Dishonored (Video Games),1751389058.759,...,1751389058.759,...,1751389058.759,The New Day Rising,1751389058.759,2025-07-01T16:57:38.759Z,1751389058.759,2017-11-29T00:00:00.000Z,1751389058.759,1|1|1,1751389058.759,"Writember Day 26 - ""Moment""""You more openly declare your love for a Void God than you did for an Empress.""""Hey, you're not a Void God anymore.""(Sequel to Tear Down The Wall)",1751389058.759,768,1751389058.759,-1,1751389058.759,0,1751389058.759,1751389058.759,2019-07-07T20:42:32.078Z,1751389058.759,false,1751389058.759
12873444,Nevospitanniy,1751389058.856,Dishonored (Video Games),1751389058.856,...,1751389058.856,...,1751389058.856,Loose ends,1751389058.856,2025-07-01T16:57:38.856Z,1751389058.856,2017-11-30T00:00:00.000Z,1751389058.856,1|1|1,1751389058.856,"We’re kissing without kissing

And we’ve got it down to a fine art",1751389058.856,5036,1751389058.856,5,1751389058.856,0,1751389058.856,1751389058.856,2017-12-13T06:22:50.562Z,1751389058.856,false,1751389058.856
12882240,adrift_me,1751389058.944,Dishonored (Video Games),1751389058.944,...,1751389058.944,...,1751389058.944,25 Days Of Christmas - Corvosider Edition,1751389058.944,2025-07-01T16:57:38.944Z,1751389058.944,2017-12-25T00:00:00.000Z,1751389058.944,25|25|1,1751389058.944,"Since the moment Corvo and the Outsider's fates crossed, there is not a time they may be seperated. And every story such as theirs has a kiss.Celebrating December with 25 days of Corvosider kisses.",1751389058.944,25288,1751389058.944,-1,1751389058.944,0,1751389058.944,1751389058.944,2019-07-06T16:57:48.724Z,1751389058.944,false,1751389058.944
12888420,Assassin_J,1751389059.028,Dishonored (Video Games),1751389059.028,...,1751389059.028,...,1751389059.028,Out of the Darkness,1751389059.028,2025-07-01T16:57:39.028Z,1751389059.028,2017-12-08T00:00:00.000Z,1751389059.028,2|2|1,1751389059.028,...,1751389059.028,?,1751389059.028,-1,1751389059.028,0,1751389059.028,1751389059.028,2017-12-12T14:24:07.649Z,1751389059.028,false,1751389059.028
12906537,Sana (Sumi),1751389059.126,Dishonored (Video Games),1751389059.126,...,1751389059.126,...,1751389059.126,every journey needs a first step,1751389059.126,2025-07-01T16:57:39.126Z,1751389059.126,2017-12-03T00:00:00.000Z,1751389059.126,1|1|1,1751389059.126,"After the Outsider regains his humanity, he comes to a lingering realization about himself and Corvo Attano.",1751389059.126,1589,1751389059.126,1,1751389059.126,0,1751389059.126,1751389059.126,2019-07-25T10:42:15.807Z,1751389059.126,false,1751389059.126
12932448,Demons_are_the_new_angels,1751389059.224,Dishonored (Video Games),1751389059.224,...,1751389059.224,...,1751389059.224,Forgotten Specifics,1751389059.224,2025-07-01T16:57:39.224Z,1751389059.224,2017-12-06T00:00:00.000Z,1751389059.224,1|1|1,1751389059.224,...,1751389059.224,?,1751389059.224,-1,1751389059.224,0,1751389059.224,1751389059.224,2017-12-12T14:24:29.081Z,1751389059.224,false,1751389059.224
12933468,Prinzenhasserin,1751389059.309,Gentleman Bastard Sequence - Scott Lynch,1751389059.309,...,1751389059.309,...,1751389059.309,the opposite of a good idea,1751389059.309,2025-07-01T16:57:39.309Z,1751389059.309,2017-12-25T00:00:00.000Z,1751389059.309,1|1|1,1751389059.309,Jean and Locke have to get creative to leave town. (Locke looks surprisingly comfortable dressed in women’s clothing.),1751389059.309,2700,1751389059.309,3,1751389059.309,0,1751389059.309,1751389059.309,2019-05-28T03:51:32.608Z,1751389059.309,false,1751389059.309
12955482,bioticsblue,1751389059.409,Dishonored (Video Games),1751389059.409,...,1751389059.409,...,1751389059.409,Overseers Can't Notice Heresy Right Under Their Noses,1751389059.409,2025-07-01T16:57:39.409Z,1751389059.409,2017-12-08T00:00:00.000Z,1751389059.409,1|1|1,1751389059.409,...,1751389059.409,?,1751389059.409,-1,1751389059.409,0,1751389059.409,1751389059.409,2018-01-12T04:27:18.868Z,1751389059.409,false,1751389059.409
12991308,Erradianwhocantread,1751389059.494,The Silmarillion and other histories of Middle-Earth - J. R. R. Tolkien,1751389059.494,...,1751389059.494,...,1751389059.494,What Songs Miss,1751389059.494,2025-07-01T16:57:39.494Z,1751389059.494,2017-12-12T00:00:00.000Z,1751389059.494,1|1|1,1751389059.494,"Beor waxing sentimental about what it is he loves about Finrod. That's it, that's the whole thing.",1751389059.494,517,1751389059.494,1,1751389059.494,0,1751389059.494,1751389059.494,2019-07-31T10:59:03.780Z,1751389059.494,false,1751389059.494
12993825,Gianeya,1751389059.582,Dishonored (Video Games),1751389059.582,...,1751389059.582,...,1751389059.582,Жертвенный,1751389059.582,2025-07-01T16:57:39.582Z,1751389059.582,2017-12-12T00:00:00.000Z,1751389059.582,1|1|1,1751389059.582,...,1751389059.582,?,1751389059.582,-1,1751389059.582,0,1751389059.582,1751389059.582,2018-01-12T04:26:25.631Z,1751389059.582,false,1751389059.582
12994893,Anonymous,1751389059.67,Deeply Strange Deep Sea Animals (Anthropomorfic),1751389059.67,...,1751389059.67,...,1751389059.67,letting the stranger in,1751389059.67,2025-07-01T16:57:39.670Z,1751389059.67,2017-12-12T00:00:00.000Z,1751389059.67,1|1|1,1751389059.67,...,1751389059.67,?,1751389059.67,3,1751389059.67,0,1751389059.67,1751389059.67,2017-12-31T00:26:00.740Z,1751389059.67,false,1751389059.67
13015971,adrift_me,1751389059.774,Dishonored (Video Games),1751389059.774,...,1751389059.774,...,1751389059.774,Wisps of Golden Light,1751389059.774,2025-07-01T16:57:39.774Z,1751389059.774,2017-12-14T00:00:00.000Z,1751389059.774,1|1|1,1751389059.774,Their first night is the longest night. The Void's powers are the strongest ones. And the Outsider's lips so sweet.,1751389059.774,2852,1751389059.774,1,1751389059.774,0,1751389059.774,1751389059.774,2019-06-06T03:25:50.574Z,1751389059.774,false,1751389059.774
13020321,Cannibal_Wings,1751389059.877,Dishonored (Video Games),1751389059.877,...,1751389059.877,...,1751389059.877,Wings Over Dunwall,1751389059.877,2025-07-01T16:57:39.877Z,1751389059.877,2018-07-27T00:00:00.000Z,1751389059.877,4|?|0,1751389059.877,"Corvo flared his wings and nearly shouted, ""And how are these supposed to make my life better?""""You misunderstood,"" The Outsider said, his voice an ever calm even in the storm of emotions. ""I never said they would make your life better or easier, only that they would make things much, much more interesting."" ---An AU in which The Outsider gifts Corvo a pair of wings and a new threat looms on the horizon.",1751389059.877,47073,1751389059.877,-1,1751389059.877,0,1751389059.877,1751389059.877,2019-04-30T21:27:48.835Z,1751389059.877,false,1751389059.877
13020684,Assassin_J,1751389059.982,Dishonored (Video Games),1751389059.982,...,1751389059.982,...,1751389059.982,And Into My Room,1751389059.982,2025-07-01T16:57:39.982Z,1751389059.982,2018-01-27T00:00:00.000Z,1751389059.982,3|?|0,1751389059.982,"Directly follows the events of ""Out Of The Darkness"". The Outsider's first day back as a human turns out pretty damn nice.",1751389059.982,3256,1751389059.982,-1,1751389059.982,0,1751389059.982,1751389059.982,2019-05-01T11:40:12.837Z,1751389059.982,false,1751389059.982
13026924,World_of_Stories19,1751389060.071,"Oliver Twist - Charles Dickens, Oliver Twist - All Media Types",1751389060.071,...,1751389060.071,...,1751389060.071,It Might Be Alright If You Go,1751389060.071,2025-07-01T16:57:40.071Z,1751389060.071,2017-12-16T00:00:00.000Z,1751389060.071,3|7|0,1751389060.071,"When Oliver wakes up feeling ill, he hides it from Dodger until his illness causes him to collapse while both boys are out. His high fever worry's Dodger, so much so that Dodger refuses to leave his ill companions bedside. Fagin takes notice of this uncharacteristic behaviour of his protege, and he begins to suspect that there is an underlying feeling to Dodgers worry for Oliver.",1751389060.071,2986,1751389060.071,1,1751389060.071,0,1751389060.071,1751389060.071,2019-08-18T03:04:56.830Z,1751389060.071,false,1751389060.071
13035897,Sath,1751389060.153,Gentleman Bastard Sequence - Scott Lynch,1751389060.153,...,1751389060.153,...,1751389060.153,The Lost Lucarno,1751389060.153,2025-07-01T16:57:40.153Z,1751389060.153,2017-12-25T00:00:00.000Z,1751389060.153,1|1|1,1751389060.153,"After the death of Father Chains, Jean channels his feelings into writing his own Lucarno. Locke thinks they can sell it for a fortune.In other words, Jean and Locke try to profit off of selling fanfiction, and it goes cockeyed.",1751389060.153,6656,1751389060.153,5,1751389060.153,0,1751389060.153,1751389060.153,2019-06-01T04:40:33.285Z,1751389060.153,false,1751389060.153
13036782,hotmesslewis,1751389060.242,"Lewis and Clark, Historical RPF",1751389060.242,...,1751389060.242,...,1751389060.242,"you must be a christmas tree, you light up the room",1751389060.242,2025-07-01T16:57:40.242Z,1751389060.242,2017-12-16T00:00:00.000Z,1751389060.242,1|1|1,1751389060.242,William Clark buys some new sweaters for the holiday season.,1751389060.242,1909,1751389060.242,-1,1751389060.242,0,1751389060.242,1751389060.242,2025-06-17T23:55:55.613Z,1751389060.242,false,1751389060.242
13039437,blueteak,1751389060.321,Call the Midwife,1751389060.321,...,1751389060.321,...,1751389060.321,Upon Finding One of Great Value,1751389060.321,2025-07-01T16:57:40.321Z,1751389060.321,2017-12-17T00:00:00.000Z,1751389060.321,1|1|1,1751389060.321,Sister Monica Joan goes on a secret mission.,1751389060.321,1463,1751389060.321,3,1751389060.321,0,1751389060.321,1751389060.321,2019-06-01T20:20:12.822Z,1751389060.321,false,1751389060.321
13044618,"Prinzenhasserin, Isis",1751389060.405,Gentleman Bastard Sequence - Scott Lynch,1751389060.405,...,1751389060.405,...,1751389060.405,Corsets and other Paraphernalia,1751389060.405,2025-07-01T16:57:40.405Z,1751389060.405,2017-12-25T00:00:00.000Z,1751389060.405,1|1|1,1751389060.405,"There's a book Locke wants from a house formerly owned by a bondsmage. The acquiring of said books involves some costumes, and Jean is very distracted.",1751389060.405,6014,1751389060.405,3,1751389060.405,0,1751389060.405,1751389060.405,2019-05-28T03:21:34.343Z,1751389060.405,false,1751389060.405
13047840,Jain,1751389060.497,Think of England - K. J. Charles,1751389060.497,...,1751389060.497,...,1751389060.497,A Bridge/A Chain,1751389060.497,2025-07-01T16:57:40.497Z,1751389060.497,2017-12-17T00:00:00.000Z,1751389060.497,1|1|1,1751389060.497,"A job interview, and what comes after.",1751389060.497,1637,1751389060.497,5,1751389060.497,0,1751389060.497,1751389060.497,2019-04-08T11:26:01.993Z,1751389060.497,false,1751389060.497
13049193,ascanios,1751389060.585,Think of England - K. J. Charles,1751389060.585,...,1751389060.585,...,1751389060.585,Playacting,1751389060.585,2025-07-01T16:57:40.585Z,1751389060.585,2017-12-17T00:00:00.000Z,1751389060.585,1|1|1,1751389060.585,"Honeypots like this aren't Daniel's typical bag, he's not usually up for grabs himself, but he is an excellent operative, a brilliant liar, and a formidable seducer. He managed to lie to the Armstrongs for weeks on end, he can manage to flirt with a murderer for an evening.",1751389060.585,2635,1751389060.585,3,1751389060.585,0,1751389060.585,1751389060.585,2019-03-01T03:40:56.240Z,1751389060.585,false,1751389060.585
13060812,Neriad13,1751389060.685,Dishonored (Video Games),1751389060.685,...,1751389060.685,...,1751389060.685,A Very Corvosider Christmas,1751389060.685,2025-07-01T16:57:40.685Z,1751389060.685,2017-12-19T00:00:00.000Z,1751389060.685,1|1|1,1751389060.685,"On the longest night of the year, when the boundary between the Void and reality grows thin, the Outsider walks among us in human form. Bar your doors and lock your windows. Sing so loud that His voice cannot be heard. Feast and be merry - and shut out the gloom.And do not ever even think about letting him in.",1751389060.685,10975,1751389060.685,3,1751389060.685,0,1751389060.685,1751389060.685,2019-06-08T03:13:28.296Z,1751389060.685,1,1751389060.685
13068492,Anonymous,1751389060.783,And I Awoke and Found Me Here on the Cold Hill's Side - James Tiptree Jr.,1751389060.783,...,1751389060.783,...,1751389060.783,The Locust,1751389060.783,2025-07-01T16:57:40.783Z,1751389060.783,2017-12-25T00:00:00.000Z,1751389060.783,1|1|1,1751389060.783,"Letter of Fr. Francisco Nadal to Fr. Bartolomeo Strozzi, 1588.",1751389060.783,2223,1751389060.783,3,1751389060.783,0,1751389060.783,1751389060.783,2017-12-30T19:04:46.645Z,1751389060.783,false,1751389060.783
13075683,generalatomicsgalleria (Badwolfinwinterfell),1751389060.883,Dishonored (Video Games),1751389060.883,...,1751389060.883,...,1751389060.883,Blue,1751389060.883,2025-07-01T16:57:40.883Z,1751389060.883,2017-12-20T00:00:00.000Z,1751389060.883,1|1|1,1751389060.883,...,1751389060.883,?,1751389060.883,-1,1751389060.883,0,1751389060.883,1751389060.883,2018-01-12T04:27:12.740Z,1751389060.883,false,1751389060.883
13126353,Alegriamarkerbox (BustyBeeStung),1751389060.972,"Time Squad, Historical RPF",1751389060.972,...,1751389060.972,...,1751389060.972,Time Squad- A First Christmas Mission,1751389060.972,2025-07-01T16:57:40.972Z,1751389060.972,2017-12-24T00:00:00.000Z,1751389060.972,1|1|1,1751389060.972,Time Squad spends Christmas Eve convincing famous film producers Arthur Rankin and Jules Bass to produce their popular holiday stop motion films instead of cheesy Christmas chick flicks- with help from some past historical figures. Contains some mushy gushy and fluff and also mistletoe.,1751389060.972,3136,1751389060.972,-1,1751389060.972,0,1751389060.972,1751389060.972,2025-06-17T23:56:44.980Z,1751389060.972,false,1751389060.972
13140438,Anonymous,1751389061.058,"Deeply Strange Deep Sea Animals, Anthropomorphism, Original Work",1751389061.058,...,1751389061.058,...,1751389061.058,At the Shoreline,1751389061.058,2025-07-01T16:57:41.058Z,1751389061.058,2017-12-25T00:00:00.000Z,1751389061.058,1|1|1,1751389061.058,...,1751389061.058,?,1751389061.058,1,1751389061.058,0,1751389061.058,1751389061.058,2017-12-31T00:32:57.041Z,1751389061.058,false,1751389061.058
13196832,songofdefiance,1751389061.151,Dishonored (Video Games),1751389061.151,...,1751389061.151,...,1751389061.151,The Cell,1751389061.151,2025-07-01T16:57:41.151Z,1751389061.151,2017-12-30T00:00:00.000Z,1751389061.151,1|1|1,1751389061.151,"“Were you truly unaware of their presence?” the Outsider asked.  “All your years doubling as Royal Protector and Spymaster, and you never noticed them?”
“I noticed,” Corvo said.  He felt his ears burn.  “They never outwardly caused any trouble.  Nothing overt like what their lieutenants did in Karnaca.  I left them alone.  It always seemed like a better use of my time to handle the Hatters.”
“I suppose it would have,” the Outsider said.  “At least, until you learned that your daughter’s life was in danger.  Again.”",1751389061.151,9292,1751389061.151,3,1751389061.151,0,1751389061.151,1751389061.151,2019-07-17T03:55:19.574Z,1751389061.151,false,1751389061.151
13219296,Erradianwhocantread,1751389061.247,The Silmarillion and other histories of Middle-Earth - J. R. R. Tolkien,1751389061.247,...,1751389061.247,...,1751389061.247,Beyond What Can Be Valued,1751389061.247,2025-07-01T16:57:41.247Z,1751389061.247,2017-12-31T00:00:00.000Z,1751389061.247,1|1|1,1751389061.247,Finrod give Beor a thoughtful gift,1751389061.247,500,1751389061.247,-1,1751389061.247,0,1751389061.247,1751389061.247,2019-07-31T10:59:17.607Z,1751389061.247,false,1751389061.247
13247979,bluebeholder,1751389061.344,Dishonored (Video Games),1751389061.344,...,1751389061.344,...,1751389061.344,Nothing Rhymes With Purple,1751389061.344,2025-07-01T16:57:41.344Z,1751389061.344,2018-01-02T00:00:00.000Z,1751389061.344,1|1|1,1751389061.344,"“Flowers are funny and elegant and romantic, and they make people so happy; they bring the natural world indoors, exemplifying the best of what our otherwise-garbage planet has to offer.”—Meredith Graves (Rookie)The Outsider is a florist notorious for uncanny arrangements. Corvo might be under a geas to keep coming back to the shop. It remains to be seen what role the violets will play in this strange fairy tale.",1751389061.344,5016,1751389061.344,5,1751389061.344,0,1751389061.344,1751389061.344,2019-07-15T03:45:51.323Z,1751389061.344,false,1751389061.344
13254021,hyperions,1751389061.438,Dishonored (Video Games),1751389061.438,...,1751389061.438,...,1751389061.438,Then And Now,1751389061.438,2025-07-01T16:57:41.438Z,1751389061.438,2018-01-03T00:00:00.000Z,1751389061.438,1|1|1,1751389061.438,Moments shared in the Void can feel different from the moments budding anew within Dunwall Tower when The Outsider finds Corvo again upon his return to humanity.,1751389061.438,1466,1751389061.438,3,1751389061.438,0,1751389061.438,1751389061.438,2019-06-06T08:29:43.296Z,1751389061.438,false,1751389061.438
13263282,bluebeholder,1751389061.521,Dishonored (Video Games),1751389061.521,...,1751389061.521,...,1751389061.521,Where Gods and Dreamers Dance,1751389061.521,2025-07-01T16:57:41.521Z,1751389061.521,2018-01-04T00:00:00.000Z,1751389061.521,1|1|1,1751389061.521,A pleasant late night is passed in Dunwall Tower. There's a lot of dancing.,1751389061.521,2488,1751389061.521,1,1751389061.521,0,1751389061.521,1751389061.521,2019-07-12T11:21:05.655Z,1751389061.521,false,1751389061.521
13319328,Nevospitanniy,1751389061.614,Dishonored (Video Games),1751389061.614,...,1751389061.614,...,1751389061.614,Don’t do me any favors,1751389061.614,2025-07-01T16:57:41.614Z,1751389061.614,2018-01-09T00:00:00.000Z,1751389061.614,1|1|1,1751389061.614,"Cause every friendly gesture
  
  Turns my stomach inside out
  
  Don't do me any favors
  
  I am better off without
*The Outsider’s pale form whooshes away in a rush of black twisted wind, and Corvo feels His judgement like a backhand.",1751389061.614,7175,1751389061.614,-1,1751389061.614,0,1751389061.614,1751389061.614,2019-07-07T22:31:13.422Z,1751389061.614,false,1751389061.614
13326243,adrift_me,1751389061.7,Dishonored (Video Games),1751389061.7,...,1751389061.7,...,1751389061.7,A rose exalted on the point of blackthorn,1751389061.7,2025-07-01T16:57:41.700Z,1751389061.7,2018-01-10T00:00:00.000Z,1751389061.7,2|2|1,1751389061.7,...,1751389061.7,?,1751389061.7,-1,1751389061.7,0,1751389061.7,1751389061.7,2018-01-12T04:25:53.323Z,1751389061.7,false,1751389061.7
13326567,Anonymous,1751389061.788,Persona 5,1751389061.788,...,1751389061.788,...,1751389061.788,Desire and Hope,1751389061.788,2025-07-01T16:57:41.788Z,1751389061.788,2018-02-14T00:00:00.000Z,1751389061.788,1|1|1,1751389061.788,...,1751389061.788,?,1751389061.788,1,1751389061.788,0,1751389061.788,1751389061.788,2018-02-17T15:58:22.195Z,1751389061.788,false,1751389061.788
13336893,Anonymous,1751389061.891,Original Work,1751389061.891,...,1751389061.891,...,1751389061.891,"Threat, Type I",1751389061.891,2025-07-01T16:57:41.891Z,1751389061.891,2018-02-14T00:00:00.000Z,1751389061.891,1|1|1,1751389061.891,...,1751389061.891,?,1751389061.891,5,1751389061.891,0,1751389061.891,1751389061.891,2018-02-15T07:26:48.141Z,1751389061.891,false,1751389061.891
13357020,Anonymous,1751389061.99,Yuri!!! on Ice (Anime),1751389061.99,...,1751389061.99,...,1751389061.99,Cuddle Up,1751389061.99,2025-07-01T16:57:41.990Z,1751389061.99,2018-01-13T00:00:00.000Z,1751389061.99,1|1|1,1751389061.99,...,1751389061.99,?,1751389061.99,1,1751389061.99,0,1751389061.99,1751389061.99,2018-02-17T15:59:25.483Z,1751389061.99,false,1751389061.99
13371144,Anonymous,1751389062.093,Original Work,1751389062.093,...,1751389062.093,...,1751389062.093,She Comes at Night,1751389062.093,2025-07-01T16:57:42.093Z,1751389062.093,2018-02-14T00:00:00.000Z,1751389062.093,1|1|1,1751389062.093,...,1751389062.093,?,1751389062.093,3,1751389062.093,0,1751389062.093,1751389062.093,2018-02-15T06:59:11.377Z,1751389062.093,false,1751389062.093
13383240,"Easy_Owl, patho (ghostsoldier)",1751389062.198,Dishonored (Video Games),1751389062.198,...,1751389062.198,...,1751389062.198,in the bone,1751389062.198,2025-07-01T16:57:42.198Z,1751389062.198,2018-01-15T00:00:00.000Z,1751389062.198,1|1|1,1751389062.198,...,1751389062.198,?,1751389062.198,-1,1751389062.198,0,1751389062.198,1751389062.198,2018-03-08T04:34:12.367Z,1751389062.198,false,1751389062.198
13393536,Pixel_Park,1751389062.326,"Dota 2, Defense of the Ancients | Dota, Original Work",1751389062.326,...,1751389062.326,...,1751389062.326,Der Elbische Patient [LESEPROBE],1751389062.326,2025-07-01T16:57:42.326Z,1751389062.326,2018-04-28T00:00:00.000Z,1751389062.326,3|22|0,1751389062.326,"Seit Langem sind Magier und Menschen verfeindet und bekämpfen sich, mit bitteren Verlusten auf beiden Seiten. Ein stabiler Frieden scheint nicht möglich, zu verschieden wirken beide Lager. Klara sieht das anders. Die magische Heilerin sucht mit ihren Freunden ein Leben jenseits von Gewalt, Vorurteilen und Hass, und das obwohl – oder gerade weil – sie mit ihrer Behinderung den Hass schon am eigenen Leib gespürt hat. Zu ihrer ""Wahlfamilie"" gehören Magina, ein Mensch der eigentlich Magie verabscheut, aber für seinen geliebten Kael, einem stolzen Hochelben und Magier, eine Ausnahme macht, und Lucie, die mit Leidenschaft Roboter und andere Maschinen baut, sehr zum Mißfallen ihrer konservativen Familie.Aber Klaras Land wird unerbittlich von den Herrschenden des Magierreichs Finistère angegriffen. Diese wollen alle Menschen mit Hilfe von Drachen vernichten, selbst wenn sie damit alles ins Chaos stürzen.Als Iònatan, der Thronfolger Finistères, im Sterben liegt, bekommt Klara einen ungewöhnlichen Auftrag, bei dem sie den arroganten Elben von einer ganz anderen Seite kennenlernt. Dabei wird nicht nur ihr eigenes Leben gehörig auf den Kopf gestellt.",1751389062.326,10071,1751389062.326,-1,1751389062.326,0,1751389062.326,1751389062.326,2019-01-23T06:07:16.371Z,1751389062.326,false,1751389062.326
13410621,tveckling,1751389062.424,Dishonored (Video Games),1751389062.424,...,1751389062.424,...,1751389062.424,Void,1751389062.424,2025-07-01T16:57:42.424Z,1751389062.424,2018-01-18T00:00:00.000Z,1751389062.424,1|1|1,1751389062.424,Who are you?,1751389062.424,859,1751389062.424,-1,1751389062.424,0,1751389062.424,1751389062.424,2019-07-12T04:55:55.082Z,1751389062.424,false,1751389062.424
13410633,tveckling,1751389062.514,Dishonored (Video Games),1751389062.514,...,1751389062.514,...,1751389062.514,Reading,1751389062.514,2025-07-01T16:57:42.514Z,1751389062.514,2018-01-18T00:00:00.000Z,1751389062.514,1|1|1,1751389062.514,Corvo discovers an unexpected secret.,1751389062.514,918,1751389062.514,-1,1751389062.514,0,1751389062.514,1751389062.514,2019-07-07T22:36:18.843Z,1751389062.514,false,1751389062.514
13434276,Anonymous,1751389062.6,Fire Emblem: Soen no Kiseki/Akatsuki no Megami | Fire Emblem Path of Radiance/Radiant Dawn,1751389062.6,...,1751389062.6,...,1751389062.6,Rest,1751389062.6,2025-07-01T16:57:42.600Z,1751389062.6,2018-02-14T00:00:00.000Z,1751389062.6,1|1|1,1751389062.6,...,1751389062.6,?,1751389062.6,1,1751389062.6,0,1751389062.6,1751389062.6,2018-02-17T15:58:18.851Z,1751389062.6,false,1751389062.6
13444281,days4daisy,1751389062.706,"Marvel Cinematic Universe, Thor (Movies)",1751389062.706,...,1751389062.706,...,1751389062.706,the more things change,1751389062.706,2025-07-01T16:57:42.706Z,1751389062.706,2018-02-14T00:00:00.000Z,1751389062.706,1|1|1,1751389062.706,...,1751389062.706,?,1751389062.706,1,1751389062.706,0,1751389062.706,1751389062.706,2018-02-25T15:40:32.696Z,1751389062.706,false,1751389062.706
13445025,havisham,1751389062.79,Original Work,1751389062.79,...,1751389062.79,...,1751389062.79,the thirst of the land,1751389062.79,2025-07-01T16:57:42.790Z,1751389062.79,2018-02-14T00:00:00.000Z,1751389062.79,1|1|1,1751389062.79,"Ocean man, take me by the hand, lead me to the land that you understand. Florida man discovers true fish-man love -- and the rest, as they say, is history.",1751389062.79,4239,1751389062.79,5,1751389062.79,0,1751389062.79,1751389062.79,2019-07-23T03:04:41.998Z,1751389062.79,false,1751389062.79
13454007,SathInflection,1751389062.873,Thor (Movies),1751389062.873,...,1751389062.873,...,1751389062.873,Safe Passage Through the Anus,1751389062.873,2025-07-01T16:57:42.873Z,1751389062.873,2018-02-14T00:00:00.000Z,1751389062.873,1|1|1,1751389062.873,The Grandmaster decides to expand his business interests to include incest-themed porn. Thor and Loki are horrified.Except not really.,1751389062.873,3401,1751389062.873,5,1751389062.873,0,1751389062.873,1751389062.873,2019-07-23T03:05:19.530Z,1751389062.873,false,1751389062.873
13477374,DrunkenWhalers,1751389062.974,Dishonored (Video Games),1751389062.974,...,1751389062.974,...,1751389062.974,of heresy and hierarchy,1751389062.974,2025-07-01T16:57:42.975Z,1751389062.974,2018-02-14T00:00:00.000Z,1751389062.974,2|?|0,1751389062.974,"When she was a child (Well, before the unfortunate assassination of her mother) she had dreamed of one day being Emily Kaldwin, first of her name. She would see her mother, her striking appearance, and see how people adored her. She saw how she got to travel the isles to meet with dukes and duchesses. She saw how she got invited and made the guest of honor at a multitude of parties, from the yearly masked balls of the Boyle family to the weddings of  Dunwalls  many socialites. She saw how she got to make important decisions and pass laws to protect the rights of those who resided among the isles, fighting for justice for them all. But of course, being Empress also means that you have to attend early morning meetings where the same people ramble on about all the same things.
  or the story in which emily kaldwin is not sure if being empress is all that its cracked up to be and corvo attano learns what it means to be a father(updates irregularly)",1751389062.974,2910,1751389062.974,-1,1751389062.974,0,1751389062.974,1751389062.974,2019-05-01T11:39:29.761Z,1751389062.974,false,1751389062.974
13486134,bluebeholder,1751389063.081,Dishonored (Video Games),1751389063.081,...,1751389063.081,...,1751389063.081,Cogito Ergo Sum,1751389063.081,2025-07-01T16:57:43.081Z,1751389063.081,2018-01-26T00:00:00.000Z,1751389063.081,30|30|1,1751389063.081,...,1751389063.081,51556,1751389063.081,1,1751389063.081,0,1751389063.081,1751389063.081,2019-07-12T04:51:22.085Z,1751389063.081,false,1751389063.081
13487085,BrokenApeiron,1751389063.18,Dishonored (Video Games),1751389063.18,...,1751389063.18,...,1751389063.18,Il Richiamo dell'Altare,1751389063.18,2025-07-01T16:57:43.180Z,1751389063.18,2018-01-26T00:00:00.000Z,1751389063.18,1|1|1,1751389063.18,...,1751389063.18,?,1751389063.18,-1,1751389063.18,0,1751389063.18,1751389063.18,2018-03-08T04:34:30.858Z,1751389063.18,false,1751389063.18
13496142,Anonymous,1751389063.284,Hannibal (TV),1751389063.284,...,1751389063.284,...,1751389063.284,"Like, 300 dogs",1751389063.284,2025-07-01T16:57:43.284Z,1751389063.284,2018-01-27T00:00:00.000Z,1751389063.284,1|1|1,1751389063.284,...,1751389063.284,?,1751389063.284,1,1751389063.284,0,1751389063.284,1751389063.284,2018-02-17T15:58:32.547Z,1751389063.284,false,1751389063.284
13500646,days4daisy,1751389063.39,"Marvel Cinematic Universe, Thor (Movies)",1751389063.39,...,1751389063.39,...,1751389063.39,Concentrate,1751389063.39,2025-07-01T16:57:43.390Z,1751389063.39,2018-02-14T00:00:00.000Z,1751389063.39,1|1|1,1751389063.39,...,1751389063.39,?,1751389063.39,-1,1751389063.39,0,1751389063.39,1751389063.39,2018-03-04T07:02:00.830Z,1751389063.39,false,1751389063.39
13501852,Anonymous,1751389063.484,Original Work,1751389063.484,...,1751389063.484,...,1751389063.484,Her Majesty The Kraken,1751389063.484,2025-07-01T16:57:43.484Z,1751389063.484,2018-02-13T00:00:00.000Z,1751389063.484,1|1|1,1751389063.484,...,1751389063.484,?,1751389063.484,1,1751389063.484,0,1751389063.484,1751389063.484,2018-02-15T06:20:52.976Z,1751389063.484,false,1751389063.484
13505574,havisham,1751389063.572,Original Work,1751389063.572,...,1751389063.572,...,1751389063.572,Bye Bye Love,1751389063.572,2025-07-01T16:57:43.572Z,1751389063.572,2018-02-14T00:00:00.000Z,1751389063.572,1|1|1,1751389063.572,Sefton is a vampire hunter with a big secret. His brother? A vampire.,1751389063.572,2268,1751389063.572,3,1751389063.572,0,1751389063.572,1751389063.572,2019-01-06T17:31:02.831Z,1751389063.572,false,1751389063.572
13509231,havisham,1751389063.667,Original Work,1751389063.667,...,1751389063.667,...,1751389063.667,"Dreadful Sorry, Clementine",1751389063.667,2025-07-01T16:57:43.667Z,1751389063.667,2018-02-14T00:00:00.000Z,1751389063.667,1|1|1,1751389063.667,"Miss Nadine Short runs the best (and only) saloon in the tiny Western town of Sparksburg. She runs a tight ship, all things considered, but when a certain stranger rolls into town, she's willing to make an exception.",1751389063.667,2616,1751389063.667,5,1751389063.667,0,1751389063.667,1751389063.667,2019-07-23T03:05:32.000Z,1751389063.667,false,1751389063.667
13512795,certifieddyke,1751389063.755,Dishonored (Video Games),1751389063.755,...,1751389063.755,...,1751389063.755,on the crests of waves and salt of sea,1751389063.755,2025-07-01T16:57:43.755Z,1751389063.755,2019-07-08T00:00:00.000Z,1751389063.755,2|?|0,1751389063.755,Corvo begins looking for answers and the Outsider pukes a lot. Omniscience isn't all it's cracked up to be.,1751389063.755,4271,1751389063.755,3,1751389063.755,0,1751389063.755,1751389063.755,2019-07-23T11:21:12.916Z,1751389063.755,false,1751389063.755
13519158,Anonymous,1751389063.845,Original Work,1751389063.845,...,1751389063.845,...,1751389063.845,Ash and Fire,1751389063.845,2025-07-01T16:57:43.845Z,1751389063.845,2018-02-14T00:00:00.000Z,1751389063.845,1|1|1,1751389063.845,...,1751389063.845,?,1751389063.845,-1,1751389063.845,0,1751389063.845,1751389063.845,2018-02-17T07:21:51.398Z,1751389063.845,false,1751389063.845
13523700,Anonymous,1751389063.954,Original Work,1751389063.954,...,1751389063.954,...,1751389063.954,Interesting Strangers,1751389063.954,2025-07-01T16:57:43.954Z,1751389063.954,2018-02-14T00:00:00.000Z,1751389063.954,1|1|1,1751389063.954,...,1751389063.954,?,1751389063.954,1,1751389063.954,0,1751389063.954,1751389063.954,2018-02-17T15:56:01.212Z,1751389063.954,false,1751389063.954
13534074,"imperfectkreis, sova",1751389064.048,Dishonored (Video Games),1751389064.048,...,1751389064.048,...,1751389064.048,Palisade,1751389064.048,2025-07-01T16:57:44.048Z,1751389064.048,2018-01-31T00:00:00.000Z,1751389064.048,1|1|1,1751389064.048,"There is a visitor at Corvo's window. One he can't ignore. Because give the Outsider an inch, and he'll follow you for a mile.
(illustrated by sova/written by imperfectkreis)",1751389064.048,8492,1751389064.048,-1,1751389064.048,0,1751389064.048,1751389064.048,2019-05-01T16:40:24.340Z,1751389064.048,false,1751389064.048
13540098,hotmesslewis,1751389064.138,"Lewis and Clark, Historical RPF",1751389064.138,...,1751389064.138,...,1751389064.138,yelling for the sun as the water rises,1751389064.138,2025-07-01T16:57:44.138Z,1751389064.138,2018-01-31T00:00:00.000Z,1751389064.138,1|1|1,1751389064.138,An unexpected first date.,1751389064.138,2932,1751389064.138,-1,1751389064.138,0,1751389064.138,1751389064.138,2025-06-17T23:56:10.394Z,1751389064.138,false,1751389064.138
13543809,Acapulco,1751389064.647,ジョジョの奇妙な冒険 | JoJo no Kimyou na Bouken | JoJo's Bizarre Adventure,1751389064.647,...,1751389064.647,...,1751389064.647,Bringing me to you,1751389064.647,2025-07-01T16:57:44.647Z,1751389064.647,2016-09-18T00:00:00.000Z,1751389064.647,1|1|1,1751389064.647,...,1751389064.647,?,1751389064.647,-1,1751389064.647,0,1751389064.647,1751389064.647,2018-07-29T12:33:46.650Z,1751389064.647,false,1751389064.647
13545918,Small_Hobbit,1519106621,Call the Midwife,1518884573,...,,...,,Cats Know These Things,1518884573,2019-06-01T18:47:19.171Z,1559414839,2018-02-01T00:00:00.000Z,1518884573,1|1|1,1559414839,"Sitting around the kitchen table, Sister Evangelina remembers an event from 1946.",1559414839,519,1559414839,5,1518884573,1,1559414839,,2019-06-01T18:47:19.168Z,1559414839,0,1518884573
13556685,Anonymous,1518676722,Original Work,1518676722,...,,...,,Run Away with me,1518676722,2018-02-15T06:38:42.426Z,1518676722,2018-02-14T00:00:00.000Z,1518676722,1|1|1,1518676722,...,,?,,1,1518676722,1,1518676722,,2018-02-15T06:38:42.419Z,1518676722,0,1518676722
13557378,Anonymous,1518679946,Original Work,1518679946,...,,...,,Loyal to the End,1518679946,2018-02-15T07:32:25.509Z,1518679946,2018-02-14T00:00:00.000Z,1518679946,1|1|1,1518679946,...,,?,,3,1518679946,1,1518679946,,2018-02-15T07:32:25.502Z,1518679946,0,1518679946
13581306,Anonymous,1518677633,Original Work,1518677633,...,,...,,Love After Wartime,1518677633,2018-02-15T06:54:02.910Z,1518677643,2018-02-05T00:00:00.000Z,1518677633,1|1|1,1518677643,...,,?,,5,1518677633,1,1518677643,,2018-02-15T06:54:02.908Z,1518677643,0,1518677633
13586883,ragnasok,1520146980,Thor (Movies),1520146980,...,,...,,something outside me stirring,1520146980,2018-03-04T07:02:59.805Z,1520146980,2018-02-14T00:00:00.000Z,1520146980,1|1|1,1520146980,...,,?,,1,1520146980,1,1520146980,,2018-03-04T07:02:59.720Z,1520146980,0,1520146980
13594740,csoru,1520146811,Original Work,1520146811,...,,...,,creatures of snow,1520146811,2018-03-04T07:00:37.893Z,1520146838,2018-02-14T00:00:00.000Z,1520146811,1|1|1,1520146838,...,,?,,3,1520146811,1,1520146838,,2018-03-04T07:00:37.221Z,1520146838,0,1520146811
13594971,mortalcat,1520483690,Dishonored (Video Games),1520483690,...,,...,,瑟克诺斯一日间,1520483690,2018-03-08T04:34:49.809Z,1520483690,2018-02-06T00:00:00.000Z,1520483690,1|1|1,1520483690,...,,?,,-1,1520483690,0,1520483690,,2018-03-08T04:34:49.766Z,1520483690,0,1520483690
13600968,prpl_pen,1520483854,Original Work,1520483854,...,,...,,The Color of the Sea,1520483854,2018-03-08T04:37:34.222Z,1520483854,2018-02-14T00:00:00.000Z,1520483854,1|1|1,1520483854,...,,?,,0,,1,1520483854,,2018-03-08T04:37:34.141Z,1520483854,0,1520483854
13602603,MildredMost,1519106574,Original Work,1519106574,...,,...,,,1519106574,2018-02-20T06:02:55.586Z,1519106576,2018-02-14T00:00:00.000Z,1519106574,1|1|1,1519106576,...,,?,,3,1519106576,1,1519106576,,2018-02-20T06:02:55.582Z,1519106576,0,1519106574
13605636,Prinzenhasserin,1519070036,"Harry Potter - J. K. Rowling, Miss Marple - Agatha Christie",1519070036,...,,...,,The House on the Hill,1519070036,2018-02-19T19:53:55.645Z,1519070036,2018-02-07T00:00:00.000Z,1519070036,1|1|1,1519070036,...,,?,,0,1519070036,1,1519070036,,2018-02-19T19:53:55.638Z,1519070036,0,1519070036
13605729,Viella (Syene),1519106659,Gentleman Bastard Sequence - Scott Lynch,1518882299,...,,...,,Chocolate Box Exchange 2018 - Locke rhymes with cock,1518882299,2018-02-20T06:04:18.888Z,1519106659,2018-02-07T00:00:00.000Z,1518882299,1|1|1,1519106659,...,,?,,3,1518882299,1,1519106659,,2018-02-20T06:04:18.887Z,1519106659,0,1518882299
13607562,Anonymous,1518853477,Original Work,1518853477,...,,...,,A Secret Two Can Keep,1518853477,2018-02-17T07:44:37.447Z,1518853477,2018-02-14T00:00:00.000Z,1518853477,1|1|1,1518853477,...,,?,,1,1518853477,1,1518853477,,2018-02-17T07:44:37.397Z,1518853477,0,1518853477
13608156,Sath,1519071274,Gentleman Bastard Sequence - Scott Lynch,1518615460,...,,...,,Cat's out of the Bag,1518615460,2019-05-28T12:08:05.646Z,1559045286,2018-02-14T00:00:00.000Z,1518615460,1|1|1,1559045286,"Jean and Locke steal a famous cat, outwit three drunken burghers, and have a long-delayed discussion.",1545797578,5694,1545797578,5,1518615465,1,1559045286,,2019-05-28T12:08:05.422Z,1559045286,0,1518615460
13609725,RaisingCaiin,1564876038,The Silmarillion and other histories of Middle-Earth - J. R. R. Tolkien,1564876038,...,,...,,"let us go then, you and i",1564876038,2019-08-03T23:47:18.349Z,1564876038,2018-02-08T00:00:00.000Z,1564876038,1|1|1,1564876038,"Beyond the lantern-lit halls of Nargothrond, the autumn eve must be spreading out against the sky. But within - within, Bëor still has time.",1564876038,3138,1564876038,1,1564876038,1,1564876038,,2019-08-03T23:47:18.288Z,1564876038,0,1564876038
13609728,Anonymous,1518882367,Buzzfeed Unsolved (Web Series),1518882367,...,,...,,Falling For You,1518882367,2018-02-17T15:46:06.578Z,1518882367,2018-02-08T00:00:00.000Z,1518882367,1|1|1,1518882367,...,,?,,1,1518882367,1,1518882367,,2018-02-17T15:46:06.499Z,1518882367,0,1518882367
13610031,Anonymous,1518883128,Original Work,1518883128,...,,...,,Thaw,1518883128,2018-02-17T15:58:47.644Z,1518883128,2018-02-08T00:00:00.000Z,1518883128,1|1|1,1518883128,...,,?,,1,1518883128,1,1518883128,,2018-02-17T15:58:47.571Z,1518883128,0,1518883128
13610040,Nerissa,1519223074,Original Work,1519223074,...,,...,,A Place Like This,1519223074,2018-02-21T14:24:33.732Z,1519223074,2018-02-14T00:00:00.000Z,1519223074,1|1|1,1519223074,...,,?,,5,1519223074,1,1519223074,,2018-02-21T14:24:33.489Z,1519223074,0,1519223074
13616640,Anonymous,1518853748,Original Work,1518853748,...,,...,,shy of midnight,1518853748,2018-02-17T07:49:12.961Z,1518853753,2018-02-08T00:00:00.000Z,1518853748,1|1|1,1518853753,...,,?,,1,1518853753,1,1518853753,,2018-02-17T07:49:12.918Z,1518853753,0,1518853748
13618683,Anonymous,1518852935,Original Work,1518852935,...,,...,,thunders of the upper deep,1518852935,2018-02-17T07:35:35.096Z,1518852935,2018-02-14T00:00:00.000Z,1518852935,1|1|1,1518852935,...,,?,,3,1518852935,1,1518852935,,2018-02-17T07:35:35.025Z,1518852935,0,1518852935
13621716,DolphinSpirit,1548223551,Original Work,1548223551,...,,...,,Into the Abyss,1548223551,2019-01-23T06:05:50.705Z,1548223551,2019-01-22T00:00:00.000Z,1548223551,94|?|0,1548223551,"Ten years after 'Breaking the Chains,' Plutus is trying to create a military similar to the successful Hawk and Wolf program in Heracles. Renamed Eagles and Panthers, the military program isn't as successful as the one it's modeled after. The reason, because it's a system based on nepotism instead of merit. Enter the Blake family. Alphas Matt and Jason, and Beta Luke are cousins who are the hope of the Blake family of dominating the military. Already colonels, they are pressured to solve more cases than the other military families. Unfortunately, there are other factors that get in their way. Enter the Omega Connor Lawrence, Matt's mysterious secretary who wants nothing to do with the warm-hearted Alpha. Ren, a Beta Eagle who is more than eager to whip the lazy and self-destructive Jason into shape. And Kiryn, an Omega musician who thinks Luke takes life a bit too seriously.
Based in 3 cities in the fictional Dracus, this story deals with character development, family bonds and drama, dark pasts, developing relationships, and of course, smut and fluff. With some murders, espionage, and robberies thrown in.Although it's part of a series, it can be read as a stand alone.
Updates: Tuesday/Friday",1548223551,412718,1548223551,-1,1548223551,0,1548223551,,2019-01-23T06:05:50.635Z,1548223551,0,1548223551
13630836,rosefox,1519244550,Original Work,1519244550,...,,...,,Making Arrangements,1519244550,2018-02-21T20:22:29.620Z,1519244550,2018-02-14T00:00:00.000Z,1519244550,1|1|1,1519244550,...,,?,,3,1519244550,1,1519244550,,2018-02-21T20:22:29.575Z,1519244550,0,1519244550
13634718,Anonymous,1518679153,Original Work,1518679153,...,,...,,"Abduction, of Sorts",1518679153,2018-02-15T07:19:13.157Z,1518679153,2018-02-10T00:00:00.000Z,1518679153,1|1|1,1518679153,...,,?,,3,1518679153,1,1518679153,,2018-02-15T07:19:13.153Z,1518679153,0,1518679153
13635234,adrift_me,1562579458,Dishonored (Video Games),1562579458,...,,...,,Horizon Bent,1562579458,2019-07-08T09:50:58.208Z,1562579458,2018-02-10T00:00:00.000Z,1562579458,1|1|1,1562579458,"The Outsider has always longed to step in the sea, but it could never happen. Now a human, his sweetest wishes can come true. Especially with Corvo by his side.",1562579458,627,1562579458,-1,1562579458,0,1562579458,,2019-07-08T09:50:58.157Z,1562579458,0,1562579458
13635429,Anonymous,1518883106,The Silmarillion and other histories of Middle-Earth - J. R. R. Tolkien,1518883106,...,,...,,Kneeling Kiss,1518883106,2018-02-17T15:58:26.009Z,1518883106,2018-02-10T00:00:00.000Z,1518883106,1|1|1,1518883106,...,,?,,1,1518883106,1,1518883106,,2018-02-17T15:58:25.944Z,1518883106,0,1518883106
13637970,havisham,1546796201,"The Picture of Dorian Gray - Oscar Wilde, The Strange Case of Dr. Jekyll and Mr. Hyde - Robert Louis Stevenson",1546796201,...,,...,,Intaglio,1546796201,2019-06-08T03:22:54.241Z,1559964174,2018-02-14T00:00:00.000Z,1546796201,1|1|1,1559964174,Dr. Henry Jekyll makes an interesting new friend.,1546796201,1163,1546796201,5,1546796201,1,1559964174,,2019-06-08T03:22:53.996Z,1559964174,0,1546796201
13640391,Anonymous,1518675708,Original Work,1518675708,...,,...,,,1518675708,2018-02-15T06:21:51.131Z,1518675711,2018-02-14T00:00:00.000Z,1518675708,1|1|1,1518675711,...,,?,,3,1518675711,1,1518675711,,2018-02-15T06:21:51.128Z,1518675711,0,1518675708
13645359,Anonymous,1518677112,Original Work,1518677112,...,,...,,You Ought To Have It,1518677112,2018-02-15T06:45:12.127Z,1518677112,2018-02-11T00:00:00.000Z,1518677112,1|1|1,1536854793,"Aedward was only barely a king, but Aldwyn would follow him anyway.",1536854793,738,1536854793,5,1518677112,1,1518677112,,2018-02-15T06:45:12.120Z,1518677112,0,1518677112
13646181,DastardlyDaisy,1530088950,ジョジョの奇妙な冒険 | JoJo no Kimyou na Bouken | JoJo's Bizarre Adventure,1530088950,...,,...,,Assumptions,1530088950,2018-06-27T08:42:29.634Z,1530088950,2018-02-11T00:00:00.000Z,1530088950,1|1|1,1530088950,...,,?,,-1,1530088950,0,1530088950,,2018-06-27T08:42:29.598Z,1530088950,0,1530088950
13650432,havisham,1519451519,Thor (Movies),1519451519,...,,...,,"Follow Me, Follow You",1519451519,2018-02-24T05:51:58.928Z,1519451519,2018-02-14T00:00:00.000Z,1519451519,1|1|1,1536827559,"Of course, the only one besotted here was Thor. (Only Thor, and not at all Loki.)",1536827559,1576,1536827559,1,1519451519,1,1519451519,,2018-02-24T05:51:58.853Z,1519451519,0,1519451519
13650705,mortalcat,1520483697,Dishonored (Video Games),1520483697,...,,...,,The Blessed 神眷,1520483697,2018-03-08T04:35:56.294Z,1520483756,2018-02-12T00:00:00.000Z,1520483697,1|1|1,1520483756,...,,?,,-1,1520483756,0,1520483756,,2018-03-08T04:35:56.220Z,1520483756,0,1520483697
13652013,nisiedraws,1523681201,Gentleman Bastard Sequence - Scott Lynch,1523681201,...,,...,,Lean in Close,1523681201,2018-04-14T04:46:41.050Z,1523681201,2018-02-12T00:00:00.000Z,1523681201,1|1|1,1523681201,...,,?,,5,1523681201,1,1523681201,,2018-04-14T04:46:40.966Z,1523681201,0,1523681201
13652418,Anonymous,1518620444,Dishonored (Video Games),1518620444,...,,...,,Your Imperial Highness,1518620444,2018-02-14T15:00:43.670Z,1518620444,2018-02-14T00:00:00.000Z,1518620444,1|1|1,1536825483,"You will always come back, she thinks. Opposite her, Emily sits and waits. Sits in her lovely clothes, her unscarred face, her eyes as hard as Billie’s. She’s more than she was, the last time Billie rescued her. Colder, stronger, sharp as the stones that litter Dunwall’s dangerous coasts. And they are chained together by an event they both regret, that made them who they are. In a way, they made each other.",1536825483,2685,1536825483,3,1518620444,1,1518620444,,2018-02-14T15:00:43.620Z,1518620444,0,1518620444
13663818,Anonymous,1518891741,Original Work,1518891741,...,,...,,Playback,1518891741,2018-02-17T18:22:21.183Z,1518891741,2018-02-13T00:00:00.000Z,1518891741,1|1|1,1518891741,...,,?,,-1,1518891741,0,1518891741,,2018-02-17T18:22:21.107Z,1518891741,0,1518891741
13664295,Anonymous,1518678525,Original Work,1518678525,...,,...,,(Not Such a) Dead-End Job,1518678525,2018-02-15T07:08:45.171Z,1518678525,2018-02-14T00:00:00.000Z,1518678525,1|1|1,1518678525,...,,?,,5,1518678525,1,1518678525,,2018-02-15T07:08:45.164Z,1518678525,0,1518678525
13664331,Anonymous,1518884519,Original Work,1518884519,...,,...,,Fool's Gold,1518884519,2018-02-18T05:53:54.779Z,1518933235,2018-02-13T00:00:00.000Z,1518884519,1|1|1,1518933235,...,,?,,1,1518884519,1,1518933235,,2018-02-18T05:53:54.775Z,1518933235,0,1518884519
13669677,Anonymous,1518852987,Original Work,1518852987,...,,...,,Take Off Your Mask,1518852987,2018-02-17T07:36:27.003Z,1518852987,2018-02-14T00:00:00.000Z,1518852987,1|1|1,1518852987,...,,?,,-1,1518852987,0,1518852987,,2018-02-17T07:36:26.941Z,1518852987,0,1518852987
13669998,Anonymous,1518883169,Star Wars Sequel Trilogy,1518883169,...,,...,,Two kisses,1518883169,2018-02-17T15:59:29.285Z,1518883169,2018-02-13T00:00:00.000Z,1518883169,1|1|1,1518883169,...,,?,,1,1518883169,1,1518883169,,2018-02-17T15:59:29.240Z,1518883169,0,1518883169
13674099,Anonymous,1518847198,Original Work,1518847198,...,,...,,,1518847198,2018-02-17T18:42:59.974Z,1518892980,2018-02-14T00:00:00.000Z,1518847198,1|1|1,1518892980,...,,?,,5,1518892980,1,1518892980,,2018-02-17T18:42:59.970Z,1518892980,0,1518847198
13674201,Anonymous,1518676822,Original Work,1518676822,...,,...,,What Was Plain and Simple,1518676822,2018-02-15T06:40:22.369Z,1518676822,2018-02-14T00:00:00.000Z,1518676822,1|1|1,1536847563,Dust had settled into her clothes and collected in the sweat on her lined face.  The barkeep thought she looked like some kind of trouble.  The good kind or the bad - she wasn't sure which.,1536847563,469,1536847563,5,1518676822,1,1518676822,,2018-02-15T06:40:22.360Z,1518676822,0,1518676822
13676256,nisiedraws,1546020769,Gentleman Bastard Sequence - Scott Lynch,1546020769,...,,...,,between a rock and a hard place,1546020769,2018-12-28T18:13:15.102Z,1546020795,2018-02-14T00:00:00.000Z,1546020769,1|1|1,1546020795,In which doublets are abused and hoses are ruined.,1546020769,?,1546020769,5,1546020769,1,1546020795,,2018-12-28T18:13:14.814Z,1546020795,0,1546020769
13676850,Anonymous,1518667541,Overwatch (Video Game),1518667541,...,,...,,Teach Me,1518667541,2018-02-15T04:05:40.777Z,1518667541,2018-02-14T00:00:00.000Z,1518667541,1|1|1,1536853607,Be one with the darkness.,1536853607,?,,3,1518667541,1,1518667541,,2018-02-15T04:05:40.776Z,1518667541,0,1518667541
13690668,hotmesslewis,1750204251,"Lewis and Clark, Historical RPF",1750204251,...,,...,,this fool doesn't mind,1750204251,2025-06-17T23:50:50.580Z,1750204251,2018-02-15T00:00:00.000Z,1750204251,1|1|1,1750204251,His governing passions.,1750204251,3252,1750204251,3,1750204251,1,1750204251,,2025-06-17T23:50:50.579Z,1750204251,0,1750204251
13694196,jaypronouncedgay,1556335792,Dishonored (Video Games),1556335792,...,,...,,The light by which my spirit is born,1556335792,2019-07-16T03:16:12.040Z,1563246972,2018-02-15T00:00:00.000Z,1556335792,2|2|1,1563246972,"The Outsider always did tease Corvo, perhaps he just never noticed it before. Set a few months after the end of D1(freebie) commission piece done for Kirkwall's Angriest Elf on tumblr ; posted with permission.",1556335792,6069,1556335792,1,1556335792,2,1563246972,,2019-07-16T03:16:11.692Z,1563246972,0,1556335792
13699950,Anonymous,1518852022,Original Work,1518852022,...,,...,,I See A Darkness,1518852022,2018-02-17T07:20:22.336Z,1518852022,2018-02-16T00:00:00.000Z,1518852022,1|1|1,1518852022,...,,?,,1,1518852022,1,1518852022,,2018-02-17T07:20:22.249Z,1518852022,0,1518852022
13715988,allyoops,1520148091,Original Work,1520148091,...,,...,,Riparian Exercises,1520148091,2018-03-04T07:21:31.370Z,1520148091,2018-02-16T00:00:00.000Z,1520148091,1|1|1,1520148091,...,,?,,1,1520148091,1,1520148091,,2018-03-04T07:21:31.308Z,1520148091,0,1520148091
13720818,selfetish,1534685822,ジョジョの奇妙な冒険 | JoJo no Kimyou na Bouken | JoJo's Bizarre Adventure,1534685822,...,,...,,only the dead stay seventeen forever,1534685822,2018-08-19T13:37:02.425Z,1534685822,2018-05-28T00:00:00.000Z,1534685822,8|?|0,1534685822,...,,?,,-1,1534685822,0,1534685822,,2018-08-19T13:37:02.358Z,1534685822,0,1534685822
13725177,gwenfrankenstien,1556240427,Alpennia Series - Heather Rose Jones,1556240427,...,,...,,a state of enlightenment and bliss,1556240427,2019-04-26T01:00:26.991Z,1556240427,2018-02-18T00:00:00.000Z,1556240427,1|1|1,1556240427,"Ink drawing of Jeanne and Antuniet.
""The secrets of alchemy exist to transform mortals from a state of suffering and ignorance to a state of enlightenment and bliss.” -- Deepak Chopra, The Way Of The Wizard",1556240427,?,1556240427,1,1556240427,1,1556240427,,2019-04-26T01:00:26.989Z,1556240427,0,1556240427
13744242,FandomlessFangirl,1534609930,ジョジョの奇妙な冒険 | JoJo no Kimyou na Bouken | JoJo's Bizarre Adventure,1534609930,...,,...,,"Casual Delinquent, and Rookie Cop",1534609930,2018-08-18T16:32:09.710Z,1534609930,2018-04-01T00:00:00.000Z,1534609930,4|?|0,1534609930,...,,?,,-1,1534609930,0,1534609930,,2018-08-18T16:32:09.669Z,1534609930,0,1534609930
13750377,imaginarykat,1556729185,Dishonored (Video Games),1556729185,...,,...,,golden guarded soul,1556729185,2019-05-01T16:46:24.914Z,1556729185,2018-02-20T00:00:00.000Z,1556729185,1|1|1,1556729185,Corvo kisses a god.,1556729185,1338,1556729185,1,1556729185,1,1556729185,,2019-05-01T16:46:24.838Z,1556729185,0,1556729185
13760010,MikiGary,1531481504,ジョジョの奇妙な冒険 | JoJo no Kimyou na Bouken | JoJo's Bizarre Adventure,1531481504,...,,...,,蓄谋已久和破绽百出,1531481504,2018-07-13T11:31:44.139Z,1531481504,2018-02-21T00:00:00.000Z,1531481504,1|1|1,1531481504,...,,?,,-1,1531481504,0,1531481504,,2018-07-13T11:31:44.112Z,1531481504,0,1531481504
13791735,hotmesslewis,1750204655,"Lewis and Clark, Historical RPF",1750204655,...,,...,,tell tale signs,1750204655,2025-06-17T23:57:34.834Z,1750204655,2018-02-25T00:00:00.000Z,1750204655,1|1|1,1750204655,Billy and Meri learn a couple of new things about each other.,1750204655,1171,1750204655,-1,1750204655,0,1750204655,,2025-06-17T23:57:34.831Z,1750204655,0,1750204655
13828278,RaisingCaiin,1564787899,The Silmarillion and other histories of Middle-Earth - J. R. R. Tolkien,1564787899,...,,...,,no expertise could tell me,1564787899,2019-08-02T23:18:18.686Z,1564787899,2018-02-28T00:00:00.000Z,1564787899,1|1|1,1564787899,"He knows what is happening as soon as he wakes, shivering, his head aching and his body wracked with chills. The caves that make up Nom’s kingdom are cool and dark, soothing, in the scorching heat of summer, but in the depths of winter? Oh, then they become ice-traps, retaining every breath of frigid air and somehow chilling it even further, so that even the weather-immune Eldar begin to shoe their feet and wear slightly heavier robes. For Bëor, a mere Man, so far from his people and their preventative remedies?Of course he would catch a cold.",1564787899,1970,1564787899,3,1564787899,1,1564787899,,2019-08-02T23:18:18.633Z,1564787899,0,1564787899
13841595,no_confidence,1520483731,Dishonored (Video Games),1520483731,...,,...,,пепел и тоска,1520483731,2018-03-08T04:35:31.441Z,1520483731,2018-03-02T00:00:00.000Z,1520483731,1|1|1,1520483731,...,,?,,-1,1520483731,0,1520483731,,2018-03-08T04:35:31.386Z,1520483731,0,1520483731
13841880,LuckyDiceKirby,1556755678,Dishonored (Video Games),1556755678,...,,...,,i can't get the balance right,1556755678,2019-07-25T03:50:46.683Z,1564026647,2018-03-02T00:00:00.000Z,1556755678,1|1|1,1564026647,"The Outsider tilts his head. “Are you angry, Corvo?”Corvo thinks that the Outsider, if he was the kind of person that could get scabs, would probably be the sort to pick at them. “Let’s see. I don’t know. What do I have to be angry about? That someone with your Mark killed Jessamine? That you gave me these powers and let me run around this entire city like a rat in a maze, because you wanted to see what would happen? Because you couldn’t bring yourself to leave Jessamine alone, even in death?”",1556755678,2048,1556755678,3,1556755678,1,1564026647,,2019-07-25T03:50:46.587Z,1564026647,0,1556755678
13850361,Biscay,1559436814,Call the Midwife,1559436814,...,,...,,Close to Home,1559436814,2019-06-02T00:53:34.219Z,1559436814,2018-03-02T00:00:00.000Z,1559436814,1|1|1,1559436814,"When Valerie was seven, she wanted to work on the docks.",1559436814,2315,1559436814,5,1559436814,1,1559436814,,2019-06-02T00:53:34.213Z,1559436814,0,1559436814
13850883,jayjaybee,1559420837,Call the Midwife,1559420837,...,,...,,Violet Creams,1559420837,2019-06-01T20:27:17.363Z,1559420837,2018-03-02T00:00:00.000Z,1559420837,1|1|1,1559420837,Set in 7.5. Val gets a telling off.,1559420837,823,1559420837,1,1559420837,1,1559420837,,2019-06-01T20:27:17.361Z,1559420837,0,1559420837
13863963,TheRisingValkyrie,1520483729,Dishonored (Video Games),1520483729,...,,...,,Просто сон,1520483729,2018-03-08T04:35:28.686Z,1520483729,2018-03-04T00:00:00.000Z,1520483729,1|1|1,1520483729,...,,?,,-1,1520483729,0,1520483729,,2018-03-08T04:35:28.651Z,1520483729,0,1520483729
13864050,TheRisingValkyrie,1520483726,Dishonored (Video Games),1520483726,...,,...,,Береги себя,1520483726,2018-03-08T04:35:26.426Z,1520483726,2018-03-04T00:00:00.000Z,1520483726,1|1|1,1520483726,...,,?,,-1,1520483726,0,1520483726,,2018-03-08T04:35:26.380Z,1520483726,0,1520483726
13864122,TheRisingValkyrie,1520483347,Dishonored (Video Games),1520483347,...,,...,,Добро пожаловать в мой мир,1520483347,2018-03-08T04:29:07.243Z,1520483347,2018-03-04T00:00:00.000Z,1520483347,1|1|1,1520483347,...,,?,,-1,1520483347,0,1520483347,,2018-03-08T04:29:07.171Z,1520483347,0,1520483347
13864176,TheRisingValkyrie,1520483350,Dishonored (Video Games),1520483350,...,,...,,Человек,1520483350,2018-03-08T04:29:09.612Z,1520483350,2018-03-04T00:00:00.000Z,1520483350,1|1|1,1520483350,...,,?,,-1,1520483350,0,1520483350,,2018-03-08T04:29:09.560Z,1520483350,0,1520483350
13864245,TheRisingValkyrie,1520483723,Dishonored (Video Games),1520483723,...,,...,,Русал,1520483723,2018-03-08T04:35:22.755Z,1520483723,2018-03-04T00:00:00.000Z,1520483723,1|1|1,1520483723,...,,?,,-1,1520483723,0,1520483723,,2018-03-08T04:35:22.702Z,1520483723,0,1520483723
13869453,Sangrill,1520483720,Dishonored (Video Games),1520483720,...,,...,,Защитник,1520483720,2018-03-08T04:35:20.280Z,1520483720,2018-03-04T00:00:00.000Z,1520483720,1|9|0,1520483720,...,,?,,-1,1520483720,0,1520483720,,2018-03-08T04:35:20.239Z,1520483720,0,1520483720
13869480,Vacillating,1551183823,Sins of the Cities Series - K. J. Charles,1551183823,...,,...,,Ready and Waiting,1551183823,2019-02-26T12:23:43.161Z,1551183823,2018-03-04T00:00:00.000Z,1551183823,1|1|1,1551183823,"Nathaniel hadn’t known what to expect when he invited Justin, and Sukey and Emma, to come to Harpenden for Christmas. He certainly hadn’t been expecting this... but he is going to enjoy it. In short: Justin likes to experiment - on Nathaniel.",1551183823,971,1551183823,5,1551183823,1,1551183823,,2019-02-26T12:23:43.120Z,1551183823,0,1551183823
13878786,roseandheather,1559420609,Call the Midwife,1559420609,...,,...,,When Shadows Fill Our Day,1559420609,2019-06-01T20:23:28.889Z,1559420609,2018-03-05T00:00:00.000Z,1559420609,1|1|1,1559420609,"Val doesn't believe in God. Maybe she did, once, before any trace of faith was seared away by war and loss and grief. Maybe she did before she watched good men die, men she couldn't save, men who begged for their mothers and sobbed with agony, men who died weeping or lived forever maimed.She doesn't believe in God, but she knows Lucille does, and hopes that it helps her. Hopes that it gives her some comfort, some grace.She thinks Barbara would approve of that, if anyone would.",1559420609,811,1559420609,3,1559420609,1,1559420609,,2019-06-01T20:23:28.885Z,1559420609,0,1559420609
13879074,Vacillating,1551183568,Sins of the Cities Series - K. J. Charles,1551183568,...,,...,,I want you make me cry,1551183568,2019-02-26T12:19:27.641Z,1551183568,2018-03-05T00:00:00.000Z,1551183568,1|1|1,1551183568,"Justin misses the emotional turmoil of the early stages of their relationship, and Nathaniel has to work out how to look after him.",1551183568,1652,1551183568,-1,1551183568,0,1551183568,,2019-02-26T12:19:27.563Z,1551183568,0,1551183568
13880604,tveckling,1556710729,Dishonored (Video Games),1556710729,...,,...,,Date,1556710729,2019-05-01T11:38:49.417Z,1556710729,2018-03-05T00:00:00.000Z,1556710729,1|1|1,1556710729,"The Heart of the Abyss, in a theater near you! Get tickets now!",1556710729,845,1556710729,-1,1556710729,0,1556710729,,2019-05-01T11:38:49.341Z,1556710729,0,1556710729
13880643,tveckling,1520483715,Dishonored (Video Games),1520483715,...,,...,,Breathe,1520483715,2018-03-08T04:35:14.551Z,1520483715,2018-03-05T00:00:00.000Z,1520483715,1|1|1,1520483715,...,,?,,-1,1520483715,0,1520483715,,2018-03-08T04:35:14.472Z,1520483715,0,1520483715
13889736,ChiaWrites,1559420682,Call the Midwife,1559420682,...,,...,,How sweet the sound,1559420682,2019-06-01T20:24:42.455Z,1559420682,2018-03-06T00:00:00.000Z,1559420682,1|1|1,1559420682,"Ever since Lucille had mentioned singing a solo in Church, Valerie had been curious to hear what she sounded like.'",1559420682,1019,1559420682,1,1559420682,1,1559420682,,2019-06-01T20:24:42.454Z,1559420682,0,1559420682
13889919,adrift_me,1562579540,Dishonored (Video Games),1562579540,...,,...,,Drink In The Golden Hour,1562579540,2019-07-08T09:52:19.530Z,1562579540,2018-03-06T00:00:00.000Z,1562579540,1|1|1,1562579540,"Corvo didn't have a chance to rest for months after restoring Emily to the throne. It is on the beach, fingers deep in sand grains and sunlight kissing his face, that he relaxes. But it is not just sunlight that kisses him...",1562579540,895,1562579540,-1,1562579540,0,1562579540,,2019-07-08T09:52:19.445Z,1562579540,0,1562579540
13962771,tveckling,1563035445,Dishonored (Video Games),1563035445,...,,...,,242. Starry Night,1563035445,2019-07-13T16:30:45.019Z,1563035445,2018-03-13T00:00:00.000Z,1563035445,1|1|1,1563035445,"Corvo wasn't expecting any company when he came up to the roof. It was a place he usually came to when he wanted to be alone and as far as he was aware no one else knew that the secret passage even existed. But then, the Outsider wasn't any normal person. Of course he knew.",1563035445,1353,1563035445,3,1563035445,1,1563035445,,2019-07-13T16:30:44.953Z,1563035445,0,1563035445
13983006,tveckling,1535204496,Dishonored (Video Games),1535204496,...,,...,,253. Called Out in the Dark,1535204496,2018-08-25T13:41:35.775Z,1535204496,2018-03-15T00:00:00.000Z,1535204496,1|1|1,1535204496,...,,?,,3,1535204496,1,1535204496,,2018-08-25T13:41:35.723Z,1535204496,0,1535204496
13985661,NowSeeHere,1559649062,Call the Midwife,1559649062,...,,...,,Stargazers,1559649062,2019-06-04T11:51:04.806Z,1559649065,2018-03-16T00:00:00.000Z,1559649062,18|18|1,1559649065,"Fresh out of the Army, Valerie Dyer is at a loss of what to do with herself. Uncertain with her future, she falls into a habit of drinking and feeling sorry for herself until a cute librarian with a smile so sweet it could make the flowers grow gives her some motivation and a reason to get out of bed everyday and do something with her life.Lucille x Valerie, with eventual Delia x Patsy and Trixie x Barbara in later chapters. Modern-Era, Non-Canon, Valerie's POV. Updates Fridays.   Special Pupcake Only Chapters 11 and 12!",1559649062,166687,1559649062,-1,1559649065,0,1559649065,,2019-06-04T11:51:04.737Z,1559649065,0,1559649062
13997727,happinessfordeeppeople (Aura0190),1535204364,Dishonored (Video Games),1535204364,...,,...,,A Lesson in Fear  Love.,1564026631,2019-07-25T03:50:30.830Z,1564026631,2018-03-18T00:00:00.000Z,1535204364,2|2|1,1564026631,Post DOTO. The Outsider is a tad scared of facing Corvo as a human. Billie is done with all this pining. And Emily totally ships them.,1564026631,2696,1564026631,3,1535204364,2,1564026631,,2019-07-25T03:50:30.685Z,1564026631,0,1535204364
14014866,MikiGary,1531481486,ジョジョの奇妙な冒険 | JoJo no Kimyou na Bouken | JoJo's Bizarre Adventure,1531481486,...,,...,,You only live once,1531481486,2018-07-13T11:31:25.819Z,1531481486,2018-03-18T00:00:00.000Z,1531481486,1|1|1,1531481486,...,,?,,-1,1531481486,0,1531481486,,2018-07-13T11:31:25.763Z,1531481486,0,1531481486
14020038,Libelli,1546020680,"Kingkiller Chronicles - Patrick Rothfuss, Gentleman Bastard Sequence - Scott Lynch",1546020680,...,,...,,Two Fantasy Idiots Talk to Each Other,1546020680,2018-12-28T18:11:20.111Z,1546020680,2018-07-18T00:00:00.000Z,1546020680,4|?|0,1546020680,Locke Lamora and Kvothe. Different universes. Different stories. Different careers. But are the two characters themselves that different?,1546020680,1031,1546020680,-1,1546020680,0,1546020680,,2018-12-28T18:11:20.045Z,1546020680,0,1546020680
14032170,krizzle,1556710696,Dishonored (Video Games),1556710696,...,,...,,don't worry (i'm the outsider),1556710696,2019-05-01T11:38:16.227Z,1556710696,2018-03-20T00:00:00.000Z,1556710696,1|1|1,1556710696,The Outsider was first and foremost an observer. Then Corvo Attano happened.,1556710696,272,1556710696,-1,1556710696,0,1556710696,,2019-05-01T11:38:16.197Z,1556710696,0,1556710696
14036889,bluebeholder,1556710690,"Dishonored (Video Games), Fantastic Beasts and Where to Find Them (Movies)",1556710690,...,,...,,The Spring Equinox,1556710690,2019-05-01T11:38:10.059Z,1556710690,2018-03-20T00:00:00.000Z,1556710690,1|2|0,1556710690,"More than one lord among the fair folk has a mortal lover. It's Corvo's first time attending a revel like this, and of course he's there on the Equinox. It's going to be a wild night.",1556710690,1658,1556710690,-1,1556710690,0,1556710690,,2019-05-01T11:38:10.018Z,1556710690,0,1556710690
14055147,Gianeya,1535203427,Dishonored (Video Games),1535203427,...,,...,,Все или ничего,1535203427,2018-08-25T13:23:46.695Z,1535203427,2018-03-22T00:00:00.000Z,1535203427,2|2|1,1535203427,...,,?,,-1,1535203427,0,1535203427,,2018-08-25T13:23:46.564Z,1535203427,0,1535203427
14056653,bluebeholder,1556755770,Dishonored (Video Games),1556755770,...,,...,,Where the Stars Dance,1556755770,2019-05-02T00:09:30.058Z,1556755770,2018-03-22T00:00:00.000Z,1556755770,1|1|1,1556755770,"A year after the Outsider arrives at Dunwall Tower, freed from the Void and human again, there's a celebration. It's not for him, so to speak, but Corvo is intent on celebrating him all the same. What's a romance without a proper dance?",1556755770,3208,1556755770,1,1556755770,1,1556755770,,2019-05-02T00:09:29.986Z,1556755770,0,1556755770
14064777,jury,1526886895,Original Work,1526886895,...,,...,,Nocēre,1526886895,2018-05-21T07:14:55.156Z,1526886895,2018-04-20T00:00:00.000Z,1526886895,1|1|1,1526886895,...,,?,,5,1526886895,1,1526886895,,2018-05-21T07:14:55.064Z,1526886895,0,1526886895
14072121,voidslantern,1559791603,Dishonored (Video Games),1559791603,...,,...,,I've Seen How You've Received Each One,1559791603,2019-06-06T03:26:42.956Z,1559791603,2018-03-23T00:00:00.000Z,1559791603,1|1|1,1559791603,A beautiful artwork by wehavekookies on tumbr (http://wehavekookies.tumblr.com/post/163658551234/i-give-up) has inspired me to write this.,1559791603,476,1559791603,1,1559791603,1,1559791603,,2019-06-06T03:26:42.877Z,1559791603,0,1559791603
14087952,HostisHumaniGeneris,1526959636,Original Work,1526959636,...,,...,,The Hitchhiker,1526959636,2018-05-22T03:27:15.853Z,1526959636,2018-03-25T00:00:00.000Z,1526959636,1|1|1,1526959636,...,,?,,1,1526959636,1,1526959636,,2018-05-22T03:27:15.720Z,1526959636,0,1526959636
14137170,LeFeuNoir,1529449035,Original Work,1529449035,...,,...,,Delightful Piece of Skill,1529449035,2018-06-19T22:57:14.916Z,1529449035,2018-04-22T00:00:00.000Z,1529449035,1|1|1,1529449035,...,,?,,3,1529449035,1,1529449035,,2018-06-19T22:57:14.802Z,1529449035,0,1529449035
14159541,adrift_me,1556710539,Dishonored (Video Games),1556710539,...,,...,,Swing It!,1556710539,2019-05-01T11:35:39.122Z,1556710539,2018-04-13T00:00:00.000Z,1556710539,5|5|1,1556710539,"Little does Corvo expect from visiting one of Emily's showcase dance parties at the dancing studio, but falling in love with a talented swing dance instructor is not it.Yet another cheesy slowburn-ish trope fic.",1556710539,9208,1556710539,-1,1556710539,0,1556710539,,2019-05-01T11:35:39.084Z,1556710539,0,1556710539
14161458,Gianeya,1562539203,Dishonored (Video Games),1562539203,...,,...,,I want it all or not at all,1562539203,2019-07-07T22:40:03.016Z,1562539203,2018-03-31T00:00:00.000Z,1562539203,1|1|1,1562539203,"The Outsider is writhing on the stone altar, throwing his head back, and Corvo’s hands tremble.",1562539203,1066,1562539203,1,1562539203,1,1562539203,,2019-07-07T22:40:02.968Z,1562539203,0,1562539203
14176452,MikiGary,1531481466,ジョジョの奇妙な冒険 | JoJo no Kimyou na Bouken | JoJo's Bizarre Adventure,1531481466,...,,...,,不褪高热,1531481466,2018-07-13T11:31:06.202Z,1531481466,2018-04-01T00:00:00.000Z,1531481466,1|1|1,1531481466,...,,?,,-1,1531481466,0,1531481466,,2018-07-13T11:31:06.133Z,1531481466,0,1531481466
14179458,KarnacasRaven,1556710457,Dishonored (Video Games),1556710457,...,,...,,Slivers of the Void,1556710457,2019-05-01T11:34:16.670Z,1556710457,2018-04-25T00:00:00.000Z,1556710457,14|?|0,1556710457,A collection of short Corvosider pieces from prompts or requests on tumblr.,1556710457,8290,1556710457,-1,1556710457,0,1556710457,,2019-05-01T11:34:16.630Z,1556710457,0,1556710457
14180304,KonoTsunfish,1530676953,ジョジョの奇妙な冒険 | JoJo no Kimyou na Bouken | JoJo's Bizarre Adventure,1530676953,...,,...,,The Bad Touch,1530676953,2018-07-04T04:02:32.608Z,1530676953,2018-04-09T00:00:00.000Z,1530676953,2|3|0,1530676953,...,,?,,-1,1530676953,0,1530676953,,2018-07-04T04:02:32.559Z,1530676953,0,1530676953
14186325,MikiGary,1531481470,ジョジョの奇妙な冒険 | JoJo no Kimyou na Bouken | JoJo's Bizarre Adventure,1531481470,...,,...,,Tell me what your name is,1531481470,2018-07-13T11:31:09.609Z,1531481470,2018-04-02T00:00:00.000Z,1531481470,1|1|1,1531481470,...,,?,,-1,1531481470,0,1531481470,,2018-07-13T11:31:09.556Z,1531481470,0,1531481470
14198790,Devin Cage (shiny_silver_socks),1547904224,Original Work,1525259483,...,,...,,A Bride Most Scandalous,1525259483,2019-06-11T02:41:33.210Z,1560220893,2018-04-28T00:00:00.000Z,1525259483,1|1|1,1560220893,"At the request of his beloved twin sister, Frederick Avington agrees to wear a wedding dress and pose as fiancée to Lord Montcroix. It's only supposed to be a distraction, to allow her the time she needs to elope with her lover, but before he can stop it, he finds himself legally Baroness Montcroix. William Montcroix, newly titled and back in England after spending years fighting Napoleon's forces, has resigned himself to a loveless marriage with a woman he's never met. But the woman to whom he finds himself married isn't a woman at all--and he can't say he minds.",1547904224,8749,1547904224,5,1525259483,1,1560220893,,2019-06-11T02:41:32.748Z,1560220893,0,1525259483
14200701,victortor,1571999807,魔道祖师 - 墨香铜臭 | Módào Zǔshī - Mòxiāng Tóngxiù,1571999807,...,,...,,"swords, i guess",1571999807,2019-10-25T10:36:47.285Z,1571999807,2018-08-10T00:00:00.000Z,1571999807,2|2|1,1571999807,"Ying is a sword spirit and Jiang Cheng is his wielder. This wasn't always true.(Russian translation on ao3/ficbook, by MayaBill.)",1571999807,26830,1571999807,-1,1571999807,0,1571999807,,2019-10-25T10:36:47.250Z,1571999807,0,1571999807
14254560,KarnacasRaven,1562470166,Dishonored (Video Games),1562470166,...,,...,,The Interludes,1562470166,2019-07-07T03:29:25.686Z,1562470166,2018-04-08T00:00:00.000Z,1562470166,1|1|1,1562470166,"While Emily Kaldwin tears apart Delilah's inner circle, Corvo Attano's spirit roams the Void.",1562470166,2935,1562470166,5,1562470166,1,1562470166,,2019-07-07T03:29:25.581Z,1562470166,0,1562470166
14256669,adrift_me,1556775265,Dishonored (Video Games),1556775265,...,,...,,The Void Is Empty And The God Is Here,1556775265,2019-05-02T05:34:24.621Z,1556775265,2018-04-08T00:00:00.000Z,1556775265,1|1|1,1556775265,"What if Corvo Attano has kept the Twin-Bladed knife when it fell to his possession in Dunwall some years ago? What if it is at his hand that the Eyeless and the Envisioned fall? And what if begging Daud to whisper the Outsider's name is Corvo's priority, as well as to hold the said god, now freed, in his arms?",1556775265,2839,1556775265,1,1556775265,1,1556775265,,2019-05-02T05:34:24.547Z,1556775265,0,1556775265
14257197,thescentofdustafterrain,1559502210,Call the Midwife,1559502210,...,,...,,"From Mandeville, with Love",1559502210,2019-06-02T19:03:29.843Z,1559502210,2018-04-19T00:00:00.000Z,1559502210,2|?|0,1559502210,"Lucille and Valerie can't avoid each other forever, but are either of them brave enough to confront their feelings?",1559502210,3208,1559502210,1,1559502210,,1559502210,,2019-06-02T19:03:29.761Z,1559502210,0,1559502210
14268204,ladyhoneydarlinglove,1556796959,Dishonored (Video Games),1556796959,...,,...,,Celebration,1556796959,2019-05-02T11:35:59.368Z,1556796959,2018-04-09T00:00:00.000Z,1556796959,1|1|1,1556796959,"When Emily celebrates her 27th birthday, the former Outsider realizes he's never had one.",1556796959,2003,1556796959,-1,1556796959,0,1556796959,,2019-05-02T11:35:59.294Z,1556796959,0,1556796959
14271324,thescrewtapedemos,1556842165,Dishonored (Video Games),1556842165,...,,...,,survivre à la guerre,1556842165,2019-07-26T11:19:57.298Z,1564139997,2018-04-10T00:00:00.000Z,1556842165,1|1|1,1564139997,The Outsider gives him gifts. Corvo has no idea at all what they mean.,1556842165,13070,1556842165,5,1556842193,1,1564139997,,2019-07-26T11:19:56.929Z,1564139997,0,1556842165
14274282,sweetcarolanne,1526959828,Original Work,1526959828,...,,...,,I'll Call You Zsa Zsa,1526959828,2018-05-22T03:30:27.758Z,1526959828,2018-04-28T00:00:00.000Z,1526959828,1|1|1,1526959828,...,,?,,-1,1526959828,0,1526959828,,2018-05-22T03:30:27.642Z,1526959828,0,1526959828
14280774,GlamMoose,1548223532,"The Sims (Video Games), The Sims 4 - Fandom, Original Work",1548223532,...,,...,,Episode Twenty-three,1548223532,2019-01-23T06:05:32.324Z,1548223532,2018-05-19T00:00:00.000Z,1548223532,8|8|1,1548223532,...,,4965,1548223532,-1,1548223532,0,1548223532,,2019-01-23T06:05:32.289Z,1548223532,0,1548223532
14302599,justants2018,1525344814,Original Work,1525344814,...,,...,,Turnabout,1525344814,2018-05-03T10:53:33.872Z,1525344814,2018-04-22T00:00:00.000Z,1525344814,1|1|1,1525344814,...,,?,,5,1525344814,1,1525344814,,2018-05-03T10:53:33.814Z,1525344814,0,1525344814
14305764,Anonymous,1524465603,A Charm of Magpies Series - K. J. Charles,1524465603,...,,...,,Two for Joy,1524465603,2018-04-23T06:40:02.930Z,1524465603,2018-04-13T00:00:00.000Z,1524465603,1|1|1,1524465603,...,,?,,1,1524465603,1,1524465603,,2018-04-23T06:40:02.854Z,1524465603,0,1524465603
14315052,Anonymous,1524437724,A Charm of Magpies Series - K. J. Charles,1524437724,...,,...,,Swooping Season,1524437724,2018-04-22T22:55:24.436Z,1524437724,2018-04-14T00:00:00.000Z,1524437724,1|1|1,1524437724,...,,?,,3,1524437724,1,1524437724,,2018-04-22T22:55:24.378Z,1524437724,0,1524437724
14318778,Sath,1525655204,Original Work,1525655204,...,,...,,In Like a Lion,1525655204,2018-05-07T01:06:43.980Z,1525655204,2018-04-21T00:00:00.000Z,1525655204,1|1|1,1525655204,...,,?,,1,1525655204,1,1525655204,,2018-05-07T01:06:43.928Z,1525655204,0,1525655204
14318937,Anonymous,1524436245,Original Work,1524436245,...,,...,,Praise Be Unto You,1524436245,2018-04-22T22:30:45.108Z,1524436245,2018-04-14T00:00:00.000Z,1524436245,1|1|1,1524436245,...,,?,,5,1524436245,1,1524436245,,2018-04-22T22:30:45.042Z,1524436245,0,1524436245
14319489,Anonymous,1524435326,Original Work,1524435326,...,,...,,"I'm a Sexy Tiger, I Swear!",1524435326,2018-04-22T22:15:26.358Z,1524435326,2018-04-14T00:00:00.000Z,1524435326,1|1|1,1524435326,...,,?,,3,1524435326,1,1524435326,,2018-04-22T22:15:26.300Z,1524435326,0,1524435326
14319888,Anonymous,1524434601,Original Work,1524434601,...,,...,,your blessings,1524434601,2018-04-22T22:03:21.438Z,1524434601,2018-04-14T00:00:00.000Z,1524434601,1|1|1,1524434601,...,,?,,1,1524434601,1,1524434601,,2018-04-22T22:03:21.370Z,1524434601,0,1524434601
14324442,mortalcat,1556710528,Dishonored (Video Games),1556710528,...,,...,,Karma 报偿,1556710528,2019-05-01T11:35:28.150Z,1556710528,2018-04-15T00:00:00.000Z,1556710528,1|1|1,1556710528,海洋把他送了回来，仿佛要予我多年的虔诚和多年前的痛失以报偿。,1556710528,5181,1556710528,-1,1556710528,0,1556710528,,2019-05-01T11:35:28.105Z,1556710528,0,1556710528
14335716,KonoTsunfish,1529228288,ジョジョの奇妙な冒険 | JoJo no Kimyou na Bouken | JoJo's Bizarre Adventure,1529228288,...,,...,,3,1529228288,2018-06-17T09:38:07.764Z,1529228288,2018-04-16T00:00:00.000Z,1529228288,1|1|1,1529228288,...,,?,,-1,1529228288,0,1529228288,,2018-06-17T09:38:07.731Z,1529228288,0,1529228288
14337858,lazylurker,1571999815,"The Grandmaster of Demonic Cultivation, The Founder of Diabolism, 魔道祖师 - 墨香铜臭 | Módào Zǔshī - Mòxiāng Tóngxiù",1571999815,...,,...,,Winter embracing Spring [入雪逢春],1571999815,2019-10-25T10:36:54.914Z,1571999815,2018-06-29T00:00:00.000Z,1571999815,10|?|0,1571999815,A translation of [[入雪逢春]] by the lovely 夕烧. An ABO twist to the canon verse.,1571999815,12763,1571999815,-1,1571999815,0,1571999815,,2019-10-25T10:36:54.901Z,1571999815,0,1571999815
14340663,Isis,1545867806,Gentleman Bastard Sequence - Scott Lynch,1524386557,...,,...,,Tentacle Show,1524386557,2019-06-16T12:51:07.310Z,1560689467,2018-04-17T00:00:00.000Z,1524386557,1|1|1,1560689467,"“I wouldn’t try it,” said Capa Barsavi mildly. “The kraken is Lamora’s punishment for playing with my daughter’s heart.  Yours, pezon, is to watch.”",1545867806,3868,1545867806,5,1524386557,1,1560689467,,2019-06-16T12:51:06.959Z,1560689467,0,1524386557
14341977,farevenasdecidedtouse,1545757623,Gentleman Bastard Sequence - Scott Lynch,1545757623,...,,...,,A Matter of Time,1545757623,2019-06-08T03:23:37.736Z,1559964218,2018-04-16T00:00:00.000Z,1545757623,1|1|1,1559964218,They say that two masters are a no-go. No one says anything about a master and a mistress.,1545757623,1248,1545757623,5,1545757623,1,1559964218,,2019-06-08T03:23:37.632Z,1559964218,0,1545757623
14350722,adrift_me,1556710526,Dishonored (Video Games),1556710526,...,,...,,Through your silence I see,1556710526,2019-05-01T11:35:26.291Z,1556710526,2018-04-17T00:00:00.000Z,1556710526,1|1|1,1556710526,"The Void lets go of the Outsider as soon as he breathes in the first sigh. He lets go of all the threads of existence, and just as his body turns human, the world slowly, ever so slowly fades to black.
As soon as Corvo sees him, he knows the Outsider doesn’t see back.",1556710526,1033,1556710526,-1,1556710526,0,1556710526,,2019-05-01T11:35:26.231Z,1556710526,0,1556710526
14359350,tveckling,1556710508,Dishonored (Video Games),1556710508,...,,...,,Dreams,1556710508,2019-05-01T11:35:07.822Z,1556710508,2018-04-18T00:00:00.000Z,1556710508,1|1|1,1556710508,“What if one day I wake up and you don’t?”,1556710508,674,1556710508,-1,1556710508,0,1556710508,,2019-05-01T11:35:07.749Z,1556710508,0,1556710508
14359407,tveckling,1556710494,Dishonored (Video Games),1556710494,...,,...,,Waiting,1556710494,2019-05-01T11:34:53.925Z,1556710494,2018-04-18T00:00:00.000Z,1556710494,1|1|1,1556710494,"“I’m right here, okay?”",1556710494,759,1556710494,-1,1556710494,0,1556710494,,2019-05-01T11:34:53.874Z,1556710494,0,1556710494
14359596,tveckling,1556710488,Dishonored (Video Games),1556710488,...,,...,,Pathetic,1556710488,2019-05-01T11:34:47.966Z,1556710488,2018-04-18T00:00:00.000Z,1556710488,1|1|1,1556710488,"“Wow, you look… amazing.”",1556710488,795,1556710488,-1,1556710488,0,1556710488,,2019-05-01T11:34:47.916Z,1556710488,0,1556710488
14363187,SereneShadows,1530455795,ジョジョの奇妙な冒険 | JoJo no Kimyou na Bouken | JoJo's Bizarre Adventure,1530455795,...,,...,,Why Not Now?,1530455795,2018-07-09T05:42:57.018Z,1531114977,2018-04-19T00:00:00.000Z,1530455795,1|1|1,1531114977,...,,?,,1,1531114976,1,1531114977,,2018-07-09T05:42:56.979Z,1531114977,0,1530455795
14368458,CoffeeWithConsequences,1551183331,Sins of the Cities Series - K. J. Charles,1551183331,...,,...,,Dark Hours of Catharsis,1551183331,2019-02-26T12:15:32.417Z,1551183332,2018-04-19T00:00:00.000Z,1551183331,1|1|1,1551183332,"Beginning a new relationship is always hard, but Nathaniel and Justin have more complications than most. After one of many arguments, Justin decides talking is the last thing they need.",1551183331,2506,1551183331,3,1551183332,1,1551183332,,2019-02-26T12:15:32.364Z,1551183332,0,1551183331
14381163,Anonymous,1524428209,Original Work,1524428209,...,,...,,In the Private Seating,1524428209,2018-04-22T20:16:48.602Z,1524428209,2018-04-20T00:00:00.000Z,1524428209,1|1|1,1524428209,...,,?,,3,1524428209,1,1524428209,,2018-04-22T20:16:48.600Z,1524428209,0,1524428209
14389515,Anonymous,1524638536,"Marvel Cinematic Universe, Black Panther (2018)",1524638536,...,,...,,Praesis ut Prosis,1524638536,2018-04-25T06:42:15.746Z,1524638536,2018-04-21T00:00:00.000Z,1524638536,1|1|1,1524638536,...,,?,,5,1524638536,1,1524638536,,2018-04-25T06:42:15.642Z,1524638536,0,1524638536
14402982,MikiGary,1531395321,ジョジョの奇妙な冒険 | JoJo no Kimyou na Bouken | JoJo's Bizarre Adventure,1531395321,...,,...,,Hurts for a reason,1531395321,2018-07-12T11:35:20.777Z,1531395321,2018-04-22T00:00:00.000Z,1531395321,1|1|1,1531395321,...,,?,,-1,1531395321,0,1531395321,,2018-07-12T11:35:20.724Z,1531395321,0,1531395321
14406567,BlatantlyQueer,1542458759,"悪魔城ドラキュラX 月下の夜想曲 | Castlevania: Symphony of the Night, 悪魔城伝説 | Castlevania lll: Dracula's Curse",1542458759,...,,...,,Blood Relations,1542458759,2018-11-17T12:45:59.095Z,1542458759,2018-04-23T00:00:00.000Z,1542458759,9|9|1,1542458759,"Richter follows Alucard into the inverted Castlevania, determined to make up for the trouble he caused. Alucard can't help but be reminded of someone he loved over 300 years ago.-In which Alucard is depressed and melodramatic, Richter is a chaotic bisexual, and I neglect Maria almost entirely. Sorry, girl. :(None of the angst has to do with gender dysphoria or being trans.*",1542458759,9438,1542458759,-1,1542458759,0,1542458759,,2018-11-17T12:45:59.051Z,1542458759,0,1542458759
14422038,mortalcat,1556710475,Dishonored (Video Games),1556710475,...,,...,,自深深处   (De Profundis）,1556710475,2019-05-01T11:34:34.525Z,1556710475,2018-04-24T00:00:00.000Z,1556710475,1|1|1,1556710475,如果比利勒克没能找到第二种方法，但仍然给予了界外人他想要的完结。而神明没有忘记留下一份临别礼物，给他最偏爱的。,1556710475,6352,1556710475,-1,1556710475,0,1556710475,,2019-05-01T11:34:34.419Z,1556710475,0,1556710475
14422371,"mortalcat, mortalcat",1556806354,Dishonored (Video Games),1556806354,...,,...,,De Profundis,1556806354,2019-05-02T14:12:33.882Z,1556806354,2018-04-24T00:00:00.000Z,1556806354,1|1|1,1556806354,"In which Billie Lurk failed to find the other option, yet still gave the outsider the end he’d been hoping for. And the deity did not forget to leave a gift to his favourite.",1556806354,4694,1556806354,-1,1556806354,0,1556806354,,2019-05-02T14:12:33.762Z,1556806354,0,1556806354
14434365,"generalatomicsgalleria (charmingotter), wittyshades",1532053898,Dishonored (Video Games),1532053898,...,,...,,These Red Strings,1532053898,2018-07-20T02:31:37.686Z,1532053898,2018-07-17T00:00:00.000Z,1532053898,40|89|0,1532053898,...,,?,,-1,1532053898,0,1532053898,,2018-07-20T02:31:37.683Z,1532053898,0,1532053898
14437362,amusedrhyme (lazarus_girl),1559559662,Call the Midwife,1559559662,...,,...,,A Kind of Loving,1559559662,2019-06-03T16:33:04.521Z,1559579585,2018-04-25T00:00:00.000Z,1559559662,1|1|1,1559579585,"On the night of Barbara’s funeral, a grieving Valerie turns over the day’s events in her mind in the hope of finding answers. She reflects on what she’s lost, and the solace she may have found in Lucille at the same time.
  “The silence is deafening.”",1559559662,8042,1559559662,1,1559559662,1,1559579585,,2019-06-03T16:33:04.280Z,1559579585,0,1559559662
14448798,pyrality,1562505080,Dishonored (Video Games),1562505080,...,,...,,odysseus blood,1562505080,2019-07-07T13:11:20.272Z,1562505080,2018-04-27T00:00:00.000Z,1562505080,1|1|1,1562505080,"“How curious,” the Outsider remarks, sweeping his hand in a broad gesture, “that you might be granted the attention of such a fickle, elusive god, but you do not kneel, yield, or praise me.”
  “Am I supposed to?” Corvo asks. Oh, he is so treacherous, eyes dark and glimmering, he says, “I am not afraid of the ocean, your whales, or the otter black of your eyes.”
  And so, the Outsider falls in love with Corvo Attano immediately, the ground crumbling beneath his feet, the green of his eyes threatening to supercede the black.",1562505080,6713,1562505080,5,1562505080,1,1562505080,,2019-07-07T13:11:20.177Z,1562505080,0,1562505080
14479689,adrift_me,1535203650,Dishonored (Video Games),1535203650,...,,...,,"Against My Thigh, Corvo",1535203650,2018-08-25T13:27:30.790Z,1535203651,2018-04-29T00:00:00.000Z,1535203650,1|1|1,1535203651,...,,?,,3,1535203651,1,1535203651,,2018-08-25T13:27:30.737Z,1535203651,0,1535203650
14513631,love3530387,1531395314,ジョジョの奇妙な冒険 | JoJo no Kimyou na Bouken | JoJo's Bizarre Adventure,1531395314,...,,...,,禮物,1531395314,2018-07-12T11:35:13.763Z,1531395314,2018-05-02T00:00:00.000Z,1531395314,1|1|1,1531395314,...,,?,,-1,1531395314,0,1531395314,,2018-07-12T11:35:13.697Z,1531395314,0,1531395314
14536281,CoffeeWithConsequences,1551506788,Think of England - K. J. Charles,1551506788,...,,...,,The Craving for Salt,1551506788,2019-06-11T02:41:14.280Z,1560220874,2018-05-04T00:00:00.000Z,1551506788,1|1|1,1560220874,"The trouble with a long-term lie, or even a long-term omission, is that if you can’t make it true to yourself, you will eventually forget to make it true to someone else. Lying and omission were Daniel’s bread and butter, but when he was with Archie, he wasn’t at work (mostly). And so, eventually, he forgot.
 After hiding it from Archie for months, Daniel finally comes clean about something he's been hiding.",1551506788,3074,1551506788,5,1551506788,1,1560220874,,2019-06-11T02:41:13.860Z,1560220874,0,1551506788
14563935,DastardlyDaisy,1530676928,ジョジョの奇妙な冒険 | JoJo no Kimyou na Bouken | JoJo's Bizarre Adventure,1530676928,...,,...,,The Five Films,1530676928,2018-07-04T04:02:07.743Z,1530676928,2018-05-17T00:00:00.000Z,1530676928,2|5|0,1530676928,...,,?,,-1,1530676928,0,1530676928,,2018-07-04T04:02:07.681Z,1530676928,0,1530676928
14578941,thescrewtapedemos,1556710415,Dishonored (Video Games),1556710415,...,,...,,a river to the sea,1556710415,2019-05-01T11:33:35.064Z,1556710415,2018-05-08T00:00:00.000Z,1556710415,1|1|1,1556710415,"The room shakes for a moment. It had struck the wall. Corvo grits his teeth against the frustration. 
Come and get me, you bastard, he thinks viciously. He's not ready, never was ready to die but he doesn't want to wait for it, doesn't want to linger in this closet that reeks of mildew.",1556710415,12642,1556710415,-1,1556710415,0,1556710415,,2019-05-01T11:33:34.961Z,1556710415,0,1556710415
14593056,capeswithhoods,1556799269,Dishonored (Video Games),1556799269,...,,...,,Holy Hands oh They Make Me a Sinner,1556799269,2019-05-02T12:14:28.943Z,1556799269,2018-05-09T00:00:00.000Z,1556799269,1|1|1,1556799269,"Corvo is dreaming, until he’s not and the Void is pulling him in and materialising around him, dragging him from nightmares he can’t stop having. He’s grateful for the intrusion and he thinks the Outsider might have done this on purpose.",1556799269,2416,1556799269,1,1556799269,1,1556799269,,2019-05-02T12:14:28.872Z,1556799269,0,1556799269
14631531,SereneShadows,1531480548,ジョジョの奇妙な冒険 | JoJo no Kimyou na Bouken | JoJo's Bizarre Adventure,1531480548,...,,...,,The Inferno,1531480548,2018-07-13T11:15:47.871Z,1531480548,2018-05-13T00:00:00.000Z,1531480548,3|3|1,1531480548,...,,?,,-1,1531480548,0,1531480548,,2018-07-13T11:15:47.813Z,1531480548,0,1531480548
14656581,margointhesea,1534613114,ジョジョの奇妙な冒険 | JoJo no Kimyou na Bouken | JoJo's Bizarre Adventure,1534613114,...,,...,,Hot Sweet Ride!,1534613114,2018-08-18T17:25:14.339Z,1534613114,2018-05-14T00:00:00.000Z,1534613114,1|1|1,1534613114,...,,?,,1,1534613114,1,1534613114,,2018-08-18T17:25:14.278Z,1534613114,0,1534613114
14748909,jojoraora,1530677209,ジョジョの奇妙な冒険 | JoJo no Kimyou na Bouken | JoJo's Bizarre Adventure,1530677209,...,,...,,Cool for the Summer,1530677209,2018-07-04T04:06:48.660Z,1530677209,2018-05-25T00:00:00.000Z,1530677209,1|1|1,1530677209,...,,?,,1,1530677209,1,1530677209,,2018-07-04T04:06:48.541Z,1530677209,0,1530677209
14758151,RaisingCaiin,1564787628,The Silmarillion and other histories of Middle-Earth - J. R. R. Tolkien,1564787628,...,,...,,right there,1564787628,2019-08-02T23:13:48.324Z,1564787628,2018-05-26T00:00:00.000Z,1564787628,1|1|1,1564787628,"But Balan had been reckoning without Nom’s all-absorbing curiosity, which – apparently – translated much the same here as it did anywhere else. For the thing about Nom is – well, there is no other way to say it: he is an explorer. His hands are never still for long, and his eyes rarely remain fixed to one spot.",1564787628,1386,1564787628,3,1564787628,1,1564787628,,2019-08-02T23:13:48.253Z,1564787628,0,1564787628
14782595,overdose,1534609826,ジョジョの奇妙な冒険 | JoJo no Kimyou na Bouken | JoJo's Bizarre Adventure,1534609826,...,,...,,Alone Time,1534609826,2018-08-18T16:30:26.303Z,1534609826,2018-05-29T00:00:00.000Z,1534609826,1|1|1,1534609826,...,,?,,-1,1534609826,0,1534609826,,2018-08-18T16:30:26.243Z,1534609826,0,1534609826
14793068,Deadlydollies13,1548223448,Original Work,1548223448,...,,...,,Scalpels & Scales,1548223448,2019-01-23T06:04:08.011Z,1548223448,2018-06-02T00:00:00.000Z,1548223448,2|?|0,1548223448,"Audrey ""Drey"" Holmes is an architecture student at Columbia University whose life has simply come crashing down in a matter of minutes and has no one to turn to. Sebastian Graham is a wealthy, successful neurosurgeon in New York City who was the one to come to the young girl's aid and help her pick up the pieces. The true question is, who needed who the most?",1548223448,5554,1548223448,-1,1548223448,0,1548223448,,2019-01-23T06:04:07.915Z,1548223448,0,1548223448
14812814,adrift_me,1559014370,Dishonored (Video Games),1559014370,...,,...,,All Light Devoured,1559014370,2019-05-28T03:32:49.783Z,1559014370,2018-05-31T00:00:00.000Z,1559014370,1|1|1,1559014370,"- Someday this place will devour all the lights in the sky.  
 They said that one day the world will shatter and the Void will pour through every single crack it finds, and then the world will be no more, the Empire will have fallen and everything would be gone as it is.This event might be much closer than anyone thinks it is.",1559014370,820,1559014370,-1,1559014370,0,1559014370,,2019-05-28T03:32:49.748Z,1559014370,0,1559014370
14816628,pendrecarc,1545538574,Think of England - K. J. Charles,1545538574,...,,...,,"Harder for You, of Course",1545538574,2019-06-08T03:23:57.275Z,1559964237,2018-06-02T00:00:00.000Z,1545538574,1|1|1,1559964237,"New Year's Eve, 1899--Patricia Merton attends a shooting party, experiences fireworks (literal and figurative), and learns what one can get away with in society.Oh, and then there's the murder.",1545538574,16972,1545538574,5,1545538574,1,1559964237,,2019-06-08T03:23:57.131Z,1559964237,0,1545538574
14821037,dragonndoggod,1559014362,Dishonored (Video Games),1559014362,...,,...,,Something Borrowed,1559014362,2019-05-28T03:32:41.907Z,1559014362,2018-06-01T00:00:00.000Z,1559014362,1|1|1,1559014362,"There’s nothing wrong with borrowing a jacket, just like there was nothing wrong with sneaking into the Royal Protector’s room to borrow a jacket or two.",1559014362,488,1559014362,-1,1559014362,0,1559014362,,2019-05-28T03:32:41.860Z,1559014362,0,1559014362
14824335,hotmesslewis,1750204524,"Lewis and Clark, Historical RPF",1750204524,...,,...,,the lost cause of words,1750204524,2025-06-17T23:55:24.122Z,1750204524,2018-06-02T00:00:00.000Z,1750204524,1|1|1,1750204524,"Julia seeks comfort, reassurance, something, from her best friend.  A short, sweet text conversation.",1750204524,1744,1750204524,-1,1750204524,0,1750204524,,2025-06-17T23:55:24.120Z,1750204524,0,1750204524
14824970,nu_ll,1559014351,Dishonored (Video Games),1559014351,...,,...,,Ravenous,1559014351,2019-05-28T03:32:31.276Z,1559014351,2018-06-02T00:00:00.000Z,1559014351,1|1|1,1559014351,"After being freed from the Void, the Outsider remains as curious as ever, only this time, his interest is piqued by the old tradition of eating another person.",1559014351,7817,1559014351,-1,1559014351,0,1559014351,,2019-05-28T03:32:31.247Z,1559014351,0,1559014351
14835233,bakuhighfly,1530676888,ジョジョの奇妙な冒険 | JoJo no Kimyou na Bouken | JoJo's Bizarre Adventure,1530676888,...,,...,,Whale Fall,1530676888,2018-07-04T04:01:28.477Z,1530676888,2018-06-27T00:00:00.000Z,1530676888,11|15|0,1530676888,...,,?,,-1,1530676888,0,1530676888,,2018-07-04T04:01:28.371Z,1530676888,0,1530676888
14836205,adrift_me,1559014345,Dishonored (Video Games),1559014345,...,,...,,"A God to a Deity, Turned Human",1559014345,2019-05-28T03:32:25.487Z,1559014345,2018-06-03T00:00:00.000Z,1559014345,1|1|1,1559014345,"How many futures and pasts and presents does the Outsider see? The god barely knows himself, watching it all move and blind him for millennia. But there are some possibilities that draw his attention.
Especially one, where his eyes are not black. But Corvo's are.",1559014345,1536,1559014345,-1,1559014345,0,1559014345,,2019-05-28T03:32:25.451Z,1559014345,0,1559014345
14868254,hotmesslewis,1750204305,"Lewis and Clark, Historical RPF",1750204305,...,,...,,burning like the sun,1750204305,2025-06-17T23:51:45.043Z,1750204305,2018-06-07T00:00:00.000Z,1750204305,1|1|1,1750204305,"Meriwether Lewis has a breakdown, and Bill Clark arrives just in time to be his savior.  (God I wish that were all metaphorical instead of literal.)",1750204305,3542,1750204305,-1,1750204305,0,1750204305,,2025-06-17T23:51:45.040Z,1750204305,0,1750204305
14880717,Devin Cage (shiny_silver_socks),1548198731,Original Work,1548198731,...,,...,,To Catch A Countess,1548198731,2019-01-22T23:12:10.933Z,1548198731,2018-06-18T00:00:00.000Z,1548198731,1|1|1,1548198731,"Without striking beauty or an aristocratic bloodline, Miss Prudence Copeland is hardly the talk of London, but her substantial dowry means her debut Season will likely be her last.Lady Charlotte, Countess of Ashbridge, is just fine with that outcome--as long as the suitor Prudence agrees to wed is her.",1548198731,5993,1548198731,3,1548198731,1,1548198731,,2019-01-22T23:12:10.777Z,1548198731,0,1548198731
14894514,jojoraora,1530089256,ジョジョの奇妙な冒険 | JoJo no Kimyou na Bouken | JoJo's Bizarre Adventure,1530089256,...,,...,,Vampire,1530089256,2018-06-27T08:47:35.593Z,1530089256,2018-06-10T00:00:00.000Z,1530089256,1|?|0,1530089256,...,,?,,-1,1530089256,0,1530089256,,2018-06-27T08:47:35.543Z,1530089256,0,1530089256
14912492,addledwalrus,1548223433,Original Work,1548223433,...,,...,,Brown Eyed Girl,1548223433,2019-01-23T06:03:52.841Z,1548223433,2018-12-13T00:00:00.000Z,1548223433,15|?|0,1548223433,Patricia's life as a sheltered rich girl and eventual falling out with her parents.,1548223433,10863,1548223433,-1,1548223433,0,1548223433,,2019-01-23T06:03:52.763Z,1548223433,0,1548223433
14915756,Crowkidart,1559810054,Dishonored (Video Games),1559810054,...,,...,,A View From the Outside,1559810054,2019-06-06T08:34:14.310Z,1559810054,2018-08-13T00:00:00.000Z,1559810054,2|?|0,1559810054,...,1559810054,3872,1559810054,1,1559810054,,1559810054,,2019-06-06T08:34:14.208Z,1559810054,0,1559810054
14954729,havisham,1529249172,ジョジョの奇妙な冒険 | JoJo no Kimyou na Bouken | JoJo's Bizarre Adventure,1529249172,...,,...,,run to your mama,1529249172,2019-05-27T13:53:58.938Z,1558965239,2018-06-17T00:00:00.000Z,1529249172,1|1|1,1558965239,"There was no way of getting around it, and even Koichi, who was able to see the good in almost everyone, would agree that, honestly, Kishibe Rohan belonged in a trash-heap of humanity, along with bits of orange peel and old porn magazines. That didn’t take away from the fact that Rohan was also … hot, or that Josuke’s adolescent mind was consumed with the desire to have Rohan, whatever that meant.",1546739445,5474,1546739445,5,1529249172,1,1558965239,,2019-05-27T13:53:58.618Z,1558965239,0,1529249172
14962995,Politzania,1546020714,"Marvel Cinematic Universe, Iron Man (Movies), Gentleman Bastard Sequence - Scott Lynch",1546020714,...,,...,,Prologue - The Weapon Maker's Son,1546020714,2018-12-28T18:11:54.206Z,1546020714,2018-06-18T00:00:00.000Z,1546020714,1|1|1,1546020714,"Once upon a time,  a man who had everything wanted more.     He took a wife,  a lovely, talented young woman who he bent to his will.   In time,  she bore her husband a son and named him Antonio.   A brilliant, strong-willed child, Antonio could stand in his father's shadow only so long. Written for  Square K5 -  Fairy-tale style narration",1546020714,617,1546020714,-1,1546020714,0,1546020714,,2018-12-28T18:11:54.148Z,1546020714,0,1546020714
14968079,Prinzenhasserin,1545783829,Gentleman Bastard Sequence - Scott Lynch,1545783829,...,,...,,The Duke's Spiderling,1545783829,2019-08-07T22:22:53.978Z,1565216574,2018-06-18T00:00:00.000Z,1545783829,1|1|1,1565216574,"Locke Lamora, orphan from the Catchfire, gets adopted by Don and Doña Vorchenza. As a consequence, his meeting with Jean Tannen is much different.",1545783829,11732,1545783829,5,1545783829,1,1565216574,,2019-08-07T22:22:53.722Z,1565216574,0,1545783829
15001163,quinngrey,1564573680,The Silmarillion and other histories of Middle-Earth - J. R. R. Tolkien,1564573680,...,,...,,Hair,1564573680,2019-07-31T11:48:00.133Z,1564573680,2018-06-21T00:00:00.000Z,1564573680,1|1|1,1564573680,In which Finrod admits his adoration for Beor's body hair and they make love.,1564573680,1472,1564573680,5,1564573680,1,1564573680,,2019-07-31T11:48:00.063Z,1564573680,0,1564573680
15031187,Cannibal_Wings,1562625420,Dishonored (Video Games),1562625420,...,,...,,Molded By His Hands,1562625420,2019-07-08T22:36:59.736Z,1562625420,2018-06-24T00:00:00.000Z,1562625420,1|1|1,1562625420,"To wear the Mark of the Outsider is more than just baring a brand. It is a contract, an agreement, to give yourself fully to the God of the Void. The Outsider is a deity but he also considers himself an artist. The bodies of his Marked are his canvas to sculpt into something new and something better.",1562625420,2315,1562625420,-1,1562625420,0,1562625420,,2019-07-08T22:36:59.609Z,1562625420,0,1562625420
15032300,havisham,1533948489,ジョジョの奇妙な冒険 | JoJo no Kimyou na Bouken | JoJo's Bizarre Adventure,1533948489,...,,...,,play the way you feel,1533948489,2019-06-08T03:24:04.343Z,1559964244,2018-06-24T00:00:00.000Z,1533948489,1|3|0,1559964244,"Rohan has never liked Josuke, and he never will, not when Josuke comes to confess his feelings to him (a trick), not when he keeps seeing him everywhere (the work of an enemy stand) and not even when Josuke is nowhere to be found, except in Rohan's own mind (this is Josuke's fault somehow.)",1546739439,2395,1546739439,5,1533948489,3,1559964244,,2019-06-08T03:24:04.160Z,1559964244,0,1533948489
15037121,adrift_me,1559014328,Dishonored (Video Games),1559014328,...,,...,,Transmutation,1559014328,2019-05-28T03:32:08.163Z,1559014328,2018-06-24T00:00:00.000Z,1559014328,1|1|1,1559014328,"Sometimes a story is simply a story. And two men with tragic pasts, which would have run the world, are simply the storytellers. The world doesn’t always need heroics, for its carcass is the intimate connection between people. And if one is made of wire and metal and another of flesh and bone, what does it matter?
   Truly, it matters not.A story where the Outsider is an android and Corvo is a man with a tragic past. How is this going to work?",1559014328,9276,1559014328,-1,1559014328,0,1559014328,,2019-05-28T03:32:08.116Z,1559014328,0,1559014328
15072305,mortalcat,1532053991,Dishonored (Video Games),1532053991,...,,...,,Hrafnagaldr(乌鸦诗歌),1532053991,2018-07-20T02:33:11.374Z,1532053991,2018-06-27T00:00:00.000Z,1532053991,1|1|1,1532053991,...,,?,,-1,1532053991,0,1532053991,,2018-07-20T02:33:11.373Z,1532053991,0,1532053991
15089423,jojoraora,1531479989,ジョジョの奇妙な冒険 | JoJo no Kimyou na Bouken | JoJo's Bizarre Adventure,1531479989,...,,...,,Jealous,1531479989,2018-07-13T11:06:29.495Z,1531479989,2018-06-29T00:00:00.000Z,1531479989,1|1|1,1531479989,...,,?,,1,1531479989,1,1531479989,,2018-07-13T11:06:29.284Z,1531479989,0,1531479989
15109991,Masque_de_Non,1548136491,Original Work,1548136491,...,,...,,His Calling,1548136491,2019-01-22T05:54:51.447Z,1548136491,2018-07-08T00:00:00.000Z,1548136491,1|1|1,1548136491,The young captured prince learns his new purpose in life.,1548136491,4494,1548136491,1,1548136491,1,1548136491,,2019-01-22T05:54:51.394Z,1548136491,0,1548136491
15126476,"havisham, Sath",1546739429,ジョジョの奇妙な冒険 | JoJo no Kimyou na Bouken | JoJo's Bizarre Adventure,1530505996,...,,...,,dead flowers,1530505996,2019-06-08T03:24:07.147Z,1559964247,2018-07-01T00:00:00.000Z,1530505996,1|1|1,1559964247,"Send me dead flowers to my wedding / And I won't forget to put roses on your grave Giorno, like his father before him, always gets what he wants.",1546739429,2338,1546739429,5,1530505996,1,1559964247,,2019-06-08T03:24:06.842Z,1559964247,0,1530505996
15152822,misura,1546020693,Gentleman Bastard Sequence - Scott Lynch,1546020693,...,,...,,Slim Purses Make for Thick Walls,1546020693,2018-12-28T18:11:32.534Z,1546020693,2018-07-03T00:00:00.000Z,1546020693,1|1|1,1546020693,"Three crooks on a boat, once the carpenter and his men have left. (post-RSuSK Ezri lives!AU)",1546020693,464,1546020693,-1,1546020693,0,1546020693,,2018-12-28T18:11:32.487Z,1546020693,0,1546020693
15181142,aquilaofarkham,1542458751,Castlevania (Cartoon),1542458751,...,,...,,never have i ever,1542458751,2018-11-17T12:45:51.049Z,1542458751,2018-07-06T00:00:00.000Z,1542458751,1|1|1,1542458751,"During their stay at a crowded inn, Trevor and Alucard decide to play a game of “never have I ever” to pass the time while also getting to know each other more intimately.",1542458751,3365,1542458751,-1,1542458751,0,1542458751,,2018-11-17T12:45:50.990Z,1542458751,0,1542458751
15189647,Caesarino_Zeppeli,1531479738,ジョジョの奇妙な冒険 | JoJo no Kimyou na Bouken | JoJo's Bizarre Adventure,1531479738,...,,...,,Rock You Like a Hurricane,1531479738,2018-07-13T11:02:18.003Z,1531479738,2018-07-06T00:00:00.000Z,1531479738,1|1|1,1531479738,...,,?,,1,1531479738,1,1531479738,,2018-07-13T11:02:17.873Z,1531479738,0,1531479738
15194984,"havisham, Sath",1547209463,ジョジョの奇妙な冒険 | JoJo no Kimyou na Bouken | JoJo's Bizarre Adventure,1547209463,...,,...,,the passenger,1547209463,2019-07-23T03:02:30.237Z,1563850950,2018-07-07T00:00:00.000Z,1547209463,1|1|1,1563850950,"Ten years after the events of Vento Aureo, Giorno has become the gangstar he's always wanted to be. But when it comes to being lucky, he's cursed.",1547209463,5184,1547209463,5,1547209463,1,1563850950,,2019-07-23T03:02:29.985Z,1563850950,0,1547209463
15272793,celoica,1559014321,Dishonored (Video Games),1559014321,...,,...,,brute divine,1559014321,2019-05-28T03:32:01.426Z,1559014321,2018-07-13T00:00:00.000Z,1559014321,1|?|0,1559014321,"He was clean, unmarred by the passing of time, by the sharp edges of knives and swords and brutal fists. Cut from virgin cloth, swathed in it.The Outsider paused. That wasn't right. There, in the eyes, dark and heavy from above the black mask obscuring his nose and eyes. There, in the slope of his shoulders, the crouched position he took on the top of the bell tower, the tight scrape of his hair pulled back from his face.There, on the scar blotting his left hand, a shape the Outsider was intimately familiar with.The boy raised his head, moonlight cutting across his face. He slipped two fingers under the fabric across his face, pulling it free. It settled around his throat like a collar. The Outsider wondered what sort of god possessed the kind of power to give a man like Corvo Attano a second life.",1559014321,3926,1559014321,-1,1559014321,0,1559014321,,2019-05-28T03:32:01.354Z,1559014321,0,1559014321
15276135,MEVaughan,1545907093,Gentleman Bastard Sequence - Scott Lynch,1545907093,...,,...,,The Catchfire Days,1545907093,2018-12-27T10:38:12.817Z,1545907093,2018-08-27T00:00:00.000Z,1545907093,16|16|1,1545907093,"Post-The Republic of Thieves.On the road to Emberlain, Locke Lamora is struck down by a freak bolt of lightning, during a storm. Almost twenty-five years previous, Lamor Acanthus steps onto the shores of Catchfire, drunk and grief-stricken, and has an unfortunate run-in with a grubby orphan boy who will change everything.------------------------------------------------------------------------------------------------------------Triggered by the lightening, Locke recovers his lost memories of Catchfire, but is rendered comatose. Jean and Sabetha struggle to keep him alive, and deal with the reality that this may finally be it for the infamous Locke Lamora.Hurt/Comfort, friendship drama, with love and plenty of fretting from Sabetha and Jean, and new take on Lamor. COMPLETE!",1545907093,29959,1545907093,1,1545907093,16,1545907093,,2018-12-27T10:38:12.740Z,1545907093,0,1545907093
15302283,WarlordFelwinter,1556683399,Dishonored (Video Games),1556683399,...,,...,,Breathe,1556683399,2019-05-01T04:03:19.388Z,1556683399,2018-07-15T00:00:00.000Z,1556683399,1|1|1,1556683399,...,1556683399,2357,1556683399,1,1556683399,1,1556683399,,2019-05-01T04:03:19.320Z,1556683399,0,1556683399
15336069,KonoTsunfish,1533949007,ジョジョの奇妙な冒険 | JoJo no Kimyou na Bouken | JoJo's Bizarre Adventure,1533949007,...,,...,,Jealousy is Green for a Reason,1533949007,2018-08-11T00:56:47.067Z,1533949007,2018-07-18T00:00:00.000Z,1533949007,1|1|1,1533949007,...,,?,,3,1533949007,1,1533949007,,2018-08-11T00:56:46.952Z,1533949007,0,1533949007
15346227,imperfectkreis,1532053884,Dishonored (Video Games),1532053884,...,,...,,Knowledges,1532053884,2018-07-20T02:31:24.402Z,1532053884,2018-07-19T00:00:00.000Z,1532053884,1|1|1,1532053884,...,,?,,1,1532053884,1,1532053884,,2018-07-20T02:31:24.398Z,1532053884,0,1532053884
15354750,ExtraPenguin,1572993128,魔道祖师 - 墨香铜臭 | Módào Zǔshī - Mòxiāng Tóngxiù,1572993128,...,,...,,Despite the Warning Signs,1572993128,2019-11-05T22:32:07.859Z,1572993128,2018-07-19T00:00:00.000Z,1572993128,2|2|1,1572993128,"When his father brings him to Koi Tower to learn cultivation, Mo Xuanyu is more than a bit lost amongst the disciples who've been here since the age of 6. Luckily for him, though, there's another youth in a similar situation - and he's really cool and only a few years Mo Xuanyu's senior as well! Thus starts operation ""seduce Xue Yang"". Thankfully, Mo Xuanyu doesn't seem to have much competition.",1572993128,9846,1572993128,-1,1572993128,0,1572993128,,2019-11-05T22:32:07.810Z,1572993128,0,1572993128
15383193,Waterrain,1572000060,"魔道祖师 - 墨香铜臭 | Módào Zǔshī - Mòxiāng Tóngxiù, 魔道祖师 | Módào Zǔshī - All Media Types",1572000060,...,,...,,Unable To Stay Away,1572000060,2019-10-25T10:41:00.191Z,1572000060,2018-08-03T00:00:00.000Z,1572000060,15|15|1,1572000060,"AU: ABO Verse. 15 Year Old Omega!Wei WuXian (wears a ring which masks his scent into smelling like an Alpha) and Alpha!Jiang Cheng go to visit the Cloud Recesses for a year. Wei WuXian at the Lotus Pier does not wear a ring to cover his scent up, but Jiang Fengmian informed him the ring must be worn or else he won't be able to go with Jiang Cheng to the Cloud Recesses. At the Cloud Recesses there is an handsome and cold Alpha known to be able to resist any Omega in heat with ease. (I have a Sequel for Unable To Stay Away and it is named Let's Always Be Together)",1572000060,22571,1572000060,-1,1572000060,0,1572000060,,2019-10-25T10:41:00.165Z,1572000060,0,1572000060
15388446,Pixel_Runner,1548223597,"teratophilia - Fandom, naga - Fandom, Monsters - Fandom, Original Work",1548223597,...,,...,,The Bed Warmer,1548223597,2019-01-23T06:06:36.768Z,1548223597,2018-10-04T00:00:00.000Z,1548223597,8|8|1,1548223597,...,,16366,1548223597,-1,1548223597,0,1548223597,,2019-01-23T06:06:36.708Z,1548223597,0,1548223597
15457371,MildredMost,1548288440,Original Work,1548288440,...,,...,,Resurrection,1548288440,2019-01-24T00:08:58.115Z,1548288538,2018-07-27T00:00:00.000Z,1548288440,1|1|1,1548288538,"He pulled a handkerchief from his pocket. Something fell out of it and skittered across the floor. “You…” Edward hesitated to ask. “You make a habit of carrying teeth in your pocket?”John glanced down at the tooth lying there. “Worth a shilling, that,” he said. “Always got a couple about my person in case of need.”Edward swallowed. John grinned and kissed him. Edward wondered how he could want a man who carried human teeth in his pocket like loose change.",1548288440,7653,1548288440,5,1548288440,1,1548288538,,2019-01-24T00:08:57.656Z,1548288538,0,1548288440
15473271,Alkie,1571766610,魔道祖师 - 墨香铜臭 | Módào Zǔshī - Mòxiāng Tóngxiù,1571766610,...,,...,,A set of Knives and A basket filled with Fluff,1571766610,2019-10-22T17:50:09.591Z,1571766610,2018-11-27T00:00:00.000Z,1571766610,105|105|1,1571766610,"Word prompts drabbles and stories that are one-shots(I won't be writing for mdzs anymore,  thank you for supporting me tho)",1571766610,61463,1571766610,-1,1571766610,0,1571766610,,2019-10-22T17:50:09.573Z,1571766610,0,1571766610
15478464,Delusional_Lunatic_3791,1564571124,"The Silmarillion and other histories of Middle-Earth - J. R. R. Tolkien, The Incredibles (2004)",1564571124,...,,...,,The Valiant,1564571124,2019-07-31T11:05:23.560Z,1564571124,2018-08-16T00:00:00.000Z,1564571124,8|?|0,1564571124,"The superheroes are gone. Society has moved on without them. Yet, Findekáno isn't quite ready to hang up the cape. When he receives an offer he can't refuse, he takes it—but at the possible expense of the family he loves the most.",1564571124,28148,1564571124,-1,1564571124,0,1564571124,,2019-07-31T11:05:23.490Z,1564571124,0,1564571124
15531777,erlkoenig,1564573434,"The Silmarillion and other histories of Middle-Earth - J. R. R. Tolkien, TOLKIEN J. R. R. - Works & Related Fandoms",1564573434,...,,...,,just with a touch of your lips,1564573434,2019-07-31T11:43:54.193Z,1564573434,2018-08-02T00:00:00.000Z,1564573434,1|1|1,1564573434,"Balan scowls, and feels more than hears the next, I have no idea what you are saying.
“Yes well, that makes two of us.”",1564573434,1298,1564573434,3,1564573434,1,1564573434,,2019-07-31T11:43:54.132Z,1564573434,0,1564573434
15534774,kichiya,1571999992,魔道祖师 - 墨香铜臭 | Módào Zǔshī - Mòxiāng Tóngxiù,1571999992,...,,...,,water trade,1571999992,2019-10-25T10:39:52.158Z,1571999992,2018-08-18T00:00:00.000Z,1571999992,7|?|0,1571999992,"The Lianhua Village was known for it's reputation of housing the most prestigious geisha houses in the country. When Lan Wangji accompanied his father to meet the main lady of the Jiangs, he did not think that she housed geishas. Nor did he think he would fall in love with one.",1571999992,20039,1571999992,-1,1571999992,0,1571999992,,2019-10-25T10:39:52.141Z,1571999992,0,1571999992
15545328,erlkoenig,1564544171,"TOLKIEN J. R. R. - Works & Related Fandoms, The Silmarillion and other histories of Middle-Earth - J. R. R. Tolkien",1564544171,...,,...,,lay me down tonight in my diamonds and pearls,1564544171,2019-07-31T03:36:10.961Z,1564544171,2018-08-03T00:00:00.000Z,1564544171,1|1|1,1564544171,"Here they are Balan and Nom; here, he does not have to carry the weight of an entire people",1564544171,884,1564544171,5,1564544171,1,1564544171,,2019-07-31T03:36:10.871Z,1564544171,0,1564544171
15548160,Athane,1571766579,魔道祖师 - 墨香铜臭 | Módào Zǔshī - Mòxiāng Tóngxiù,1571766579,...,,...,,Reading Mo Dao Zu Shi,1571766579,2019-10-22T17:49:39.466Z,1571766579,2019-10-20T00:00:00.000Z,1571766579,37|?|0,1571766579,"After everything happened, there are still questions unanswered and some things unresolved, luckily a certain creature felt the need to share the story seen though the eyes of Wei WuXian.I suck at summaries and own no rights to Mo Dao Zu Shi.Rated M for the violence in the story. First time writing a story so no flames please.",1571766579,114150,1571766579,-1,1571766579,0,1571766579,,2019-10-22T17:49:39.454Z,1571766579,0,1571766579
15559011,etheratisha,1556710249,Dishonored (Video Games),1556710249,...,,...,,Cradle Songs of Comfort and Bones Gnawed By Teeth,1556710249,2019-05-01T11:30:49.449Z,1556710249,2018-10-09T00:00:00.000Z,1556710249,3|?|0,1556710249,"There’s an old woman on her balcony, tossing her things into the street. For a moment he sees the face of a beautiful young woman, but it is only a short moment, and she is nothing but an old woman once again. Old Granny Rags smiles at him with teeth that are at once perfectly straight and white and sharp, but yet also yellowed and crooked and dull.",1556710249,3483,1556710249,1,1556710249,,1556710249,,2019-05-01T11:30:49.401Z,1556710249,0,1556710249
15571509,Waterrain,1572421788,"魔道祖师 - 墨香铜臭 | Módào Zǔshī - Mòxiāng Tóngxiù, 魔道祖师 | Módào Zǔshī - All Media Types",1572421788,...,,...,,Affection,1572421788,2019-10-30T07:49:48.326Z,1572421788,2018-09-10T00:00:00.000Z,1572421788,10|10|1,1572421788,"Wei Wuxian was picked up, but Jiang Fengmian intentions were not pure and certainly was not noble. It wasn't until later it was discovered the real reason why Wei Wuxian was taken home to Jiang Fengmian's household. Jiang Fengmian's biggest mistakes was allowing Wei Wuxian to visit and learn at the Cloud Recesses.",1572421788,17543,1572421788,-1,1572421788,0,1572421788,,2019-10-30T07:49:48.301Z,1572421788,0,1572421788
15609840,erlkoenig,1564573200,"The Silmarillion and other histories of Middle-Earth - J. R. R. Tolkien, TOLKIEN J. R. R. - Works & Related Fandoms",1564573200,...,,...,,when you catch me wide awake,1564573200,2019-07-31T11:39:59.509Z,1564573200,2018-08-08T00:00:00.000Z,1564573200,1|1|1,1564573200,"The golden light seemed more beautiful now, lighting over the curve of muscle under dark skin, a dusting of sweat, barely there in the still cool morning air.“Are you enjoying the view, my lord?”",1564573200,995,1564573200,5,1564573200,1,1564573200,,2019-07-31T11:39:59.462Z,1564573200,0,1564573200
15630330,adrift_me,1556594907,Dishonored (Video Games),1556594907,...,,...,,The Devil's Favour,1556594907,2019-04-30T03:28:27.282Z,1556594907,2018-08-09T00:00:00.000Z,1556594907,7|7|1,1556594907,"Oh, my Adeline, oohDown in TasmaniaWhere the devil's jaws are far too weakTo tear you away
Feared is the sea devil, lurking in the deep dark. Feared is his religion and his mark. But what is truly known about the creature that rules the ocean and the whales and the tides?There is one man in the world of today that is lucky enough to learn the secrets of the devil. But to learn those secrets, he must learn to play a game that rules a different world altogether - the Empire, run by social sharks, dangerous enough to match the dangers of the sea.",1556594907,28780,1556594907,-1,1556594907,0,1556594907,,2019-04-30T03:28:27.195Z,1556594907,0,1556594907
15634254,erlkoenig,1564457912,"The Silmarillion and other histories of Middle-Earth - J. R. R. Tolkien, TOLKIEN J. R. R. - Works & Related Fandoms",1564457912,...,,...,,fever running through our veins,1564457912,2019-07-30T03:38:32.038Z,1564457912,2018-08-10T00:00:00.000Z,1564457912,1|1|1,1564457912,"“I promise you, I cannot see a thing. What sort of knots are these?” He pulls again, the rope rubbing and chafing his wrists already. “They are quite sturdy and — you’re making a rude gesture at me, aren’t you.”",1564457912,1518,1564457912,5,1564457912,1,1564457912,,2019-07-30T03:38:31.980Z,1564457912,0,1564457912
15654606,ilcuoreardendo,1556659658,Dishonored (Video Games),1556659658,...,,...,,A Good Show,1556659658,2019-04-30T21:27:37.867Z,1556659658,2018-08-11T00:00:00.000Z,1556659658,1|1|1,1556659658,"He watches the Outsider detach from the shadows, pale hands reaching for Corvo. Daud should have known. There was something about Corvo that was fascinating. It only stood to reason the Outsider would see that as well.


  “Corvo.” The Outsider’s voice is crashing waves and whale song, sonorous and somber, reverberating throughout the room and rattling inside Daud’s bones.",1556659658,440,1556659658,-1,1556659658,0,1556659658,,2019-04-30T21:27:37.766Z,1556659658,0,1556659658
15671841,MEOWMIAO,1571999896,"魔道祖师 - 墨香铜臭 | Módào Zǔshī - Mòxiāng Tóngxiù, The Grandmaster of Demonic Cultivation, 魔道祖师 - 墨香铜臭 | Módào Zǔshī - Mòxiāng Tóngxiù - All Media",1571999896,...,,...,,Better the Demon You Know,1571999896,2019-10-25T10:38:16.369Z,1571999896,2018-11-04T00:00:00.000Z,1571999896,8|?|0,1571999896,"WARNING: The story starts at the backstory, so it doesn’t immediately jump into the story described above. Sorry about any confusion! >.<Wei Wuxian and his beloved Lan Wangji were once together and happy. An incident that occurred when Lan Wangji was not at home caused a huge catastrophe to sweep through the busy town. Now:A demon demands a sacrifice each year on October 31st. Conditions: the sacrifice must be betrothed or in love. This year, a young girl by the name of Jiang Yanli, betrothed to the Jin family's young master was chosen. However, someone steps in at the last moment...Rated E for later chapters :3Tags will be added later as I write each chapter.At first this fic was just a jumble of ideas to make LWJ and WWX have hot and kinky sex together. Later, something resembling a backstory was pieced together and now we're here... Inspired by ideas by Rurella and Lazylurker (the main people) and a bunch of other peeps on Discord! <3Title brainstormed up by snakesandladders <3",1571999896,5257,1571999896,-1,1571999896,0,1571999896,,2019-10-25T10:38:16.352Z,1571999896,0,1571999896
15730056,NickelModelTales,1548223643,Original Work,1548223643,...,,...,,The Rich Are F**king Us,1548223643,2019-01-23T06:07:23.135Z,1548223643,2018-08-19T00:00:00.000Z,1548223643,4|4|1,1548223643,A young Manhattan couple are invited to the penthouse of their rich and powerful neighbors… and then they are hypnotized.,1548223643,13065,1548223643,-1,1548223643,0,1548223643,,2019-01-23T06:07:23.094Z,1548223643,0,1548223643
15760854,MEOWMIAO,1572422373,"Grandmaster of Demonic Cultivation, 魔道祖师 - 墨香铜臭 | Módào Zǔshī - Mòxiāng Tóngxiù, The Founder of Diabolism, 魔道祖师 - 墨香铜臭 | Módào Zǔshī - Mòxiāng Tóngxiù - All Media",1572422373,...,,...,,The Little Merman: WangXian,1572422373,2019-10-30T07:59:33.329Z,1572422373,2018-09-29T00:00:00.000Z,1572422373,4|?|0,1572422373,A Little Mermaid AU with Merman!WWX and Prince!LWJ :3,1572422373,5394,1572422373,-1,1572422373,0,1572422373,,2019-10-30T07:59:33.302Z,1572422373,0,1572422373
15787707,LuckyDiceKirby,1556539498,Dishonored (Video Games),1556539498,...,,...,,Bathymetry,1556539498,2019-07-21T13:42:57.848Z,1563716578,2018-12-30T00:00:00.000Z,1556539498,6|6|1,1563716578,"Billie Lurk saves the Outsider, faces the Empress, and figures out how to live with her past. The Outsider arrives in Dunwall, attaches himself to the Royal Protector, and learns how to build a future. And, as always, someone wants to kill the Empress.",1556539498,90659,1556539498,5,1556539498,6,1563716578,,2019-07-21T13:42:57.464Z,1563716578,0,1556539498
15801801,Blue_Night,1548223609,"Football RPF, Real Person Fiction, Original Work",1548223609,...,,...,,The Innkeeper And The Gentleman,1548223609,2019-01-23T06:06:49.080Z,1548223609,2018-09-20T00:00:00.000Z,1548223609,8|?|0,1548223609,"Sequel to 'The Lord And The Teacher'.  One year after the events happening in Castle Lindelborn and Marco and Robert having fallen in love with each other, they are back in their castle to spend the summer months there. Oscar is eleven years old and a happy boy now, and he's looking forward to spending the summer with his uncle Thomas Müller and his friends in Castle Lindelborn and from the Cramerhouse.Thomas is still adjusting to his new life in Bad Bergzabern after the ten years he has spent far away, but his nephew and especially Manuel, the handsome innkeeper of the Cramerhouse, make it easy for him to settle in in the Pfälzer Forest and appreciate the beauty of his old and new home. Can he also help Manuel's young employee Marc-André and teach him reading and writing while he's living in Castle Lindelborn for the summer?",1548223609,31871,1548223609,-1,1548223609,0,1548223609,,2019-01-23T06:06:49.033Z,1548223609,0,1548223609
15808314,GoldenThreads,1551184258,Sins of the Cities Series - K. J. Charles,1551184258,...,,...,,The Care and Preservation of Nieces,1551184258,2019-02-26T12:30:58.468Z,1551184258,2018-08-26T00:00:00.000Z,1551184258,1|1|1,1551184258,Even the best families have their share of growing pains. Rowley has it under control.,1551184258,2228,1551184258,1,1551184258,1,1551184258,,2019-02-26T12:30:58.424Z,1551184258,0,1551184258
15816786,Vykyll,1556659534,"Dragon Age: Origins, Dragon Age II, Dragon Age: Inquisition, Dishonored (Video Games)",1556659534,...,,...,,The DogEared Pile: Unfinished and Abandoned Stories.,1556659534,2019-04-30T21:25:33.613Z,1556659534,2018-10-21T00:00:00.000Z,1556659534,18|18|1,1556659534,"I have a LOT of backlogged stories that I will never truly finish.Don't want them to go to waste, not being read and that.So, I'm making a  'DogEared' pile of them for you all to enjoy.
Index:Ch 1: New life, new rules: Reflected/Refracted short: The View. (Alex Knight Spoiler)Ch 2 & 3: New life, new rules: The Broken Ones. (Alt-Fenris, Spirits & Demons)Ch 4 & 5: The gentle slope of the mountain. (Alt-M!Hawke)Ch 6: Leather And Fade. (MCiT)Ch 7, 8, & 9: From these emerald waters doth life begin anew. (Dishonored/Dragon Age crossover)Ch 10, 11, 12 & beyond: The Band of Blighters. (F!Hawke & M!Morrigan)",1556659534,167338,1556659534,-1,1556659534,0,1556659534,,2019-04-30T21:25:33.478Z,1556659534,0,1556659534
15828675,Vismur,1575155738,魔道祖师 - 墨香铜臭 | Módào Zǔshī - Mòxiāng Tóngxiù,1575155738,...,,...,,Divergencia de caminos,1575155738,2019-11-30T23:15:37.786Z,1575155738,2018-11-01T00:00:00.000Z,1575155738,5|?|0,1575155738,Colección de drabbles. Contando sobre Lan Wangji y su misteriosa esposa.,1575155738,2116,1575155738,-1,1575155738,0,1575155738,,2019-11-30T23:15:37.760Z,1575155738,0,1575155738
15835131,"Isis, Prinzenhasserin",1545756908,Gentleman Bastard Sequence - Scott Lynch,1545756908,...,,...,,Corsets and Con Games (Devil in a Blue Dress Mix),1545756908,2019-05-27T02:09:16.977Z,1558922957,2018-08-29T00:00:00.000Z,1545756908,1|1|1,1558922957,"“Am I not the Thorn of Camorr?  Am I not a master of disguise?”“Master, yes,” said Jean.  “Not a mistress.”",1545756908,3598,1545756908,5,1545756908,1,1558922957,,2019-05-27T02:09:16.786Z,1558922957,0,1545756908
15841593,Jaywalker_Holmes,1571836974,魔道祖师 - 墨香铜臭 | Módào Zǔshī - Mòxiāng Tóngxiù,1571836974,...,,...,,My Immortal,1571836974,2019-10-23T13:22:53.521Z,1571836974,2018-09-13T00:00:00.000Z,1571836974,20|20|1,1571836974,"Wei WuXian had thought his troubles had ended after the mess with Jin GuangYao was sorted out, and that he would spend the rest of his life happily with his beloved Lan Zhan, double cultivating and rebuilding his golden core. However, fate had other plans. Mo XuanYu's frail body could not contain his increasing power, and an inevitable cultivation accident occurs, sending Wei WuXian to his six-year old body, just before Jiang FengMian found him. Will the YiLing Patriarch have a happier life this time around? Inspired by Evanescence's song, which will be reflected in the chapter titles.",1571836974,44330,1571836974,-1,1571836974,0,1571836974,,2019-10-23T13:22:53.510Z,1571836974,0,1571836974
15849879,Laxruar,1571999207,魔道祖师 - 墨香铜臭 | Módào Zǔshī - Mòxiāng Tóngxiù,1571999207,...,,...,,Red,1571999207,2019-10-25T10:26:47.386Z,1571999207,2019-08-31T00:00:00.000Z,1571999207,20|20|1,1571999207,"Jiang Cheng inflicts, Wei Wuxian breaks and Lan WangJi just wants to help.",1571999207,70000,1571999207,-1,1571999207,0,1571999207,,2019-10-25T10:26:47.365Z,1571999207,0,1571999207
15861123,Oko (tucuxi),1548512367,Original Work,1548512367,...,,...,,A Wild Call and a Clear Call,1548512367,2019-08-05T21:49:58.393Z,1565041798,2018-09-01T00:00:00.000Z,1548512367,1|1|1,1565041798,"Hiram Kalloway joined the naval service at the late age of thirteen, his mother having insisted on him remaining home until that age in order to gain some additional polish.
Over the years, Hiram gained a reputation for being an odd, bookish sort, but a fair enough captain who fought like a devil and read the sea like a lover, and kept to himself for the most part. Hiram knew he had a good reputation, as these things went, but also rather a peculiar one. He swam, because he liked it, which was considered very odd, and he did not eat jellied desserts, because he did not like them. He detested any number of naval practices that were standard on other ships, and turned a blind eye to others, and as a result he had been called an odd duck more than once.
And that was all fine, until he met Isaac Upton, a ship's master with a sharp tongue and a sharper temper, a man who seemed willing to castigate any and all members of the Admiralty who were inclined to cheat his captain, regardless of their power or influence.",1548512367,14665,1548512367,5,1548512367,1,1565041798,,2019-08-05T21:49:58.137Z,1565041798,0,1548512367
15873060,havisham,1546795314,ジョジョの奇妙な冒険 | JoJo no Kimyou na Bouken | JoJo's Bizarre Adventure,1546795314,...,,...,,Cover Me With Roses,1546795314,2019-01-06T17:21:54.246Z,1546795314,2018-09-02T00:00:00.000Z,1546795314,1|3|0,1546795314,"Bruno Buccellati, former child actor, wakes up one morning convinced his life has gone completely out of control. He's right, and he doesn't even know how right he is.",1546795314,4001,1546795314,3,1546795314,3,1546795314,,2019-01-06T17:21:54.168Z,1546795314,0,1546795314
15890703,"havisham, Sath",1547210094,ジョジョの奇妙な冒険 | JoJo no Kimyou na Bouken | JoJo's Bizarre Adventure,1547210094,...,,...,,the killing moon (by any other name remix),1547210094,2019-01-11T12:34:54.050Z,1547210094,2018-09-24T00:00:00.000Z,1547210094,1|1|1,1547210094,"Imagine the worst fate that could befall you, or those you loved best. It would not be death, for all who are born are fated to die. That was not the worst fate -- it was a normal one. A beginning necessitates an ending, a start to a stop. Think instead, of non-existence, or a death that was not so, a death that was incomplete.",1547210094,1840,1547210094,3,1547210094,1,1547210094,,2019-01-11T12:34:53.998Z,1547210094,0,1547210094
15896169,erlkoenig,1564487758,"The Silmarillion and other histories of Middle-Earth - J. R. R. Tolkien, TOLKIEN J. R. R. - Works & Related Fandoms",1564487758,...,,...,,let the gods speak softly of us,1564487758,2019-07-30T11:55:57.665Z,1564487758,2018-09-04T00:00:00.000Z,1564487758,1|1|1,1564487758,"He looks up at Balan, looks at him long and hard. All the lines and wrinkles, the fading freckles and the white of his hair, the loose skin at his throat and all the many things that time has touched, has taken and changed. All these changes and yet he is still his Balan, his Bëor, still the man he fell in love with so many years ago. Still as handsome, still as lovely and wonderful, and time cannot take that from him, for all that it has taken and all that it will take.",1564487758,3338,1564487758,5,1564487758,1,1564487758,,2019-07-30T11:55:57.612Z,1564487758,0,1564487758
15903273,Whaler,1559303824,Dishonored (Video Games),1559303824,...,,...,,Stones for the weary,1559303824,2019-05-31T11:57:04.105Z,1559303824,2019-02-17T00:00:00.000Z,1559303824,6|8|0,1559303824,"The Outsider got his life back, but nothing in this world is for free. Especially if even you don't know yourself.""Because if you can choose for a purpose, you will choose carefully. Like I chose a man I find joy in… Like if you want to make a god, one that lives forever and can form this world as he likes, you won’t choose just anyone – not a random kid from the streets.”",1559303824,71631,1559303824,-1,1559303824,0,1559303824,,2019-05-31T11:57:04.006Z,1559303824,0,1559303824
15910149,Nevospitanniy,1556320894,Dishonored (Video Games),1556320894,...,,...,,a blanket of red,1556320894,2019-07-23T03:33:40.463Z,1563852820,2018-11-06T00:00:00.000Z,1563852790,4|4|1,1563852820,"You touched me inside of my cage
  
  Beneath my shirt your hands embraced me
  
  Come to me feathered and frayed
  
  For I am the ugliest prey
 *It’s odd: they aren’t friends. The Outsider could barely be considered a business partner, the one Emily had inherited from her father. And yet, there’s no one who knows the tapestry of their collective pain better than him; after all, he’d seen every stitch and put more that a couple in himself.",1563852790,8944,1563852790,-1,1563852820,0,1563852820,,2019-07-23T03:33:40.426Z,1563852820,0,1556320894
15920064,addledwalrus,1548223470,Original Work,1548223470,...,,...,,Pestilenza,1548223470,2019-01-23T06:04:30.185Z,1548223470,2018-11-29T00:00:00.000Z,1548223470,4|?|0,1548223470,"The Black Death spreads through Europe and the Middle East, forever changing the lives of several individuals.",1548223470,4104,1548223470,-1,1548223470,0,1548223470,,2019-01-23T06:04:30.149Z,1548223470,0,1548223470
15933308,jeannedarcprice,1559014273,Dishonored (Video Games),1559014273,...,,...,,Visitor from the Void,1559014273,2019-05-28T03:31:12.995Z,1559014273,2018-09-08T00:00:00.000Z,1559014273,1|1|1,1559014273,Beware The Outsider. When you are at your weakest He will seek after you and ensnare you.Keep your heart closed to the Void.For He with the dark eyes is a trickster. - A warning from the deathbed of an unknown follower of The Outsider.,1559014273,921,1559014273,-1,1559014273,0,1559014273,,2019-05-28T03:31:12.924Z,1559014273,0,1559014273
15949844,"Deborah_Dasheen, Gianeya",1556683752,Dishonored (Video Games),1556683752,...,,...,,Don't Close Eyes,1556683752,2019-05-01T04:09:12.383Z,1556683752,2018-09-10T00:00:00.000Z,1556683752,1|1|1,1556683752,"“Who you watch in the bathtub is none of my concern.” Corvo’s words keep echoing to Piero. Interesting, what would he say, if he found out that Piero was not peeping on Callista, but him?",1556683752,1384,1556683752,-1,1556683752,0,1556683752,,2019-05-01T04:09:12.329Z,1556683752,0,1556683752
15949931,Deborah_Dasheen,1556659607,Dishonored (Video Games),1556659607,...,,...,,别闭眼,1556659607,2019-04-30T21:26:47.384Z,1556659607,2018-09-10T00:00:00.000Z,1556659607,1|1|1,1556659607,“你偷窥什么人洗澡不关我事。”Corvo的话语时常在Piero耳边回响。有趣的是，如果Corvo发现Piero在偷窥的并不是Callista而是他，他会说些什么呢？,1556659607,2116,1556659607,-1,1556659607,0,1556659607,,2019-04-30T21:26:47.295Z,1556659607,0,1556659607
15966728,bluebeholder,1563160581,Dishonored (Video Games),1563160581,...,,...,,Tales From the Void,1563160581,2019-07-15T03:16:20.687Z,1563160581,2019-05-21T00:00:00.000Z,1563160581,9|?|0,1563160581,...,1563160581,6499,1563160581,1,1563160581,,1563160581,,2019-07-15T03:16:20.602Z,1563160581,0,1563160581
15988805,bluebeholder,1556683447,Dishonored (Video Games),1556683447,...,,...,,a thousand years,1556683447,2019-05-01T04:04:06.636Z,1556683447,2018-09-14T00:00:00.000Z,1556683447,1|1|1,1556683447,"Every thousand years, a man is born, and every thousand years, the Outsider meets him once again. Reincarnation is a funny thing, when you're a god who never dies.",1556683447,1951,1556683447,1,1556683447,1,1556683447,,2019-05-01T04:04:06.572Z,1556683447,0,1556683447
15991097,ectocosme,1571766509,"魔道祖师 - 墨香铜臭 | Módào Zǔshī - Mòxiāng Tóngxiù, The Grandmaster of Demonic Cultivation",1571766509,...,,...,,no other cloud compares to you,1571766509,2019-10-22T17:48:29.327Z,1571766509,2019-10-05T00:00:00.000Z,1571766509,32|?|0,1571766509,"Divine beasts sometimes fall in love with humans. Half-divine beast most often than not. Dragons always. Wei Wuxian visits Cloud Recesses when he receives the first 'hail' of who will become his mate. At least, he is determined for them to become mates.But life does not flow as the river, it is a meandering stream easily disturbed.",1571766509,106836,1571766509,-1,1571766509,0,1571766509,,2019-10-22T17:48:29.282Z,1571766509,0,1571766509
15997529,MEVaughan,1545783895,Gentleman Bastard Sequence - Scott Lynch,1545783895,...,,...,,Home,1545783895,2018-12-26T00:24:54.815Z,1545783895,2018-09-16T00:00:00.000Z,1545783895,3|4|0,1545783895,...,1545783895,4110,1545783895,1,1545783895,4,1545783895,,2018-12-26T00:24:54.810Z,1545783895,0,1545783895
16007708,Justanothersinger,1571999668,魔道祖师 - 墨香铜臭 | Módào Zǔshī - Mòxiāng Tóngxiù,1571999668,...,,...,,Like the clouds for the moon.,1571999668,2019-10-25T10:34:28.269Z,1571999668,2019-08-01T00:00:00.000Z,1571999668,8|?|0,1571999668,"Five kingdoms used to stand, with bated breaths alongside their fellow man. One kingdom drenched with the blood of war, two kingdoms, side by side, friends in power, one kingdom, with bared fangs and tongue, poisoned words, half-truths about the swords they herd and one kingdom, quietly withdrawn from the world, in the light of recent events unfurled. Or at least, that was how it should be.The First Prince and Princess of Yunmeng, stranded in the lands of Gusu beyond the barrier, and the beloved troublemaker that brought them there, somehow, against all odds, find themselves at the heart of a scheme, years in the making and in the heart of bonds, of romances that shake the very core of the kingdoms they stand for.'aka the Royal A/B/O AU with Wangxian and Xicheng, along with unresolved sexual tension resolved by fighting or making out(or both), political conflicts, dumb teenagers being dumb, bad comedy, fighting zombies and maybe a few costume changes along the way i gotta hit all those guilty pleasure kinks man",1571999668,46855,1571999668,-1,1571999668,0,1571999668,,2019-10-25T10:34:28.258Z,1571999668,0,1571999668
16023671,Erradianwhocantread,1564571200,"The Silmarillion and other histories of Middle-Earth - J. R. R. Tolkien, The Lord of the Rings - J. R. R. Tolkien",1564571200,...,,...,,So Musical A Discord,1564571200,2019-07-31T11:06:39.618Z,1564571200,2019-01-22T00:00:00.000Z,1564571200,26|?|0,1564571200,Song inspired mini-fics from my tumblr,1564571200,12965,1564571200,-1,1564571200,0,1564571200,,2019-07-31T11:06:39.548Z,1564571200,0,1564571200
16079258,lieutenant_hatshepsut,1556659569,Dishonored (Video Games),1556659569,...,,...,,Castling,1556659569,2019-04-30T21:26:08.924Z,1556659569,2018-09-23T00:00:00.000Z,1556659569,1|1|1,1556659569,"Корво - божество, Чужой - человек, оказавшийся не в то время не в том месте.",1556659569,1640,1556659569,-1,1556659569,0,1556659569,,2019-04-30T21:26:08.842Z,1556659569,0,1556659569
16088492,Daddy Jiang Cheng (gotaemin),1572801872,魔道祖师 - 墨香铜臭 | Módào Zǔshī - Mòxiāng Tóngxiù,1572801872,...,,...,,Mo XuanYu Deserves Happiness,1572801872,2019-11-03T17:24:31.860Z,1572801872,2018-09-24T00:00:00.000Z,1572801872,1|1|1,1572801872,Small scene about the ambiguous time when Mo XuanYu was part of the LanLingJin sect and bothered Jin GuangYao a lot that the author never really touched on. I want him to be happy while still sticking to canon BUT I WANT HIM TO BE HAPPY OK,1572801872,1180,1572801872,1,1572801872,1,1572801872,,2019-11-03T17:24:31.825Z,1572801872,0,1572801872
16111208,ravewriter,1548135480,Original Work,1548135480,...,,...,,Sleeping Beauty,1548135480,2019-01-22T05:38:00.139Z,1548135480,2018-09-27T00:00:00.000Z,1548135480,1|1|1,1548135480,"A king finds little sleeping beauty fifty years before the end of her term. He thinks she's a sex doll, but probably wouldn't care if she were real.",1548135480,1155,1548135480,-1,1548135480,0,1548135480,,2019-01-22T05:38:00.091Z,1548135480,0,1548135480
16118126,nanthebread,1571999246,魔道祖师 - 墨香铜臭 | Módào Zǔshī - Mòxiāng Tóngxiù,1571999246,...,,...,,what do you mean this goes in that,1571999246,2019-10-25T10:27:25.864Z,1571999246,2019-05-04T00:00:00.000Z,1571999246,5|6|0,1571999246,"“Yes, Gusu Lan’s education is top-notch, heads and shoulders above every other cultivation sect...but have you ever considered these poor boys need a little more practical knowledge? I think it’d be a good idea to implement sex ed!”Lan Qiren was torn between having a cardiac event then and there or sending Wei Wuxian into the afterlife once more, preferably with his own two hands.",1571999246,10491,1571999246,-1,1571999246,0,1571999246,,2019-10-25T10:27:25.832Z,1571999246,0,1571999246
16131281,"adrift_me, WahlBuilder",1556683414,Dishonored (Video Games),1556683414,...,,...,,Out of the Spotlight,1556683414,2019-05-01T04:03:34.365Z,1556683414,2018-09-29T00:00:00.000Z,1556683414,1|1|1,1556683414,"Corvo is an old rocker, and Levi is a man with an ethereal voice and past in an emo hardcore band. They find each other in a small club on the outskirts of the city, and music does its magic to bring two different souls closer.
A tumblr prompt for a modern au.",1556683414,2060,1556683414,-1,1556683414,0,1556683414,,2019-05-01T04:03:34.305Z,1556683414,0,1556683414
16134659,Anonymous,1564458396,The Silmarillion and other histories of Middle-Earth - J. R. R. Tolkien,1564458396,...,,...,,a sweetness old and new and rare,1564458396,2019-07-30T03:46:38.419Z,1564458398,2018-09-29T00:00:00.000Z,1564458396,1|1|1,1564458398,"All Findaráto wants is to escape Nargothrond for a day with Balan, away from the politics and the pettiness and everything else. And when they finally make their escape, it is all so, so worth the hassle.",1564458396,2057,1564458396,3,1564458398,1,1564458398,,2019-07-30T03:46:38.361Z,1564458398,0,1564458396
16189658,ScalyshArc,1575155760,"魔道祖师 - 墨香铜臭 | Módào Zǔshī - Mòxiāng Tóngxiù, The Grandmaster of Demonic Cultivation",1575155760,...,,...,,31 Autumn Days,1575155760,2019-11-30T23:16:00.279Z,1575155760,2018-10-31T00:00:00.000Z,1575155760,31|31|1,1575155760,"October Writing Prompts 2018. Writing Prompts by Mia Botha at writerwrite. Kumpulan ficlet dengan berbagai pair dan cita rasa, karena kita butuh gula untuk menangkal pahit-pahit yang akan datang. ((Edit : ga jadi isi gula semua, otak saya kebanyakan kafein jadi lebih banyak pahit uhukmaaf lupa tulis, akan ada beberapa spoiler chapter 90an ke atas))Chapter 31 : AU Canon divergence. Sebelum Yiling-laozu lahir kembali...",1575155760,15477,1575155760,-1,1575155760,0,1575155760,,2019-11-30T23:16:00.266Z,1575155760,0,1575155760
16191635,SteelLily,1559421693,Call the Midwife,1559421693,...,,...,,Lullaby,1559421693,2019-06-01T20:41:33.364Z,1559421693,2018-10-04T00:00:00.000Z,1559421693,1|1|1,1559421693,"The trolley full of beer was hurdling toward Lucille at an alarming rate and showed no signs of stopping. Before Valerie Dyer had even consciously made the decision, she found herself between Lucille and the runaway alcohol. Val caught the look of absolute horror on Lucille’s face right before the cart slammed into her. The last thing Val was able to process before passing out was Lucille shouting into the Black Sail for Val’s aunt to telephone for an ambulance.",1559421693,1696,1559421693,3,1559421693,1,1559421693,,2019-06-01T20:41:33.362Z,1559421693,0,1559421693
16212158,Fyon_Pyong,1575260651,魔道祖师 - 墨香铜臭 | Módào Zǔshī - Mòxiāng Tóngxiù,1575260651,...,,...,,Both Master and His Dear Disciple are Clueless at the Path of Love,1575260651,2019-12-02T04:24:14.652Z,1575260655,2019-01-04T00:00:00.000Z,1575260651,5|?|0,1575260655,"After the siege of the Burial Mounds led by his beloved ShiDi, the Yiling Patriarch Wei WuXian was spared by the Heavens before death welcomed him. Instead of having his body perish from the world for good, the souls of the past from the Burial Mounds saved him and hid his body to the lonely village of Mo, where he met his first disciple, Mo XuanYu, the lunatic cut-sleeve.After 13 years of having roamed the world with his beloved disciple as a travelling apothecary, the duo stumbled upon the mysterious ghost hand that has been terrorizing the Mo Village. Where the strange turn of events instigated the current investigation. However, Heavens’ Will was a fickle thing. Even with the numerous routes that Fate has laid out for him and all of his old acquaintances, Wei WuXian realized that no matter in what world he was in, Lan WangJi will always be there with him. Too bad, our Patriarch was too blind to see it.",1575260651,23094,1575260651,-1,1575260655,0,1575260655,,2019-12-02T04:24:14.633Z,1575260655,0,1575260651
16214687,amyfortuna,1564458629,The Silmarillion and other histories of Middle-Earth - J. R. R. Tolkien,1564458629,...,,...,,Close to Your Heart,1564458629,2019-07-30T03:50:29.435Z,1564458629,2018-10-07T00:00:00.000Z,1564458629,1|1|1,1564458629,Bëor and Finrod arrive in Nargothrond. It's full of Elves.,1564458629,978,1564458629,5,1564458629,1,1564458629,,2019-07-30T03:50:29.403Z,1564458629,0,1564458629
16216883,Delusional_Lunatic_3791,1564544143,"The Silmarillion and other histories of Middle-Earth - J. R. R. Tolkien, Strange Magic (2015)",1564544143,...,,...,,Sing Me A Song,1564544143,2019-07-31T03:35:44.569Z,1564544145,2018-11-01T00:00:00.000Z,1564544143,2|?|0,1564544145,"Wedding bells are ringing on the day Amarië and Finrod are to be joined in holy matrimone. At least, that's what's supposed to happen…",1564544143,2874,1564544143,-1,1564544145,0,1564544145,,2019-07-31T03:35:44.525Z,1564544145,0,1564544143
16232912,NowSeeHere,1559502348,Call the Midwife,1559502348,...,,...,,To a certain degree,1559502348,2019-06-03T23:24:03.405Z,1559604243,2018-10-08T00:00:00.000Z,1559502348,1|1|1,1559604243,"Delia sets up a meeting for Valerie to meet the new nurse Lucille for drinks over happy hour. Things get off to a bumpy start, but they work out in the end.",1559502348,3866,1559502348,-1,1559604243,0,1559604243,,2019-06-03T23:24:03.403Z,1559604243,0,1559502348
16235909,EHyde,1572799681,"魔道祖师 - 墨香铜臭 | Módào Zǔshī - Mòxiāng Tóngxiù, Discworld - Terry Pratchett",1572799681,...,,...,,After,1572799681,2019-11-03T16:48:01.248Z,1572799681,2018-10-08T00:00:00.000Z,1572799681,1|1|1,1572799681,"After Mo Xuanyu summons Wei Wuxian, he has one final encounter.",1572799681,382,1572799681,-1,1572799681,0,1572799681,,2019-11-03T16:48:01.207Z,1572799681,0,1572799681
16241288,renysen,1572000028,魔道祖师 - 墨香铜臭 | Módào Zǔshī - Mòxiāng Tóngxiù,1572000028,...,,...,,To Deserve So Much More,1572000028,2019-10-25T10:40:28.392Z,1572000028,2018-10-31T00:00:00.000Z,1572000028,5|5|1,1572000028,"Mo XuanYu was a little too late to getting Wei WuXian's soul. A civilian family never expected to be under siege by an army and their youngest daughter happens upon a treasure niche where old writings of bringing back the dead have been recorded. In the effort to save her family, she sacrifices her soul and brings forth Wei WuXian. Armed with a powerful Golden Core and a female body, Wei WuXian has to deal with the increasing number of cultivators that want to learn from the powerful cultivator that can destroy entire armies single-handedly, more so cultivators that want to marry ""her"".Meanwhile, Wei WuXian thinks husband hunting would be a lot easier if he didn’t have to pick anyone.",1572000028,19909,1572000028,-1,1572000028,0,1572000028,,2019-10-25T10:40:28.369Z,1572000028,0,1572000028
16251128,KayNight,1542460235,"Castlevania (Cartoon), 悪魔城ドラキュラ | Castlevania Series",1542460235,...,,...,,"Unwind Me, Untether Me",1542460235,2018-11-17T13:10:35.215Z,1542460235,2018-10-10T00:00:00.000Z,1542460235,1|1|1,1542460235,"Sometimes Trevor just needs to be held down, fucked out of his mind, and given a little bit of love. Alucard is happy to oblige.",1542460235,1328,1542460235,3,1542460235,1,1542460235,,2018-11-17T13:10:35.135Z,1542460235,0,1542460235
16255694,Ticktocktheclock (tashatj),1572790629,魔道祖师 - 墨香铜臭 | Módào Zǔshī - Mòxiāng Tóngxiù,1572790629,...,,...,,Break Me (so you can piece me back together again),1572790629,2019-11-03T14:17:08.566Z,1572790629,2019-07-19T00:00:00.000Z,1572790629,2|5|0,1572790629,There is much more than meets the eye.,1572790629,4812,1572790629,-1,1572790629,0,1572790629,,2019-11-03T14:17:08.522Z,1572790629,0,1572790629
16255898,bluebeholder,1562432312,Dishonored (Video Games),1562432312,...,,...,,An Insufferable God,1562432312,2019-07-06T16:58:32.147Z,1562432312,2018-10-10T00:00:00.000Z,1562432312,1|1|1,1562432312,"During his time in Karnaca, Corvo sneaks into a secret room to retrieve a rune from a shrine. Of course the Outsider can't let this pass without a comment...or two...or perhaps a monologue. He's insufferable, and the only solution to that problem is to kiss him.",1562432312,1126,1562432312,-1,1562432312,0,1562432312,,2019-07-06T16:58:32.109Z,1562432312,0,1562432312
16276910,dynamicsymmetry,1556271732,Dishonored (Video Games),1556271732,...,,...,,"I’ve Found My Place, I’m Safe and Sound",1556271732,2019-04-26T09:42:12.089Z,1556271732,2019-04-22T00:00:00.000Z,1556271732,7|?|0,1556271732,"Emily Kaldwin is on the throne, Dunwall is rebuilding, and Corvo Attano desperately wants to move on. Of course he can’t. Of course when he tries he finds himself moving in some absolutely horrifying directions.",1556271732,19611,1556271732,-1,1556271732,0,1556271732,,2019-04-26T09:42:12.009Z,1556271732,0,1556271732
16294982,Menuridae,1575155580,魔道祖师 - 墨香铜臭 | Módào Zǔshī - Mòxiāng Tóngxiù,1575155580,...,,...,,Blink,1575155580,2019-11-30T23:13:00.490Z,1575155580,2019-01-20T00:00:00.000Z,1575155580,10|10|1,1575155580,"“So on Saturday night, while you are having the time of your life on a date with your hot, hunky, handsome soulmate, I have to go on a date with a rich young master who sounds like a literal stick in the mud whilst pretending to be you?""
 
Mo Xuanyu's family has set him up on a blind date with a rich young master after learning he is gay. However, he already has plans for that night. Instead of going on the date himself, Mo Xuanyu enlists Wei Wuxian to go as a substitute. Wei Wuxian must act like his best friend for the night before kindly turning down Mo Xuanyu's date.
Only, Wei Wuxian finds out that turning down Mo Xuanyu's date is possibly the hardest thing he has had to do in a long time.
Russian Translation now available.",1575155580,79174,1575155580,-1,1575155580,0,1575155580,,2019-11-30T23:13:00.465Z,1575155580,0,1575155580
16317368,Devin Cage (shiny_silver_socks),1548004194,Original Work,1548004194,...,,...,,North Star in Somebody's Sky,1548004194,2019-07-23T03:04:05.140Z,1563851045,2018-10-20T00:00:00.000Z,1548004194,1|1|1,1563851045,"There was no use lusting after Colin, no matter how delectable he looked after spending a day working in the sun. That ship had sailed more than a decade ago, with Colin on it and Reggie at home with a broken heart.",1548004194,1616,1548004194,5,1548004194,1,1563851045,,2019-07-23T03:04:04.785Z,1563851045,0,1548004194
16333052,"Azides, ravewriter",1548135500,Original Work,1548135500,...,,...,,A Different Sleeping Beauty,1548135500,2019-01-22T05:38:20.243Z,1548135500,2018-10-18T00:00:00.000Z,1548135500,1|1|1,1548135500,A king stumbles onto a different sleeping beauty. It's not what the boy's father had in mind.,1548135500,2881,1548135500,-1,1548135500,0,1548135500,,2019-01-22T05:38:20.192Z,1548135500,0,1548135500
16352579,Firoy (nadin_hime),1575155603,魔道祖师 - 墨香铜臭 | Módào Zǔshī - Mòxiāng Tóngxiù,1575155603,...,,...,,Об одобренных техниках воскрешения,1575155603,2019-11-30T23:13:23.349Z,1575155603,2019-01-10T00:00:00.000Z,1575155603,2|2|1,1575155603,"Пара слов об эксперементальных практиках, которые доведут любых темных магистров до слез. Постканон, серия драбблов, где у всех все хорошо.",1575155603,1788,1575155603,-1,1575155603,0,1575155603,,2019-11-30T23:13:23.327Z,1575155603,0,1575155603
16355975,vanitasmemoire,1572787948,魔道祖师 - 墨香铜臭 | Módào Zǔshī - Mòxiāng Tóngxiù,1572787948,...,,...,,Discord in Mortality,1572787948,2019-11-03T13:32:28.223Z,1572787948,2019-01-23T00:00:00.000Z,1572787948,3|?|0,1572787948,"Before Wei WuXian’s death, he hopes for the day that he and Lan Zhan can love each other again without any conflicts that will endanger them. Yet, the heavens are still punishing him after all these years.It’s as if history was repeated, everything was once again the same but good news the Wen Sect no longer exists so there won’t be any upcoming war. Everything is in picture but there’s an empty spot in the middle. He wonders until now where he is. Lan Wangji doesn’t want his sufferings to be repeated too, he wished that they will be reunited in their next life but it seems the world doesn’t want to.Until he saw that figure in black robes, flute in one hand and long hair swaying with the wind and those dead eyes staring in the distance. Lan Wangji knew that the heavens didn’t punished Wei WuXian… they saved him.",1572787948,6837,1572787948,-1,1572787948,0,1572787948,,2019-11-03T13:32:28.197Z,1572787948,0,1572787948
16365791,havisham,1546850714,ジョジョの奇妙な冒険 | JoJo no Kimyou na Bouken | JoJo's Bizarre Adventure,1546850714,...,,...,,Heaven is Betting On Us,1546850714,,,2018-10-21T00:00:00.000Z,1546850714,1|1|1,1549076617,"Bruno and Giorno live happily ever after, with vampires.",1546850714,1906,1546850714,3,1546850714,1,,,2019-02-02T03:03:36.692Z,1549076617,0,1546850714
16387298,gunchaann,1575139543,"魔道 祖师 | Mo Dao Zu Shi | Grandmaster of Demonic Cultivation, 魔道祖师 - 墨香铜臭 | Módào Zǔshī - Mòxiāng Tóngxiù, The Founder of Diabolism",1575139543,...,,...,,It's You,1575139543,2019-11-30T18:45:43.088Z,1575139543,2019-08-08T00:00:00.000Z,1575139543,23|?|0,1575139543,"Saat seseorang memiliki sesuatu yang berharga maka kehidupan mereka akan terasa bahagia, namun jika sesuatu yang berharga itu harus merenggut sesuatu yang lain apa yang akan kita lakukan? ""Kenangan bersamamu adalah sesuatu yang berharga, aku mencintaimu dari lubuk hatiku,"" ""Ya,""""Apa kau bisa menjaganya untukku?""""Tentu saja,""""Terima kasih,"" °DISCLAIMER : Mo Xiang Tong Xiu 墨香铜臭°Novel/Manhua/Donghua : Mo Dao Zu Shi 魔道祖师 (Grandmaster of Demonic Cultivation).",1575139543,131113,1575139543,-1,1575139543,0,1575139543,,2019-11-30T18:45:43.075Z,1575139543,0,1575139543
16388027,hawa777,1572814202,魔道祖师 - 墨香铜臭 | Módào Zǔshī - Mòxiāng Tóngxiù,1572814202,...,,...,,RPG AU ~Isekai Tensei,1572814202,2019-11-03T20:50:02.173Z,1572814202,2018-12-07T00:00:00.000Z,1572814202,2|?|0,1572814202,"When they opened their eyes, they realized that they have been reincarnated...again!",1572814202,362,1572814202,-1,1572814202,0,1572814202,,2019-11-03T20:50:02.146Z,1572814202,0,1572814202
16392617,rikke,1573217679,魔道祖师 - 墨香铜臭 | Módào Zǔshī - Mòxiāng Tóngxiù,1573217679,...,,...,,nothing gold can stay,1573217679,2019-11-08T12:54:38.767Z,1573217679,2018-10-24T00:00:00.000Z,1573217679,1|1|1,1573217679,"Before Wen Chao can throw him into Yiling Burial Mounds, Lan WangJi finds Wei WuXian.",1573217679,10353,1573217679,5,1573217679,1,1573217679,,2019-11-08T12:54:38.726Z,1573217679,0,1573217679
16395635,Yukkie (orphan_account),1575155784,"魔道祖师 - 墨香铜臭 | Módào Zǔshī - Mòxiāng Tóngxiù, 魔道祖师 | Módào Zǔshī (Cartoon), The Grandmaster of Demonic Cultivation, Founder of Diabolism, 魔道祖師",1575155784,...,,...,,Halloween Special Fanfiction- Your Existence Glowed in My Heart,1575155784,2019-11-30T23:16:23.578Z,1575155784,2018-10-24T00:00:00.000Z,1575155784,1|1|1,1575155784,...,1575155784,3205,1575155784,-1,1575155784,0,1575155784,,2019-11-30T23:16:23.556Z,1575155784,0,1575155784
16418270,VulpesKorsak,1556709722,Dishonored (Video Games),1556709722,...,,...,,I was wondering if you believe in ghosts,1556709722,2019-05-01T11:22:01.863Z,1556709722,2018-10-26T00:00:00.000Z,1556709722,1|1|1,1556709722,Corvo meets a ghost of a young man with black eyes. Surprisingly even for himself he is not afraid. He even feels sympathy for the lonely ghost.,1556709722,2354,1556709722,-1,1556709722,0,1556709722,,2019-05-01T11:22:01.803Z,1556709722,0,1556709722
16437284,Yukkie,1575155768,"魔道祖师 - 墨香铜臭 | Módào Zǔshī - Mòxiāng Tóngxiù, 魔道祖师 | Módào Zǔshī (Cartoon), The Grandmaster of Demonic Cultivation, Founder of Diabolism, 魔道祖師",1575155768,...,,...,,Halloween Special Fanfiction- Your Existence Glowed in My Heart,1575155768,2019-11-30T23:16:07.770Z,1575155768,2018-10-31T00:00:00.000Z,1575155768,1|1|1,1575155768,...,1575155768,8438,1575155768,-1,1575155768,0,1575155768,,2019-11-30T23:16:07.746Z,1575155768,0,1575155768
16439510,lieutenant_hatshepsut,1556272447,Dishonored (Video Games),1556272447,...,,...,,The Irony,1556272447,2019-04-26T09:54:07.024Z,1556272447,2018-10-28T00:00:00.000Z,1556272447,1|1|1,1556272447,Бездна пришла во дворец (или нет).,1556272447,1200,1556272447,-1,1556272447,0,1556272447,,2019-04-26T09:54:06.988Z,1556272447,0,1556272447
16442441,Sath,1540762053,Castlevania (Cartoon),1567025922,...,,...,,I Put a Spell on You,1540762053,2019-08-28T21:08:58.143Z,1567026538,2018-10-28T00:00:00.000Z,1540762053,1|1|1,1567026538,"Alucard accidentally casts from the Belmont book of penis spells, and only Trevor Belmont can help him undo the spell's handiwork.",1540762053,1523,1540762053,5,1540762053,1,1567026538,,2019-08-28T21:08:57.980Z,1567026538,0,1540762053
16443623,CountingSheep,1571754733,魔道祖师 - 墨香铜臭 | Módào Zǔshī - Mòxiāng Tóngxiù,1571754733,...,,...,,Lotus in the Palace,1571754733,2019-10-22T14:32:12.582Z,1571754733,2019-10-14T00:00:00.000Z,1571754733,35|?|0,1571754733,"Right after winning a war, General Wei WuXian has a rude awakening as an omega and is dragged to the imperial palace.  While he gets used to his new place in society, he begins to reconnect with his family and old friends--one of which is an ice-cold Emperor who is as hard to read as ever.",1571754733,127427,1571754733,-1,1571754733,0,1571754733,,2019-10-22T14:32:12.544Z,1571754733,0,1571754733
16444499,Guntz,1542458580,"悪魔城ドラキュラ | Castlevania Series, Castlevania (Cartoon), Castlevania (Netflix), Castlevania (TV)",1542458580,...,,...,,Try to Catch the Sun,1542458580,2018-11-17T12:43:00.031Z,1542458580,2018-11-11T00:00:00.000Z,1542458580,2|?|0,1542458580,"What a horrible night to have a curse.""Yeah, no kidding.(Self-Insert Fem!Alucard)",1542458580,8626,1542458580,-1,1542458580,0,1542458580,,2018-11-17T12:42:59.955Z,1542458580,0,1542458580
16462094,Shinku_Tsuuki,1575155775,魔道祖师 - 墨香铜臭 | Módào Zǔshī - Mòxiāng Tóngxiù,1575155775,...,,...,,How Was It?,1575155775,2019-11-30T23:16:15.341Z,1575155775,2018-10-30T00:00:00.000Z,1575155775,1|1|1,1575155775,"“Hei, Tuan Muda Nie. Bagaimana rasanya mengontrol semua dari balik tirai?",1575155775,287,1575155775,-1,1575155775,0,1575155775,,2019-11-30T23:16:15.314Z,1575155775,0,1575155775
16484438,Moon_Lovers_Lover,1571837107,魔道祖师 - 墨香铜臭 | Módào Zǔshī - Mòxiāng Tóngxiù,1571837107,...,,...,,Hiding Place,1571837107,2019-10-23T13:25:07.266Z,1571837107,2019-08-10T00:00:00.000Z,1571837107,10|10|1,1571837107,"Jingyi only realizes that he’s staring when Sect Leader Jiang turns to look back at him with narrowed eyes and an annoyed expression. Jingyi gulps but can’t look away. Their eyes meet, and Jingyi panics.And then he realizes that he’s been pouring hot water on his boots for the past five seconds, panics more, and manages to brush the teapot, teacups, and tray crashing to the floor with the edge of his sleeve.Edit: GUYS STOP WHAT YOU'RE DOING AND LOOK AT THIS ART THAT KEY DREW FOR THIS STORY - IT'S BEAUTIFUL AND I DIE FROM HAPPINESS WHENEVER I LOOK AT IT: http://keysmash.tumblr.com/post/180584585034/i-finally-drew-jiang-cheng-and-lan-jingyi-from-oneALSO YALL GOTTA LOOK AT THIS ONE TOO WO DE TIAN HOLY SHIT: https://www.instagram.com/p/BrpxuQrl3I5/?utm_source=ig_share_sheet&igshid=105t5y1o9e9vk",1571837107,25828,1571837107,-1,1571837107,0,1571837107,,2019-10-23T13:25:07.236Z,1571837107,0,1571837107
16512557,ivelostmyspectacles,1542461353,"悪魔城ドラキュラ | Castlevania Series, Castlevania (Cartoon)",1542461353,...,,...,,"x is work, y is play, and z is keeping your mouth shut",1542461353,2018-11-17T13:29:13.287Z,1542461353,2018-11-04T00:00:00.000Z,1542461353,1|1|1,1542461353,"“Please, you bastard,” he ground out, and heard Alucard laugh from behind.
“You need only ask.”
 
aka the pwp no one asked for",1542461353,3553,1542461353,5,1542461353,1,1542461353,,2018-11-17T13:29:13.231Z,1542461353,0,1542461353
16514282,anodyneAvian,1542458596,"悪魔城ドラキュラ | Castlevania Series, Castlevania (Cartoon)",1542458596,...,,...,,in your warmth I forget how cold it can be,1542458596,2018-11-17T12:43:15.635Z,1542458596,2018-11-04T00:00:00.000Z,1542458596,1|1|1,1542458596,"With Sypha visiting family, Trevor decides to drop by and check on Adrian in the castle after everything is all said and done. Warmth is shared, names are changed.Basically just fun banter and some sex, because why not.",1542458596,5635,1542458596,-1,1542458596,0,1542458596,,2018-11-17T12:43:15.580Z,1542458596,0,1542458596
16518062,Sath,1541370582,Castlevania (Cartoon),1541370582,...,,...,,Al Dente,1541370582,2018-11-04T22:30:17.778Z,1541370618,2018-11-04T00:00:00.000Z,1541370582,1|1|1,1541370618,Hector offers himself to Dracula.,1541370582,1175,1541370582,5,1541370582,1,1541370618,,2018-11-04T22:30:17.776Z,1541370618,0,1541370582
16530398,somedy,1556272439,Dishonored (Video Games),1556272439,...,,...,,Кадавр,1556272439,2019-04-30T17:13:18.524Z,1556644399,2018-11-05T00:00:00.000Z,1556272439,5|5|1,1556644399,"получив трон, Корво не думал, что лишится всего остального",1556272439,32908,1556272439,-1,1556644399,0,1556644399,,2019-04-30T17:13:18.451Z,1556644399,0,1556272439
16541753,iskendaris,1573040217,"魔道祖师 - 墨香铜臭 | Módào Zǔshī - Mòxiāng Tóngxiù, Mo Dao Zu Shi, The Grandmaster of Demonic Cultivation, The Founder of Diabolism",1573040217,...,,...,,Vermillion Seeds 《 此物最相思 》,1573040217,2019-11-06T11:37:02.302Z,1573040222,2018-11-06T00:00:00.000Z,1573040217,2|2|1,1573040222,"Only in Gusu does a wedding feel like a funeral, Wuxian thought ruefully to himself. 
Wei Wuxian and Lan Wangji are finally to be married, and little did he expect that planning a wedding would be so much work!",1573040217,12199,1573040217,-1,1573040222,0,1573040222,,2019-11-06T11:37:02.270Z,1573040222,0,1573040217
16545497,hellahanners,1542458562,"悪魔城ドラキュラ | Castlevania Series, Castlevania (Cartoon)",1542458562,...,,...,,Blood Bound,1542458562,2018-11-17T12:42:42.163Z,1542458562,2018-11-07T00:00:00.000Z,1542458562,1|1|1,1542458562,"Trevor is mean, Alucard is mean, they're both lonely and horny and they both enjoy punching each other. What more do you need?",1542458562,3119,1542458562,1,1542458562,1,1542458562,,2018-11-17T12:42:42.074Z,1542458562,0,1542458562
16555175,havisham,1546797861,Castlevania (Cartoon),1546797861,...,,...,,New Skin for the Old Ceremony,1546797861,2019-01-06T18:04:20.633Z,1546797861,2018-11-08T00:00:00.000Z,1546797861,2|2|1,1546797861,Trevor discovers that the best way to resist temptation is to give into it -- or some nonsense like that.,1546797861,3536,1546797861,1,1546797861,2,1546797861,,2019-01-06T18:04:20.563Z,1546797861,0,1546797861
16585148,Sath,1541950914,Castlevania (Cartoon),1541950914,...,,...,,After the Flood,1541950914,2018-11-11T15:50:35.158Z,1541951435,2018-11-11T00:00:00.000Z,1541950914,1|1|1,1541951435,"In a world where Dracula was able to kill his son and win at Braila, Hector has no one but Isaac.",1541950914,2462,1541950914,5,1541950914,1,1541951435,,2018-11-11T15:50:35.155Z,1541951435,0,1541950914
16622852,Blackbeltkitten2,1750197942,Night at the Museum (Movies),1750197942,...,,...,,"Bad, Bad Alphonse Capone (Original)",1750197942,2025-06-17T22:05:42.242Z,1750197942,2022-02-08T00:00:00.000Z,1750197942,?|?|?,1750197942,"Al and the boys practically beg (Though they won’t stoop so far as to say they were actually begging.) to be colored up like everyone else.  Finally one day they get a paint-job, despite McPhee’s ever-present paranoia; Capone and the gang being popular in grey-scale.  Several weeks after they finally get what they want, Al gets in a fight, and doesn’t come out of it well.  Luckily for him Napoleon is compassionate enough to put up with Al’s grating personality to help him.Please read chapter 13, titled ""Quick Update!"" as it pertains to updates potentially coming to this story!",1750197942,15870,1750197942,-1,1750197942,0,1750197942,,2025-06-17T22:05:42.239Z,1750197942,0,1750197942
16632914,lanondolce,1572422127,魔道祖师 - 墨香铜臭 | Módào Zǔshī - Mòxiāng Tóngxiù,1572422127,...,,...,,Beauty and the Millionaire,1572422127,2019-10-30T07:55:27.304Z,1572422127,2019-04-28T00:00:00.000Z,1572422127,5|?|0,1572422127,"The last thing Wei WuXian had been expecting to happen that evening was getting tied up, kidnapped, and thrown on the front porch of some snobby rich kid's Manor, but life has ways of suprsing you like that sometimes.Or, alternatively: everybody is born with their soulmate's name tattoed on their wrist, and Lan WangJi is an impatient man.",1572422127,10411,1572422127,-1,1572422127,0,1572422127,,2019-10-30T07:55:27.287Z,1572422127,0,1572422127
16640606,dynamicsymmetry,1559013979,Dishonored (Video Games),1559013979,...,,...,,No More Dreaming of the Dead as if Death Itself Was Undone,1559013979,2019-05-28T03:26:18.924Z,1559013979,2019-05-05T00:00:00.000Z,1559013979,7|?|0,1559013979,"For the good of the Empire, out of love for the Empress, Corvo Attano takes the throne in a cloak of blood and lies. The worst lies are the ones he’s telling himself. What he’ll do to atone for them will cut into the heart he no longer has, and before it’s all over he’ll learn what ruin truly means.",1559013979,19030,1559013979,-1,1559013979,0,1559013979,,2019-05-28T03:26:18.807Z,1559013979,0,1559013979
16674130,izanyas,1571754746,魔道祖师 - 墨香铜臭 | Módào Zǔshī - Mòxiāng Tóngxiù,1571754746,...,,...,,and the calm is deep where the quiet waters flow,1571754746,2019-10-22T14:32:25.969Z,1571754746,2019-10-08T00:00:00.000Z,1571754746,26|?|0,1571754746,"Cangse Sanren was the first of her kind to become a cultivator. Talented, passionate, free-spirited, she bested everything that ever came her way until the very end.Jiang Fengmian refuses to see her son deprived of that same freedom.",1571754746,238669,1571754746,-1,1571754746,0,1571754746,,2019-10-22T14:32:25.938Z,1571754746,0,1571754746
16680691,youlan,1575155706,魔道祖师 - 墨香铜臭 | Módào Zǔshī - Mòxiāng Tóngxiù,1575155706,...,,...,,Сияние,1575155706,2019-11-30T23:15:05.867Z,1575155706,2018-12-16T00:00:00.000Z,1575155706,11|11|1,1575155706,"Серия драбблов про отношения Цзинь Гуанъяо и Лань Хуаня и про их взаимодействие с другими персонажами, с небольшим заходом в постканон. Отдельные пэйринги: Часть 2 - Вэнь Жохань/Цзинь Гуанъяо, Часть 7 - Мо Сюаньюй/Цзинь Гуанъяо. Постканон: Часть 11 (возможны аффтарские фантазии и оос).",1575155706,13123,1575155706,-1,1575155706,0,1575155706,,2019-11-30T23:15:05.843Z,1575155706,0,1575155706
16689826,havisham,1546797239,Castlevania (Cartoon),1546797239,...,,...,,à quatre pattes,1546797239,2019-01-06T17:53:59.225Z,1546797239,2018-11-21T00:00:00.000Z,1546797239,1|1|1,1546797239,"Hector chases after Isaac, Isaac chases after Dracula, and Dracula lets himself be caught by them both.",1546797239,4957,1546797239,3,1546797239,1,1546797239,,2019-01-06T17:53:59.173Z,1546797239,0,1546797239
16692685,SugarAppleBlue,1572421675,魔道祖师 - 墨香铜臭 | Módào Zǔshī - Mòxiāng Tóngxiù,1572421675,...,,...,,Paper Glass,1572421675,2019-10-30T07:47:54.600Z,1572421675,2019-09-03T00:00:00.000Z,1572421675,6|?|0,1572421675,"Aunt Mo was never nice to him to begin with but after rumors got out about why Mo Xuanyu was kicked out of the Lanling Jin's private schools, things got worse. Now he lives in the stables until one of his favorite horses decides running would be a great idea and he runs into the least likely person to help him.",1572421675,21301,1572421675,-1,1572421675,0,1572421675,,2019-10-30T07:47:54.581Z,1572421675,0,1572421675
16700221,linguamortua,1554809341,The Punisher (TV 2017),1554809341,...,,...,,Kinetic Energy,1554809341,2019-04-09T11:29:00.857Z,1554809341,2018-11-22T00:00:00.000Z,1554809341,1|1|1,1554809341,"Billy was restless today in the desert heat. He wanted to go somewhere, do something. Felt ready for trouble—the ordinary kind of trouble. He could feel it in his blood, in his irritability, in his constant chafing under routine. Never was good at being told what to do.",1554809341,2039,1554809341,1,1554809341,1,1554809341,,2019-04-09T11:29:00.744Z,1554809341,0,1554809341
16702297,AmbiguouslyAmoral,1563110797,Dishonored (Video Games),1563110797,...,,...,,Black Magic,1563110797,2019-07-14T13:26:37.396Z,1563110797,2019-04-07T00:00:00.000Z,1563110797,3|?|0,1563110797,...,1563110797,16841,1563110797,1,1563110797,,1563110797,,2019-07-14T13:26:37.306Z,1563110797,0,1563110797
16727091,JINGFENG,1575155715,魔道祖师 - 墨香铜臭 | Módào Zǔshī - Mòxiāng Tóngxiù,1575155715,...,,...,,涎。,1575155715,2019-11-30T23:15:14.753Z,1575155715,2018-11-24T00:00:00.000Z,1575155715,1|1|1,1575155715,"万年潜水狗的突发产物，被喂了一堆粮后的丧心病狂。
非常严正的！！！R18！！！未满十八岁请自觉退出！！！
请手动屏蔽我。",1575155715,882,1575155715,-1,1575155715,0,1575155715,,2019-11-30T23:15:14.720Z,1575155715,0,1575155715
16732188,havisham,1546795917,Castlevania (Cartoon),1546795917,...,,...,,Fire of Unknown Origin,1546795917,2019-01-06T17:31:56.726Z,1546795917,2018-11-25T00:00:00.000Z,1546795917,1|1|1,1546795917,Immortality laid to rest.,1546795917,100,1546795917,-1,1546795917,0,1546795917,,2019-01-06T17:31:56.589Z,1546795917,0,1546795917
16738399,havisham,1546796236,Castlevania (Cartoon),1546796236,...,,...,,drink your spite,1546796236,2019-01-06T17:37:16.122Z,1546796236,2018-11-25T00:00:00.000Z,1546796236,1|1|1,1546796236,Canon-divergence AU. Trevor is Alucard’s whipping boy but no one learns the lessons they’re supposed to.,1546796236,4500,1546796236,3,1546796236,1,1546796236,,2019-01-06T17:37:16.041Z,1546796236,0,1546796236
16767547,Suspicious_Popsicle,1572320259,魔道祖师 - 墨香铜臭 | Módào Zǔshī - Mòxiāng Tóngxiù,1572320259,...,,...,,A Day in Yunmeng,1572320259,2019-10-29T03:37:39.332Z,1572320259,2018-11-28T00:00:00.000Z,1572320259,1|1|1,1572320259,"A few weeks after Wei WuXian returned from the Burial Mounds, on a rare day when his shidi was not around to shove his blinding desire for revenge between them, Wei WuXian had followed Lan WangJi back to an inn to talk. The conversation had grown heated. Liquor had been involved. Their relationship had changed.
A canon divergent fic in which Lan WangJi and Wei WuXian end their arguments by screwing rather than walking away, but Wei WuXian hasn't caught feels yet.",1572320259,13003,1572320259,3,1572320259,1,1572320259,,2019-10-29T03:37:39.296Z,1572320259,0,1572320259
16789381,Slevans92_Youtuber,1556272429,Dishonored (Video Games),1556272429,...,,...,,Outsiders unexpected gift,1556272429,2019-04-26T09:53:49.432Z,1556272429,2018-11-30T00:00:00.000Z,1556272429,1|3|0,1556272429,The outsider has many gifts...one that he usually gives to people who he feels deserves that mark or time for him...but when an unexpected arrival throws things off...he may have to look at things differently,1556272429,82,1556272429,-1,1556272429,0,1556272429,,2019-04-26T09:53:49.333Z,1556272429,0,1556272429
16816621,Sath,1543771606,Castlevania (Cartoon),1543771606,...,,...,,The Passion of St. Flagellus,1543771606,2019-08-29T11:02:56.345Z,1567076576,2018-12-02T00:00:00.000Z,1543771606,1|1|1,1567076576,"When a corrupt baron steals the holy foreskin of a saint from a defenseless village, Trevor and Sypha are determined to return the relic to its rightful owners. But first, they have to get into the baron's castle, and for that, they need the help of Alucard and an acting troupe.",1543771606,4914,1543771606,5,1543771606,1,1567076576,,2019-08-29T11:02:56.081Z,1567076576,0,1543771606
16816855,linguamortua,1554813848,The Punisher (TV 2017),1554813848,...,,...,,"Two Fingers, Neat",1554813848,2019-04-10T03:01:13.714Z,1554865274,2018-12-02T00:00:00.000Z,1554813848,1|1|1,1554865274,"‘You’re on top,’ Billy said lazily, which Frank expected. If Billy wanted to do the fucking, he usually picked up a girl.
A man walks into a bar. Or, Billy Russo invites Frank to the fanciest watering hole he’s ever seen, and then invites Frank into his bed.",1554813848,4431,1554813848,3,1554813848,1,1554865274,,2019-04-10T03:01:13.364Z,1554865274,0,1554813848
16820497,tailor31415,1570621047,天官赐福 - 墨香铜臭 | Tiān Guān Cì Fú - Mòxiāng Tóngxiù,1570621047,...,,...,,Adulation,1570621047,2019-10-09T11:37:27.467Z,1570621047,2018-12-02T00:00:00.000Z,1570621047,1|1|1,1570621047,Their bed is the temple. His body is the altar. Hua Cheng prays every evening. Hua Cheng worships every dawn.,1570621047,2270,1570621047,5,1570621047,1,1570621047,,2019-10-09T11:37:27.443Z,1570621047,0,1570621047
16846642,liuyunxiajiu,1570967790,天官赐福 - 墨香铜臭 | Tiān Guān Cì Fú - Mòxiāng Tóngxiù,1570967790,...,,...,,【花怜】逍遥无穷,1570967790,2019-10-13T11:56:30.422Z,1570967790,2018-12-04T00:00:00.000Z,1570967790,1|1|1,1570967790,船震。“哥哥主动一次好不好？”,1570967790,2752,1570967790,-1,1570967790,0,1570967790,,2019-10-13T11:56:30.388Z,1570967790,0,1570967790
16883253,CellarDoorFive,1546125359,Gentleman Bastard Sequence - Scott Lynch,1546125359,...,,...,,To Break Bread With the Paranoid,1546125359,2018-12-29T23:15:58.904Z,1546125359,2018-12-06T00:00:00.000Z,1546125359,1|1|1,1546125359,A business deal goes south. This was written in one evening with a glass off wine as co-author; I hope some of you can enjoy it even though it's very self-indulgent!,1546125359,2613,1546125359,1,1546125359,1,1546125359,,2018-12-29T23:15:58.819Z,1546125359,0,1546125359
16907397,daiki,1572422089,魔道祖师 - 墨香铜臭 | Módào Zǔshī - Mòxiāng Tóngxiù,1572422089,...,,...,,Jiang Cheng Is Done,1572422089,2019-10-30T07:54:48.996Z,1572422089,2018-12-08T00:00:00.000Z,1572422089,1|1|1,1572422089,"a crack modern AU where everyone is alive and happy except for Jiang Cheng because he doesn't know what he's done to deserve to be saddled as Wei Wuxian's best friend; aka MXY and WWX as twins, everyone thirsts for NMJ, WangXian as kings of PDA, and Jiang Cheng is done",1572422089,5053,1572422089,-1,1572422089,0,1572422089,,2019-10-30T07:54:48.937Z,1572422089,0,1572422089
16921137,"Shinocchi, FreeMindandSoul",1572273046,魔道祖师 - 墨香铜臭 | Módào Zǔshī - Mòxiāng Tóngxiù,1572273046,...,,...,,As Pure As Snow,1572273046,2019-10-28T14:30:45.973Z,1572273046,2018-12-09T00:00:00.000Z,1572273046,1|1|1,1572273046,"Wei WuXian and Lan WangJi spend their winter days in a place Wei WuXian never expected. But that's fine, Wei WuXian too has hidden away a surprise to return Lan WangJi's favor -- something that will change their relationship forever.Even in the coldest days, one only needs someone that matters to give them the best warmth they need.[Vietnamese version]",1572273046,25480,1572273046,1,1572273046,1,1572273046,,2019-10-28T14:30:45.927Z,1572273046,0,1572273046
16946640,domokunrainbowkinz,1572421744,魔道祖师 - 墨香铜臭 | Módào Zǔshī - Mòxiāng Tóngxiù,1572421744,...,,...,,snowflakes,1572421744,2019-10-30T07:49:03.767Z,1572421744,2019-05-25T00:00:00.000Z,1572421744,4|?|0,1572421744,"The first rule of his clan was the most important one, to never be broken: never interact with humans.Despite this, Lan Zhan couldn't just leave this shivering boy to die.",1572421744,9212,1572421744,-1,1572421744,0,1572421744,,2019-10-30T07:49:03.728Z,1572421744,0,1572421744
16985823,vanerz,1576248618,"魔道祖师 - 墨香铜臭 | Módào Zǔshī - Mòxiāng Tóngxiù, 魔道祖师 | Módào Zǔshī (Cartoon)",1576248618,...,,...,,Overcover,1576248618,2019-12-13T14:50:18.308Z,1576248618,2019-09-07T00:00:00.000Z,1576248618,6|?|0,1576248618,...,1576248618,20978,1576248618,1,1576248618,,1576248618,,2019-12-13T14:50:18.270Z,1576248618,0,1576248618
17003142,willowcatkin,1572421632,魔道祖师 - 墨香铜臭 | Módào Zǔshī - Mòxiāng Tóngxiù,1572421632,...,,...,,Diablerie,1572421632,2019-10-30T07:47:12.355Z,1572421632,2019-01-20T00:00:00.000Z,1572421632,6|?|0,1572421632,"They’re sitting in the Library Pavilion: as usual Lan WangJi is quietly copying ancient texts—the fluid movement of his brush practiced and graceful. His hair is neatly tied in his hair ornament and the rest of it lies glossy and straight on his back. Wei WuXian is sprawled inelegantly across from him, his head resting on the table, doodling drawings of bunnies. Daemon AU",1572421632,7061,1572421632,-1,1572421632,0,1572421632,,2019-10-30T07:47:12.330Z,1572421632,0,1572421632
17019378,Prinzenhasserin,1559013658,Gentleman Bastard Sequence - Scott Lynch,1545754073,...,,...,,Voice of Reason (Tell Me Another One),1545754073,2019-05-28T03:20:58.079Z,1559013658,2018-12-16T00:00:00.000Z,1545754073,1|1|1,1559013658,"Jean doesn't like it when Locke flirts with red-headed women, and he likes it even less when it leads to Locke being injured.",1545754073,3662,1545754073,3,1545754073,1,1559013658,,2019-05-28T03:20:57.933Z,1559013658,0,1545754073
17026398,silveronthetree,1551236852,Think of England - K. J. Charles,1551236852,...,,...,,all it does is rain,1551236852,2019-02-27T03:07:31.603Z,1551236852,2018-12-17T00:00:00.000Z,1551236852,1|1|1,1551236852,"When Archie Curtis is urgently summoned to a house party by his uncle, the explorer Sir Henry Curtis, he's rather reluctant to attend. He's still recovering from his last rather terrible experience at a house party, and he hasn't seen Daniel for weeks. 
Featuring science, mystery and some terrible weather, this house party doesn't turn out to be quite as bad as the last one",1551236852,7456,1551236852,5,1551236852,1,1551236852,,2019-02-27T03:07:31.411Z,1551236852,0,1551236852
17038961,bluebeholder,1563035191,Dishonored (Video Games),1563035191,...,,...,,madness be my mercy,1563035191,2019-07-13T16:26:30.897Z,1563035191,2018-12-17T00:00:00.000Z,1563035191,1|1|1,1563035191,"“If I am mad, it is mercy! May the gods pity the man who in his callousness can remain sane to the hideous end!”― H.P. Lovecraft, ""The Temple""Dunwall is crumbling. Jessamine is dead and Emily is lost. Corvo needs something, anything, to cling to as the world descends into madness.The Outsider is that something.",1563035191,1145,1563035191,1,1563035191,1,1563035191,,2019-07-13T16:26:30.785Z,1563035191,0,1563035191
17043503,El Staplador (elstaplador),1556240453,Alpennia Series - Heather Rose Jones,1545785490,...,,...,,A Twelve Days' Mystery,1545785490,2019-04-26T01:00:52.777Z,1556240453,2018-12-17T00:00:00.000Z,1545785490,1|1|1,1556240453,"Christmas 1824, and the twelve days of festivities ought to be a period of frivolity and respite for everyone who isn't expected to be at the New Year's court, and even for those who are. But that was before someone from Jeanne's past reappeared... with a problem.",1545785490,7413,1545785490,5,1545785490,1,1556240453,,2019-04-26T01:00:52.775Z,1556240453,0,1545785490
17044670,amusedrhyme (lazarus_girl),1559604198,Call the Midwife,1559604198,...,,...,,A Taste of Honey,1559604198,2019-06-03T23:23:18.278Z,1559604198,2018-12-18T00:00:00.000Z,1559604198,1|1|1,1559604198,"Valerie and Lucille are just friends, until a summer day trip to Wanstead Park changes what being friends really means. In the aftermath, Valerie questions everything, unsure if she’s brave enough to seek out the answers from Lucille.
  “In saying nothing, she said everything.”",1559604198,9101,1559604198,1,1559604198,1,1559604198,,2019-06-03T23:23:18.277Z,1559604198,0,1559604198
17051696,inberin,1572563193,魔道祖师 - 墨香铜臭 | Módào Zǔshī - Mòxiāng Tóngxiù,1572563193,...,,...,,elegy of the celestial crane,1572563193,2019-11-05T06:58:46.732Z,1572937127,2018-12-18T00:00:00.000Z,1572563193,2|2|1,1572937127,"two lonely souls find each other, but this isn't their story.",1572704775,44380,1572563193,5,1572563193,2,1572937127,,2019-11-05T06:58:46.588Z,1572937127,0,1572563193
17052776,"AngelaVargas, AngeloVargas, FongLian",1572814064,魔道祖师 - 墨香铜臭 | Módào Zǔshī - Mòxiāng Tóngxiù,1572814064,...,,...,,I WILL NOT BOW,1572814064,2019-11-03T20:47:43.515Z,1572814064,2019-02-25T00:00:00.000Z,1572814064,2|?|0,1572814064,"How long can a Promise be held to be fulfilled when nobody would trust that you could, YinLing an Angel born with Natural Black Wings and the Sole Ferryman of the Soul to the Angelic Realm, befriended Yàdāng and Xiàwá the Two Great Angels, Especially Xiàwá. Xiàwá who loves humans the most made him Promise to protect Humanity on her last breath. But with Danger Lurking in every corner, can YinLing keep his Promise? Or not?",1572814064,8124,1572814064,-1,1572814064,0,1572814064,,2019-11-03T20:47:43.500Z,1572814064,0,1572814064
17057957,HikariNoHimeWriter,1571837145,魔道祖师 - 墨香铜臭 | Módào Zǔshī - Mòxiāng Tóngxiù,1571837145,...,,...,,A Song Of Storm And Fire,1571837145,2019-10-23T13:25:44.692Z,1571837145,2019-07-12T00:00:00.000Z,1571837145,13|?|0,1571837145,"He still couldn’t understand why everything have gone so wrong. Was Fate enjoying playing around with him this badly? Didn’t They have enough already?...Lan Zhan was gone.And Wei Ying was once again left all alone.This time, forever.",1571837145,68492,1571837145,-1,1571837145,0,1571837145,,2019-10-23T13:25:44.665Z,1571837145,0,1571837145
17060159,UrsulaKohl,1556240351,Alpennia Series - Heather Rose Jones,1545758645,...,,...,,White Copper,1545758645,2019-04-26T00:59:11.340Z,1556240351,2018-12-19T00:00:00.000Z,1545758645,1|1|1,1556240351,"In the alchemists' lore, the element of copper corresponds to Venus. Antuniet and Jeanne are studying the properties of a more complex alloy.",1545758645,1706,1545758645,5,1545758645,1,1556240351,,2019-04-26T00:59:11.338Z,1556240351,0,1545758645
17108978,keiyoko,1572799620,魔道祖师 - 墨香铜臭 | Módào Zǔshī - Mòxiāng Tóngxiù,1572799620,...,,...,,wei ying's big day (not really),1572799620,2019-11-03T16:47:00.359Z,1572799620,2018-12-26T00:00:00.000Z,1572799620,1|1|1,1572799620,"on the eve of his wedding, wei wuxian goes out for drinks and comes home blackout drunk.  the next day, he's dead to the world and nothing mo xuanyu does can wake his twin.  the solution?mo xuanyu pretends to be his brother.",1572799620,4569,1572799620,-1,1572799620,0,1572799620,,2019-11-03T16:47:00.334Z,1572799620,0,1572799620
17127089,EllaStorm,1556322761,Dishonored (Video Games),1556322761,...,,...,,Marked,1556322761,2019-05-27T13:52:26.473Z,1558965146,2018-12-24T00:00:00.000Z,1556322761,1|1|1,1558965146,"Ever since he has been drawn into the Void for the first time, Corvo Attano feels - watched. And for good reason, it turns out, when a notorious deity with inscrutable motivations shows up in his bedroom one night…",1556322761,1905,1556322761,5,1556322761,1,1558965146,,2019-05-27T13:52:26.050Z,1558965146,0,1556322761
17128100,tinybluepixel,1561766731,Dishonored (Video Games),1561766731,...,,...,,A Different Dream,1561766731,2019-06-29T00:05:30.636Z,1561766731,2018-12-30T00:00:00.000Z,1561766731,2|?|0,1561766731,...,1561766731,9444,1561766731,3,1561766731,,1561766731,,2019-06-29T00:05:30.523Z,1561766731,0,1561766731
17180753,Einhorn,1575155662,魔道祖师 - 墨香铜臭 | Módào Zǔshī - Mòxiāng Tóngxiù,1575155662,...,,...,,The Horse-Master of Lanling Jin,1575155662,2019-11-30T23:14:22.384Z,1575155662,2018-12-27T00:00:00.000Z,1575155662,1|2|0,1575155662,"Jin Fengqi is used to things going not quite right, or not going right at all.You have to be, when it comes to the business of horses—hundreds of them, in fact. Not a day goes by where he is not reminded of life’s unpredictable nature, whether it be by the sudden injury of a horse in a safe paddock or the appearance of a very scruffy young disciple in the hayloft.",1575155662,3797,1575155662,-1,1575155662,0,1575155662,,2019-11-30T23:14:22.344Z,1575155662,0,1575155662
17190239,chocolatelocksred,1559648764,Call the Midwife,1559648764,...,,...,,Next Door,1559648764,2019-06-04T11:51:19.923Z,1559649080,2018-12-27T00:00:00.000Z,1559648764,1|1|1,1559649080,"Patsy, Delia, Valerie, and Lucille go on a ski trip. Love and smut will ensue.",1559648764,3136,1559648764,1,1559648766,1,1559649080,,2019-06-04T11:51:19.593Z,1559649080,0,1559648764
17196212,SpaceguyLewis,1556594559,Dishonored (Video Games),1556594559,...,,...,,What E'er Drifts From One Place is With the Tide to Another Brought,1556594559,2019-06-30T15:56:16.625Z,1561910177,2018-12-29T00:00:00.000Z,1556594559,2|2|1,1561910177,"There will always be those who wish to bend the Void to their will, and there is more than one way to make a god.",1556594559,5844,1556594559,1,1556594559,2,1561910177,,2019-06-30T15:56:16.330Z,1561910177,0,1556594559
17202818,Marlan,1572436518,魔道祖师 - 墨香铜臭 | Módào Zǔshī - Mòxiāng Tóngxiù,1572436518,...,,...,,целуй меня в левую бровь,1572436518,2019-10-30T11:55:18.026Z,1572436518,2018-12-28T00:00:00.000Z,1572436518,1|1|1,1572436518,не уходи,1572436518,1439,1572436518,-1,1572436518,0,1572436518,,2019-10-30T11:55:17.998Z,1572436518,0,1572436518
17208188,SpaceguyLewis,1561910332,Dishonored (Video Games),1561910332,...,,...,,Eyes Like Marbles,1561910332,2019-06-30T15:58:52.382Z,1561910332,2019-02-03T00:00:00.000Z,1561910332,3|?|0,1561910332,"“What now, Outsider?”It was as much an inquiry about what he would do with tomorrow as the rest of his mortal life.The Outsider's journey as a mortal from Shindaerey Peak to the Tower of Dunwall, in pursuit of Corvo Attano.",1561910332,13771,1561910332,1,1561910332,,1561910332,,2019-06-30T15:58:52.295Z,1561910332,0,1561910332
17209955,dankscully,1559420938,Call the Midwife,1559420938,...,,...,,snowed in,1559420938,2019-06-01T20:28:57.651Z,1559420938,2018-12-29T00:00:00.000Z,1559420938,1|1|1,1559420938,snow causes havoc for lucille and valerie,1559420938,558,1559420938,3,1559420938,1,1559420938,,2019-06-01T20:28:57.649Z,1559420938,0,1559420938
17211965,adrift_me,1563044005,Dishonored (Video Games),1563044005,...,,...,,Until We Kiss Again,1563044005,2019-07-13T18:53:24.783Z,1563044005,2018-12-29T00:00:00.000Z,1563044005,1|1|1,1563044005,Yuletide is the time for festivities and surprise kisses under the mistletoe; for Corvo they are caused by a mischievous deity that likes his kisses greatly.,1563044005,753,1563044005,3,1563044005,1,1563044005,,2019-07-13T18:53:24.741Z,1563044005,0,1563044005
17215550,Titans_R_Us,1572070304,魔道祖师 - 墨香铜臭 | Módào Zǔshī - Mòxiāng Tóngxiù,1572070304,...,,...,,Another Kind of Marriage,1572070304,2019-10-26T06:11:45.669Z,1572070306,2018-12-29T00:00:00.000Z,1572070304,1|1|1,1572070306,"Wei Wuxian gets married to Lan Wangji a different way. Did you know if you pull a Lan Sect member's ribbon off you have to marry them? Everyone knows how strict the Lan Sect is about rules. Everyone.“WHO HAS A VIRGINITY RIBBON ANYWAY?”“That is not all it stands for, it also represents self-restraint, honor–”“BUT I’M TOO YOUNG TO GET MARRIED.”",1572070304,1204,1572070304,1,1572070306,1,1572070306,,2019-10-26T06:11:45.644Z,1572070306,0,1572070304
17220260,"Joythea, Naorimasa",1572814981,魔道祖师 - 墨香铜臭 | Módào Zǔshī - Mòxiāng Tóngxiù,1572814981,...,,...,,make the feathers fly,1572814981,2019-11-10T10:42:32.192Z,1573382552,2019-10-13T00:00:00.000Z,1572814981,12|24|0,1573382552,Mo Xuanyu was sure he had performed the ritual correctly. He died and successfully summoned Wei Wuxian.So why is he still here?,1572814981,69555,1572814981,1,1573382552,24,1573382552,,2019-11-10T10:42:32.144Z,1573382552,0,1573382552
17244707,cassiopeiasara,1559530557,Call the Midwife,1559530557,...,,...,,The Holiness of the Heart's Affections,1559530557,2019-06-03T02:55:56.537Z,1559530557,2018-12-31T00:00:00.000Z,1559530557,8|8|1,1559530557,...,1559530557,5215,1559530557,3,1559530557,8,1559530557,,2019-06-03T02:55:56.481Z,1559530557,0,1559530557
17247626,Ziane,1572421286,"魔道祖师 - 墨香铜臭 | Módào Zǔshī - Mòxiāng Tóngxiù, The Grandmaster of Demonic Cultivation, Founder of Diabolism",1572421286,...,,...,,Oblivious Honeymoon,1572421286,2019-10-30T07:41:25.930Z,1572421286,2019-01-01T00:00:00.000Z,1572421286,4|4|1,1572421286,...,1572421286,26019,1572421286,1,1572421286,4,1572421286,,2019-10-30T07:41:25.863Z,1572421286,0,1572421286
17256188,bosbie,1571837408,魔道祖师 - 墨香铜臭 | Módào Zǔshī - Mòxiāng Tóngxiù,1571837408,...,,...,,"focal, filler, and line",1571837408,2019-10-23T13:30:07.809Z,1571837408,2019-08-04T00:00:00.000Z,1571837408,9|?|0,1571837408,"Mo XuanYu successfully summons the Yiling Patriarch from the dead and exacts revenge on those who wronged him. A cursed arm is detained in Dafan Mountain, and the newly-revived spirit of the most hated man in the cultivation world quietly leaves the scene under his old acquaintances’ noses.Three years later, someone — a lunatic to some, a dead man to others — sells flowers at the marketplace in the dead of winter.",1571837408,20016,1571837408,-1,1571837408,0,1571837408,,2019-10-23T13:30:07.780Z,1571837408,0,1571837408
17263784,darkbrokenreaper,1571999524,魔道祖师 - 墨香铜臭 | Módào Zǔshī - Mòxiāng Tóngxiù,1571999524,...,,...,,Good Days,1571999524,2019-10-25T10:32:04.077Z,1571999524,2019-08-19T00:00:00.000Z,1571999524,3|3|1,1571999524,"Lan Yuan loves good days. He spends the whole day with his mother and father and it is filled with warmth and laughter. Lan Yuan absolutely loves good days. But just as there are good days, there are also bad days.Also: What would have happened if  Lan Wangji had not taken ""no"" as an answer when he asked Wei Ying to come back to Gusu with him.",1571999524,9143,1571999524,-1,1571999524,0,1571999524,,2019-10-25T10:32:04.053Z,1571999524,0,1571999524
17293682,JustAnotherWriterChica,1559648870,Call the Midwife,1559648870,...,,...,,tell me the story?,1559648870,2019-06-04T11:47:49.710Z,1559648870,2019-01-04T00:00:00.000Z,1559648870,1|1|1,1559648870,"As Lucille and Valerie’s relationship grows and progresse, Lucille comes to find that some of their most intimate moments are centered around the scars and marks she’s discovered on Valerie’s body.",1559648870,8369,1559648870,1,1559648870,1,1559648870,,2019-06-04T11:47:49.637Z,1559648870,0,1559648870
17307755,spirallings,1572435838,魔道祖师 - 墨香铜臭 | Módào Zǔshī - Mòxiāng Tóngxiù,1572435838,...,,...,,the quality of mercy,1572435838,2019-10-30T11:43:58.147Z,1572435838,2019-01-05T00:00:00.000Z,1572435838,1|1|1,1572435838,"Mo Xuanyu was the village lunatic, but having observed the characters within the Yunmeng Palace, he has to wonder if he's truly the crazy one.",1572435838,3531,1572435838,5,1572435838,1,1572435838,,2019-10-30T11:43:58.107Z,1572435838,0,1572435838
17345936,Lunaarz,1572787935,魔道祖师 - 墨香铜臭 | Módào Zǔshī - Mòxiāng Tóngxiù,1572787935,...,,...,,The Chasm Between Us,1572787935,2019-11-03T13:32:14.840Z,1572787935,2019-01-07T00:00:00.000Z,1572787935,1|1|1,1572787935,Lan Zhan reflects on the complexity of his emotions for Wei Ying while quietly watching Mò Xuányǔ (as Wei Ying) asleep in bed beside him. It is bittersweet.,1572787935,518,1572787935,-1,1572787935,0,1572787935,,2019-11-03T13:32:14.786Z,1572787935,0,1572787935
17352221,Anonymous,1550233871,The Favourite (2018),1550233871,...,,...,,More Tuneable Than Lark,1550233871,2019-02-15T12:31:11.091Z,1550233871,2019-02-07T00:00:00.000Z,1550233871,1|1|1,1550233871,“But you were never very sweet. Were you?”,1550233871,587,1550233871,5,1550233871,1,1550233871,,2019-02-15T12:31:11.025Z,1550233871,0,1550233871
17356670,StarlightLion,1556595085,Dishonored (Video Games),1556595085,...,,...,,You Cry Your Blood In Black,1556595085,2019-04-30T03:31:25.395Z,1556595085,2019-01-09T00:00:00.000Z,1556595085,1|1|1,1556595085,Corvo is condemned to six months torture inside Coldridge for the murder of Empress Jessamine Kaldwin.The Outsider thinks him beautiful as he bleeds.,1556595085,4299,1556595085,-1,1556595085,0,1556595085,,2019-04-30T03:31:25.357Z,1556595085,0,1556595085
17377547,greyskais,1575824057,魔道祖师 - 墨香铜臭 | Módào Zǔshī - Mòxiāng Tóngxiù,1575824057,...,,...,,As My Tongue Thickens and a Subtle Fire,1575824057,2019-12-08T16:54:17.024Z,1575824057,2019-01-14T00:00:00.000Z,1575824057,2|2|1,1575824057,"“I dare Wei Wuxian to give Lan Wangji a lap dance!”Wei Wuxian can’t help but meet Lan Wangji’s eyes. They’re like two luminous chips of gold, clear and glinting despite the dimness of the lights. Wei Wuxian feels an unfamiliar twinge. Well, he knows the second Lan doesn’t like him that much, but he has to carry through, doesn’t he? Wei Wuxian gets to his feet rather unsteadily, forcing a smirk onto his lips. “Well, the rules are the rules, aren’t they?”",1575824057,10079,1575824057,-1,1575824057,0,1575824057,,2019-12-08T16:54:16.999Z,1575824057,0,1575824057
17388101,nanodayolo,1572787944,"魔道祖师 - 墨香铜臭 | Módào Zǔshī - Mòxiāng Tóngxiù, 魔道祖师 | Módào Zǔshī (Cartoon)",1572787944,...,,...,,You Can't Go Wrong With a Fruit Basket,1572787944,2019-11-03T13:32:23.712Z,1572787944,2019-01-12T00:00:00.000Z,1572787944,1|1|1,1572787944,"Mo Xuanyu has an existential crisis when Xue Yang's parents want to meet him, but he's determined to make a good first impression no matter what.He'll be fine.Hopefully.",1572787944,5207,1572787944,-1,1572787944,0,1572787944,,2019-11-03T13:32:23.697Z,1572787944,0,1572787944
17398505,Assassin_J,1556710513,"Assassin's Creed - All Media Types, Dishonored (Video Games)",1556710513,...,,...,,"the ways you said ""I love you",1556710513,2019-05-01T11:35:13.145Z,1556710513,2018-04-18T00:00:00.000Z,1556710513,2|?|0,1556710513,short pieces written by request based on this list,1556710513,928,1556710513,-1,1556710513,0,1556710513,,2019-05-01T11:35:13.096Z,1556710513,0,1556710513
17407304,Anonymous,1550233344,Original Work,1550233344,...,,...,,Lie down and get some sleep,1550233344,2019-02-15T12:22:24.393Z,1550233344,2019-02-12T00:00:00.000Z,1550233344,1|1|1,1550233344,"Trinh is worried that Godric’s men will capture Diantha, but Diantha is more worried about Trinh.",1550233344,1034,1550233344,3,1550233344,1,1550233344,,2019-02-15T12:22:24.295Z,1550233344,0,1550233344
17416175,Kyuu,1572993135,"魔道祖师 - 墨香铜臭 | Módào Zǔshī - Mòxiāng Tóngxiù, 魔道祖师 | Módào Zǔshī (Cartoon)",1572993135,...,,...,,Gratitude【感恩】,1572993135,2019-11-05T22:32:15.100Z,1572993135,2019-01-14T00:00:00.000Z,1572993135,1|1|1,1572993135,"Wei Wuxian's body is not the one he knows, but it is the one he has. (Wei Wuxian practices gratitude daily. Lan Wangji is reverent.)",1572993135,5744,1572993135,3,1572993135,1,1572993135,,2019-11-05T22:32:15.055Z,1572993135,0,1572993135
17419853,exocara,1575157056,魔道祖师 - 墨香铜臭 | Módào Zǔshī - Mòxiāng Tóngxiù,1575157056,...,,...,,two boys talk in a library,1575157056,2019-11-30T23:37:36.136Z,1575157056,2019-01-14T00:00:00.000Z,1575157056,1|1|1,1575157056,"Xue Yang meets Mo Xuanyu in a small corner of Lanling Jin Sect’s library, hidden away from everyone else. The afternoon sun shines in through the window, enveloping the boy in a soft, warm glow.",1575157056,3924,1575157056,5,1575157056,1,1575157056,,2019-11-30T23:37:36.109Z,1575157056,0,1575157056
17434079,multifanwho,1559421033,Call the Midwife,1559421033,...,,...,,Rum and Hot Chocolate,1559421033,2019-06-01T20:30:33.225Z,1559421033,2019-01-15T00:00:00.000Z,1559421033,1|1|1,1559421033,"Having rum laced hot chocolate is starting to become a regular event for Val and Lucille at the end of long days. It's an unspoken rule between everyone at Nonnatus that the pair get to be alone, considering how close the two have gotten. Phyllis has seen this process before, so she knows how precious those moments alone can be.Uuuuh yeah I just read over it and it's pure trash, read at your own will",1559421033,747,1559421033,1,1559421033,1,1559421033,,2019-06-01T20:30:33.224Z,1559421033,0,1559421033
17435864,nanodayolo,1575260770,"魔道祖师 - 墨香铜臭 | Módào Zǔshī - Mòxiāng Tóngxiù, 魔道祖师 | Módào Zǔshī (Cartoon)",1575260770,...,,...,,Unexpected,1575260770,2019-12-02T04:26:12.303Z,1575260772,2019-01-16T00:00:00.000Z,1575260770,22|22|1,1575260772,"When the Lanling Jin sect runs into financial trouble, a marriage between the third son of LanlingJin, Mo Xuanyu, and the Second Jade of Lan, Lan Wangji is arranged. But before the two can even meet, Mo Xuanyu is kidnapped.Wei Wuxian has to pretend to be Mo Xuanyu, all while spending time with Lan Wangji, while Mo Xuanyu tries to find his way back home with the help of the street smart Xue Yang.None of them could have possibly foreseen the outcome.",1575260770,68201,1575260770,1,1575260772,22,1575260772,,2019-12-02T04:26:12.272Z,1575260772,0,1575260770
17441771,inberin,1576070872,魔道祖师 - 墨香铜臭 | Módào Zǔshī - Mòxiāng Tóngxiù,1576070872,...,,...,,silence,1576070872,2019-12-11T13:27:51.548Z,1576070872,2019-01-16T00:00:00.000Z,1576070872,1|1|1,1576070872,a conversation in the snow.,1576070872,4148,1576070872,5,1576070872,1,1576070872,,2019-12-11T13:27:51.450Z,1576070872,0,1576070872
17442254,silverneko (silver_neko),1572813800,魔道祖师 - 墨香铜臭 | Módào Zǔshī - Mòxiāng Tóngxiù,1572813800,...,,...,,The Start of a Living Nightmare,1572813800,2019-11-03T20:43:20.319Z,1572813800,2019-01-16T00:00:00.000Z,1572813800,1|1|1,1572813800,"After the Sunshot Campaign, Jin Guang Shan tries to live as usual as the new head of the cultivation sects. However, unknown to the rest of the world, old ties aren't buried so easily and his past haunts him day and night.Just some fantasizing and its the Jin's turn to shine.Prologue in A Shower of Golden Feathers.",1572813800,2111,1572813800,-1,1572813800,0,1572813800,,2019-11-03T20:43:20.293Z,1572813800,0,1572813800
17446784,Anonymous,1550208085,Alpennia Series - Heather Rose Jones,1550208085,...,,...,,not so late,1550208085,2019-02-15T05:22:57.629Z,1550208178,2019-01-17T00:00:00.000Z,1550208085,1|1|1,1550208178,"Margerit is half asleep when she kisses Barbara in the library, which is her only real excuse. But the situation works out in her favor.",1550208085,2163,1550208085,3,1550208088,1,1550208178,,2019-02-15T05:22:57.192Z,1550208178,0,1550208085
17456213,Anonymous,1550291286,The Favourite (2018),1550291286,...,,...,,Cerberus,1550291286,2019-02-16T04:28:06.085Z,1550291286,2019-02-15T00:00:00.000Z,1550291286,1|1|1,1550291286,"They are a three headed monster, thus: as Sarah writes her way out of exile, Abigail takes control of her wily cousin, and the Queen impatiently awaits the attention of her favourites.",1550291286,1739,1550291286,5,1550291286,1,1550291286,,2019-02-16T04:28:05.996Z,1550291286,0,1550291286
17474333,Sath,1567025853,魔道祖师 - 墨香铜臭 | Módào Zǔshī - Mòxiāng Tóngxiù,1550283947,...,,...,,Restless,1550283947,2019-08-28T20:57:32.643Z,1567025853,2019-02-15T00:00:00.000Z,1550283947,1|1|1,1567025853,Nie Mingjue's unquiet spirit kicks off a realization that even Wei Wuxian can't avoid.,1550283947,2588,1550283947,5,1550283947,1,1567025853,,2019-08-28T20:57:32.551Z,1567025853,0,1550283947
17485895,Anonymous,1550282660,Harry Potter - J. K. Rowling,1550282660,...,,...,,Seventh Year,1550282660,2019-02-16T02:04:20.035Z,1550282660,2019-01-20T00:00:00.000Z,1550282660,1|1|1,1550282660,~it's a drawing~,1550282660,?,1550282660,-1,1550282660,0,1550282660,,2019-02-16T02:04:20.032Z,1550282660,0,1550282660
17490992,ColdColdHeart,1548223456,Original Work,1548223456,...,,...,,It's Her Party,1548223456,2019-01-23T06:04:15.585Z,1548223456,2019-01-22T00:00:00.000Z,1548223456,2|3|0,1548223456,"Gersha, Besha, and Tilrey have a pretty nice alliance going, in the Council chamber and in the bedroom. There’s just one problem: Besha’s haughty wife, Davita. If they don’t get her on board, she could put an end to their productive activities à trois.
Luckily for them, Davita’s bored with her privileged life. She finds Tilrey very “interesting,” and she likes to play games…
This takes place a month after “The Trip to Thurskein” but also picks up plot threads from “The Slap” and “Tea and Other Stuff.” The Council has finally voted on the Notification bill.",1548223456,8122,1548223456,-1,1548223456,0,1548223456,,2019-01-23T06:04:15.539Z,1548223456,0,1548223456
17496374,yigongzi,1570967664,?,1570967664,...,,...,,花怜初夜,1570967664,2019-10-13T11:54:23.693Z,1570967664,2019-01-21T00:00:00.000Z,1570967664,1|1|1,1570967664,...,1570967664,4795,1570967664,-1,1570967664,0,1570967664,,2019-10-13T11:54:23.658Z,1570967664,0,1570967664
17501978,Anonymous,1571999957,魔道祖师 - 墨香铜臭 | Módào Zǔshī - Mòxiāng Tóngxiù,1571999957,...,,...,,The Seven Writers,1571999957,2019-10-25T10:39:16.530Z,1571999957,2019-01-23T00:00:00.000Z,1571999957,7|7|1,1571999957,"Seven people were caught by a mysterious, powerful and perverted creature and send into a place where they assumed that was inside IT. Wei Wuxian, Lan Wangji, Lan Xichen, Jiang Cheng, Jin Ling, Lan Sizhui and Lan JingYi's only way of escaping is to write erotic stories between themselves. Who with who will pair? How many legs are going to be broken? Will they have the courage to look each other in the eyes after that? Who knows.",1571999957,13602,1571999957,-1,1571999957,0,1571999957,,2019-10-25T10:39:16.504Z,1571999957,0,1571999957
17503472,Sath,1548137230,人渣反派自救系统 - 墨香铜臭 | The Scum Villain's Self-Saving System - Mòxiāng Tóngxiù,1563769002,...,,...,,Heart of Glass,1548137230,2019-07-22T04:16:42.394Z,1563769002,2019-01-22T00:00:00.000Z,1548137230,1|1|1,1563769002,"Luo Binghe wants to try it the other way around. Thanks to a dropped eggplant, Shen Qingqiu agrees.",1548137230,2562,1548137230,5,1548137230,1,1563769002,,2019-07-22T04:16:42.308Z,1563769002,0,1548137230
17509178,locolotions,1570967679,天官赐福 - 墨香铜臭 | Tiān Guān Cì Fú - Mòxiāng Tóngxiù,1570967679,...,,...,,Feelings Out,1570967679,2019-10-13T11:54:38.719Z,1570967679,2019-01-22T00:00:00.000Z,1570967679,1|1|1,1570967679,Hua Cheng and Xie Lian first time and they had some little emotional talk. Modern AU,1570967679,2451,1570967679,-1,1570967679,0,1570967679,,2019-10-13T11:54:38.694Z,1570967679,0,1570967679
17518523,roboticake,1561866974,Dishonored (Video Games),1561866974,...,,...,,asunder,1561866974,2019-06-30T03:56:14.112Z,1561866974,2019-01-23T00:00:00.000Z,1561866974,1|?|0,1561866974,"There’s a gaping hole far, far in the horizon, that swallows a world that shouldn’t be swallowed. The void in the Void. Deconstructing, fragmenting. A mise en abyme Corvo never thought he would see.",1561866974,1406,1561866974,3,1561866974,,1561866974,,2019-06-30T03:56:14.022Z,1561866974,0,1561866974
17521928,Anonymous,1550284168,"DC Extended Universe, Aquaman (2018), Wonder Woman (2017)",1550284168,...,,...,,[ART] Ebb and Flow,1550284168,2019-02-16T02:30:08.767Z,1550284209,2019-01-23T00:00:00.000Z,1550284168,1|1|1,1550284209,"Darling it's better, down where it's wetter ;)",1550284168,?,1550284168,5,1550284168,1,1550284209,,2019-02-16T02:30:07.887Z,1550284209,0,1550284168
17523608,Einhorn,1571626065,天官赐福 - 墨香铜臭 | Tiān Guān Cì Fú - Mòxiāng Tóngxiù,1571626065,...,,...,,leopards laze each,1571626065,2019-10-21T02:47:44.568Z,1571626065,2019-01-23T00:00:00.000Z,1571626065,1|1|1,1571626065,Hua Cheng gets Xie Lian high.,1571626065,2104,1571626065,-1,1571626065,0,1571626065,,2019-10-21T02:47:44.549Z,1571626065,0,1571626065
17524490,Jiji_Caomei_ttalgi_Ichigo_WiFi,1575157228,魔道祖师 - 墨香铜臭 | Módào Zǔshī - Mòxiāng Tóngxiù,1575157228,...,,...,,Thank you,1575157228,2019-11-30T23:40:28.366Z,1575157228,2019-01-24T00:00:00.000Z,1575157228,1|1|1,1575157228,Wei Wuxian and Lan Wangji use the guqin to talk to someone important,1575157228,973,1575157228,1,1575157228,1,1575157228,,2019-11-30T23:40:28.334Z,1575157228,0,1575157228
17535260,"Aki_no_hikari, green_pastry (Weis)",1574952560,魔道祖师 - 墨香铜臭 | Módào Zǔshī - Mòxiāng Tóngxiù,1574952560,...,,...,,Response,1574952560,2019-11-28T14:49:19.986Z,1574952560,2019-01-25T00:00:00.000Z,1574952560,2|2|1,1574952560,What if Wei Wuxian hadn't been silent to Lan Wangji's Inquiry?Part 2: Featuring A-Yuan,1574952560,12151,1574952560,5,1574952560,2,1574952560,,2019-11-28T14:49:19.946Z,1574952560,0,1574952560
17545169,lanjingyeets,1574135066,"魔道祖师 - 墨香铜臭 | Módào Zǔshī - Mòxiāng Tóngxiù, 魔道祖师 | Módào Zǔshī (Cartoon)",1574135066,...,,...,,Where the Sun rises,1574135066,2019-11-19T03:44:26.154Z,1574135066,2019-01-26T00:00:00.000Z,1574135066,1|1|1,1574135066,"«A trip?,» Lan Wangji asked, turning his head. Wei Wuxian kissed his chin. «Yes. For your birthday.»«And where will you take me?»Wei Wuxian’s eyes shone brightly, the light of dawn painting them gold. «Wherever my husband will want to go.»Lan Wangji kissed him again, bringing a hand to his neck. Wei Wuxian still had his hair loose, the red ribbon he regularly used wrapped around the alpha’s wrist. While pushing a strand of hair from his face, Lan Wangji thought he was beautiful.«Take me where the sun rises,» he murmured, making the alpha laugh. «You want me to take you to the East? To the sea? Fine, fine, I will! I will take my Lan Zhan to the moon if you asked!»«Not the moon,» Lan Wangji replied softly, and caressed his cheek. «Just the sea will be enough.»",1574135066,8121,1574135066,-1,1574135066,0,1574135066,,2019-11-19T03:44:26.139Z,1574135066,0,1574135066
17548754,The_Supervillains_Goatee,1575139856,"人渣反派自救系统 - 墨香铜臭 | The Scum Villain's Self-Saving System - Mòxiāng Tóngshiù, 魔道祖师 - 墨香铜臭 | Módào Zǔshī - Mòxiāng Tóngxiù, 人渣反派自救系统, 魔道祖师 | Módào Zǔshī (Cartoon), 天官赐福 - 墨香铜臭 | Tiān Guān Cì Fú - Mòxiāng Tóngxiù, Heaven Official's Blessing",1575139856,...,,...,,"Rosencrantz and Guildenstern Are Dead, Right?",1575139856,2019-11-30T18:50:55.681Z,1575139856,2019-05-21T00:00:00.000Z,1575139856,12|12|1,1575139856,"Luo Binghe: In 10 years, I guarantee I’ll be Shizun’s second husband.
Mobei Jun: What happened to the first?
Luo Binghe: Nothing you can prove.
(Thank you, Incorrect Scum Villain Quotes!)",1575139856,12486,1575139856,-1,1575139856,0,1575139856,,2019-11-30T18:50:55.648Z,1575139856,0,1575139856
17560847,yumette,1571304176,天官赐福 - 墨香铜臭 | Tiān Guān Cì Fú - Mòxiāng Tóngxiù,1571304176,...,,...,,Haunted Tales of Papapa,1571304176,2019-10-17T09:22:55.784Z,1571304176,2019-01-27T00:00:00.000Z,1571304176,6|6|1,1571304176,"Mysterious ghost stories circulate the human realm. Some of which are downright frightening. But in reality, the truth behind all of these stories is the same: a night of intense passion between Xie Lian and Hua Cheng.Please assume that all of this takes place after the novel (main story + extras) so there is a high chance of spoilers!! I won’t write about them in detail, but there will be references.",1571304176,26994,1571304176,5,1571304176,6,1571304176,,2019-10-17T09:22:55.745Z,1571304176,0,1571304176
17573396,TheWildJoker,1572436503,魔道祖师 - 墨香铜臭 | Módào Zǔshī - Mòxiāng Tóngxiù,1572436503,...,,...,,HoneySong,1572436503,2019-10-30T11:55:02.917Z,1572436503,2019-01-28T00:00:00.000Z,1572436503,1|1|1,1572436503,"Mo Xuanyu's life is absolutely perfect, the perfect job, the perfect co-worker, the perfect boyfriend. The only problem lays with said boyfriends older brother, and how overly protective he is. Mo Xuanyu thought that he and Nie Mingjue had come to some sort of agreement, turns out he was wrong. Or Nie Mingjue needs to learn how to knock.This fic is dedicated to all the rare pairing shippers out there!",1572436503,2921,1572436503,-1,1572436503,0,1572436503,,2019-10-30T11:55:02.884Z,1572436503,0,1572436503
17591051,Anonymous,1550365870,Original Work,1550365870,...,,...,,By His Will and the Grace of Gods,1550365870,2019-02-17T01:11:09.808Z,1550365870,2019-02-15T00:00:00.000Z,1550365870,1|1|1,1550365870,"When Fiacha mac Domnall's brother suddenly renounces the throne, the high priest is asked to leave behind his vows and take the crown to prevent a civil war. His new ally, the great knight people call Cenric the Wolf, just wanted to avoid bloodshed, but finds he sees more in his new king than just a capable ruler. Not everyone is happy to quietly relinquish their own claim to the kingdom, though, and so Fiacha and Cenric have more to grapple with than just their budding affection.",1550365870,11349,1550365870,3,1550365870,1,1550365870,,2019-02-17T01:11:09.705Z,1550365870,0,1550365870
17595203,mercyandmagic,1572436461,魔道祖师 - 墨香铜臭 | Módào Zǔshī - Mòxiāng Tóngxiù,1572436461,...,,...,,The Lotus and the Dragonfly,1572436461,2019-10-30T11:54:20.806Z,1572436461,2019-04-02T00:00:00.000Z,1572436461,24|24|1,1572436461,"Wen Meishi was just a child when her brothers and father were killed during the Sunshot campaign. After years of hiding under an assumed name, she’s about to set her plan for vengeance into action. Lucky for her, it just so happens that Jiang Cheng is looking for a wife. Post-canon.",1572436461,77794,1572436461,-1,1572436461,0,1572436461,,2019-10-30T11:54:20.784Z,1572436461,0,1572436461
17602568,Anonymous,1550492125,Original Work,1550492125,...,,...,,Superego,1550492125,2019-02-18T12:15:25.446Z,1550492125,2019-01-30T00:00:00.000Z,1550492125,1|1|1,1550492125,After a sensational kidnapping case one suspect is arrested and awaiting interrogation. The desperate police department consults a hypnotherapist who ensures them he'll get the criminal to confess within the next 24 hours.,1550492125,6329,1550492125,1,1550492125,1,1550492125,,2019-02-18T12:15:25.384Z,1550492125,0,1550492125
17606225,Trickster_Angel,1574225424,魔道祖师 - 墨香铜臭 | Módào Zǔshī - Mòxiāng Tóngxiù,1574225424,...,,...,,Grandmaster of Demonic Party Games,1574225424,2019-11-20T04:50:24.137Z,1574225424,2019-11-01T00:00:00.000Z,1574225424,27|27|1,1574225424,Wei Wuxian has been interested in the paranormal for a while. And now he has the opportunity to experiment. Too bad Lan Wangji ruins it every time.,1574225424,50978,1574225424,-1,1574225424,0,1574225424,,2019-11-20T04:50:24.117Z,1574225424,0,1574225424
17606465,etymologyplayground,1571779983,天官赐福 - 墨香铜臭 | Tiān Guān Cì Fú - Mòxiāng Tóngxiù,1571779983,...,,...,,Moment's Silence (Common Tongue),1571779983,2019-10-22T21:33:02.681Z,1571779983,2019-01-31T00:00:00.000Z,1571779983,1|1|1,1571779983,"What exactly does partying look like?""Shi Qing Xuan groans. ""'What does partying look like,' he asks me,"" she laments. ""Partying looks like drinking and dancing and having fun! You were a prince, you should know stuff like this.""""I was a serious cultivator,"" Xie Lian counters. ""You may have heard of me."" Hua Cheng laughs. ""And anyway I'm not allowed to drink.""""Foolish Prince, Swordsman Poet, no rules, just right!"" Shi Qing Xuan insists. ""You can go back to being repressed tomorrow. But tonight who cares.""--No rules just right! Just for one night, though.",1571779983,14295,1571779983,1,1571779983,1,1571779983,,2019-10-22T21:33:02.638Z,1571779983,0,1571779983
17615129,IceBreeze,1571999099,魔道祖师 - 墨香铜臭 | Módào Zǔshī - Mòxiāng Tóngxiù,1571999099,...,,...,,Some call it kidnapping. The Lan Clan call it adoption.,1571999099,2019-10-25T10:24:58.684Z,1571999099,2019-02-02T00:00:00.000Z,1571999099,6|6|1,1571999099,"“Lan Zhan, Lan Zhan, look!” Wei Ying did a twirl. “I’m the same as you now! Am I pretty? Say Lan Zhan, am I pretty?”
   
      Huan muffled a laugh behind his sleeve as A-Zhan said “Mn,” eyes never once leaving Wei Ying. There was something a little like awe in his stare, like Wei Ying was the only one in the world to him at that moment, and if Huan hadn’t already known that his little brother cared deeply for Wei Ying then that look would have been all the confirmation he needed.
   
      (If A-Zhan knew what marriage and romance was beyond the vague explanations he’d heard then he’d probably already be courting Wei Ying, with all the dogged determination he shows everything he puts his mind to. It’s adorable, and Huan supports it wholeheartedly, no matter what direction it heads in the end).  
Or: an AU Wei Wuxian is taken in by the Lan clan instead of the Jiangs.",1571999099,16996,1571999099,-1,1571999099,0,1571999099,,2019-10-25T10:24:58.646Z,1571999099,0,1571999099
17626031,SugarAppleBlue,1572422334,魔道祖师 - 墨香铜臭 | Módào Zǔshī - Mòxiāng Tóngxiù,1572422334,...,,...,,Butterfly in the Palm of a Bear's Hand,1572422334,2019-10-30T07:58:53.798Z,1572422334,2019-02-01T00:00:00.000Z,1572422334,1|1|1,1572422334,"The day Nie Mingjue visited the Koi Tower for a meeting with Jin Guangshan, Mo Xuanyu couldn’t help but to over hear their plans when he was walking by with an armful of books. Not only did Mo Xuanyu barge into the room, but he had spoken out of turn. After freely expressing how Nie Mingjue’s options didn’t seem concise and offering his own idea, it was only then that Mo Xuanyu realized he had stepped out of line. Before Jin Guangshan could stand, Nie Mingjue had held out a hand to stop him.
               After everything he heard about Nie Mingjue he had fully expected him to scold and berate him. But that didn’t happen. Instead, Nie Mingjue had turned to Jin Guangshan and requested to fetch Mo Xuanyu whenever he needed to. Mo Xuanyu was appointed a position as an advisor as sorts. It was clear Nie Mingjue valued Mo Xuanyu’s second opinion and the guts he had to speak so openly.",1572422334,3646,1572422334,-1,1572422334,0,1572422334,,2019-10-30T07:58:53.777Z,1572422334,0,1572422334
17632853,Papapaldi,1561832031,Dishonored (Video Games),1561832031,...,,...,,"A Great Age, Ending",1561832031,2019-06-29T18:13:51.500Z,1561832031,2019-02-12T00:00:00.000Z,1561832031,4|?|0,1561832031,The Outsider recounts his downfall,1561832031,7002,1561832031,1,1561832031,,1561832031,,2019-06-29T18:13:51.413Z,1561832031,0,1561832031
17633120,Birdfluff,1556271967,Dishonored (Video Games),1556271967,...,,...,,Disrepute,1556271967,2019-04-26T09:46:07.007Z,1556271967,2019-02-02T00:00:00.000Z,1556271967,1|1|1,1556271967,"There was a shift in their world brought on by Billie Lurk's choice to free the Outsider. The change provoked a strange feeling inside the ones touched by the void. Something is wrong.""They look at you through the eye of a dead god. You will never be safe unless you take care of the source, first."" -- Anonymous",1556271967,24082,1556271967,-1,1556271967,0,1556271967,,2019-04-26T09:46:06.926Z,1556271967,0,1556271967
17633729,Anonymous,1550233623,Original Work,1550233623,...,,...,,Clear and Grey,1550233623,2019-02-15T12:27:03.007Z,1550233623,2019-02-02T00:00:00.000Z,1550233623,1|1|1,1550233623,"Tirne would do anything, but to do nothing is a different matter.",1550233623,893,1550233623,5,1550233623,1,1550233623,,2019-02-15T12:27:02.884Z,1550233623,0,1550233623
17644910,boatbeforeabridge,1571624041,天官赐福 - 墨香铜臭 | Tiān Guān Cì Fú - Mòxiāng Tóngxiù,1571624041,...,,...,,Apotheosis,1571624041,2019-10-21T02:14:09.073Z,1571624049,2019-02-03T00:00:00.000Z,1571624041,1|1|1,1571624049,"Hua Cheng wakes early enough to see Xie Lian against the dawn, and considers the difference eight hundred years can make.(Not much at all.)",1571624041,1284,1571624041,3,1571624049,1,1571624049,,2019-10-21T02:14:09.046Z,1571624049,0,1571624041
17650937,Anonymous,1550466909,Original Work,1550466909,...,,...,,Hard Choices,1550466909,2019-02-18T05:15:08.700Z,1550466909,2019-02-15T00:00:00.000Z,1550466909,1|1|1,1550466909,"It comes down to this: when Raphael Venneri asks you something, you don't fucking say no.",1550466909,3114,1550466909,3,1550466909,1,1550466909,,2019-02-18T05:15:08.623Z,1550466909,0,1550466909
17650961,Anonymous,1550368146,Original Work,1550368146,...,,...,,Jharokha,1550368146,2019-02-17T01:50:04.848Z,1550368205,2019-02-15T00:00:00.000Z,1550368146,1|1|1,1550368205,...,,3269,1550368146,5,1550368146,1,1550368205,,2019-02-17T01:50:04.458Z,1550368205,0,1550368146
17657753,Anonymous,1550367267,Original Work,1550367267,...,,...,,A Man of His Time,1550367267,2019-02-17T01:34:26.782Z,1550367267,2019-02-06T00:00:00.000Z,1550367267,1|1|1,1550367267,"An eighteenth-century Anglo-Irish rake has a brief encounter with a demon lover, that marks him for life.",1550367267,2153,1550367267,1,1550367267,1,1550367267,,2019-02-17T01:34:26.696Z,1550367267,0,1550367267
17667254,Anonymous,1550419025,Original Work,1550419025,...,,...,,Kind Words and Guns,1550419025,2019-02-19T03:31:35.458Z,1550547095,2019-02-16T00:00:00.000Z,1550419025,1|1|1,1550547095,"From the first, there's something different about Jamie Romano, one of John Rossi's new men. He makes John sit up and take notice, that's for sure.",1550419025,14226,1550419025,5,1550419025,1,1550547095,,2019-02-19T03:31:35.384Z,1550547095,0,1550419025
17672600,voyce95,1572842120,"Founder of diabiolism, 魔道祖师 - 墨香铜臭 | Módào Zǔshī - Mòxiāng Tóngxiù",1572842120,...,,...,,Regret,1572842120,2019-11-04T04:35:19.974Z,1572842120,2019-02-05T00:00:00.000Z,1572842120,2|?|0,1572842120,"WARNING: SELF-HARMPOSSIBLE NOVEL SPOILERS
We finally get to imagine how Mo Xuanyu ended that way...",1572842120,1585,1572842120,3,1572842120,,1572842120,,2019-11-04T04:35:19.926Z,1572842120,0,1572842120
17674778,Razzledazzy,1561910144,Dishonored (Video Games),1561910144,...,,...,,The Spaces Between That Contain No Galaxies,1561910144,2019-07-22T04:16:35.435Z,1563768995,2019-02-06T00:00:00.000Z,1561910144,1|1|1,1563768995,Corvo has a lot to think about in the years after the sing of constant betrayal fades away.(Or maybe that was the aftermath of being poisoned. Who knows?),1561910144,1355,1561910144,5,1561910144,1,1563768995,,2019-07-22T04:16:35.365Z,1563768995,0,1561910144
17675234,Anonymous,1550207317,Original Work,1550207317,...,,...,,Stand and Deliver,1550207317,2019-02-19T03:32:49.845Z,1550547170,2019-02-06T00:00:00.000Z,1550207317,1|1|1,1550547170,A dark night. A dashing highwayman. And a viscount?,1550207317,809,1550207317,5,1550207317,1,1550547170,,2019-02-19T03:32:49.700Z,1550547170,0,1550207317
17676593,SteelLily,1559484874,Call the Midwife,1559484874,...,,...,,To Sleep Perchance to Dream,1559484874,2019-06-02T14:14:33.675Z,1559484874,2019-02-06T00:00:00.000Z,1559484874,1|1|1,1559484874,Valerie throws Lucille a surprise birthday party.,1559484874,6111,1559484874,5,1559484874,1,1559484874,,2019-06-02T14:14:33.614Z,1559484874,0,1559484874
17678948,illuminasnox,1572801662,魔道祖师 - 墨香铜臭 | Módào Zǔshī - Mòxiāng Tóngxiù,1572801662,...,,...,,i hate the feeling,1572801662,2019-11-03T17:21:02.368Z,1572801662,2019-02-06T00:00:00.000Z,1572801662,3|?|0,1572801662,their first meeting,1572801662,2552,1572801662,1,1572801662,,1572801662,,2019-11-03T17:21:02.342Z,1572801662,0,1572801662
17688059,anticyclone,1563768991,Original Work,1550366438,...,,...,,Sporting Behavior,1550366438,2019-07-23T02:59:54.280Z,1563850794,2019-02-07T00:00:00.000Z,1550366438,1|1|1,1563850794,"Imani has not had a great few months, since the war ended. Then one of her former soldiers gets herself into a scuffle with a feather-wearing professional duelist - and is far too drunk to fight. Imani steps up as proxy, and wrangles herself an interesting invitation out of it.",1550366438,2208,1550366438,5,1550366438,1,1563850794,,2019-07-23T02:59:53.888Z,1563850794,0,1550366438
17691317,Anonymous,1550278681,Castlevania (Cartoon),1550278681,...,,...,,Apéritif,1550278681,2019-02-19T03:32:58.559Z,1550547179,2019-02-07T00:00:00.000Z,1550278681,1|1|1,1550547179,"“Didn’t you hear me, you idiot?” Alucard glares at Trevor over the collar of his cloak, pulled up high to cover his mouth. “If I start I may not be able to stop.”",1550278681,3044,1550278681,5,1550278681,1,1550547179,,2019-02-19T03:32:58.428Z,1550547179,0,1550278681
17691362,1863,1563768983,Castlevania (Cartoon),1550285029,...,,...,,A Rush and a Push and the Land is Ours,1550285029,2019-07-23T03:00:06.398Z,1563850806,2019-02-21T00:00:00.000Z,1563768983,1|1|1,1563850806,"In the end, there’s only one other person who understands what it means to be a Forgemaster.",1550285029,3616,1550285029,5,1550285029,1,1563850806,,2019-07-23T03:00:06.059Z,1563850806,0,1550285029
17698037,Anonymous,1550232828,Original Work,1550232828,...,,...,,as the lights go down,1550232828,2019-02-15T12:13:53.336Z,1550232833,2019-02-07T00:00:00.000Z,1550232828,1|1|1,1550232833,Nepeta had once said she’d follow her to the dark side of the moon. And she did.,1550232828,766,1550232828,1,1550232833,1,1550232833,,2019-02-15T12:13:53.291Z,1550232833,0,1550232828
17700521,Anonymous,1550340555,Star Trek: Deep Space Nine,1550340555,...,,...,,The Latest Work,1550340555,2019-02-16T18:09:14.587Z,1550340555,2019-02-15T00:00:00.000Z,1550340555,1|1|1,1550340555,"Garak is put in the unfortunate position of having to correct a misconception Bashir seems to have about Cardassian culture. -Garak sets his shoulders back and stares at Bashir as seriously as he can. Bashir, for his part, is looking right at Garak, half-smiling, which manages to annoy Garak even further. “I enjoy our meals together, Doctor, but If you continue your insistence on arguing with me in such a public fashion, people will begin to talk.”",1550340555,1220,1550340555,3,1550340555,1,1550340555,,2019-02-16T18:09:14.584Z,1550340555,0,1550340555
17700581,Anonymous,1550292365,Original Work,1550292365,...,,...,,Noble Intentions,1550292365,2019-02-17T01:11:28.210Z,1550365888,2019-02-08T00:00:00.000Z,1550292365,1|1|1,1550365888,"I could leave,"" I thought. ""She clearly doesn't want my help; I have other things to think about. I could just call it a night."" But I couldn't, not really.",1550292365,2431,1550292365,3,1550292365,1,1550365888,,2019-02-17T01:11:27.894Z,1550365888,0,1550292365
17700794,Anonymous,1550234276,The Favourite (2018),1550234276,...,,...,,if not victory,1550234276,2019-02-19T03:33:10.059Z,1550547190,2019-02-15T00:00:00.000Z,1550234276,1|1|1,1550547190,"“The black makes you look pale.”“It was a funeral. Pale is appropriate.” Abigail's mouth twisted in a funny little knot of a smile. “Were you occupied with something urgent, or did you just not receive the address?”",1550234276,864,1550234276,5,1550234276,1,1550547190,,2019-02-19T03:33:09.775Z,1550547190,0,1550234276
17700929,erlkoenig,1564399076,"The Silmarillion and other histories of Middle-Earth - J. R. R. Tolkien, TOLKIEN J. R. R. - Works & Related Fandoms",1564399076,...,,...,,call the night by name,1564399076,2019-07-29T11:17:56.274Z,1564399076,2019-02-08T00:00:00.000Z,1564399076,1|1|1,1564399076,"They were surrounded, the orcs pressing their advantage into the fen. The ground slick and soft beneath them, beneath even elven feet, giving way and allowing the enemy to gain ground. And himself, his men still so far away, bodies falling around him, friend and foe alike as he thought, let me closer, if I can just get to them.",1564399076,6133,1564399076,3,1564399076,1,1564399076,,2019-07-29T11:17:56.206Z,1564399076,0,1564399076
17715437,Anonymous,1550321671,Original Work,1550321671,...,,...,,Ever At His Side,1550321671,2019-02-16T12:54:30.619Z,1550321671,2019-02-15T00:00:00.000Z,1550321671,1|1|1,1550321671,"Sir Asoza has for more than two decades been a good friend and trusted knight to the ruler of Athelney; he has been in love with him almost as long. When it seems like the pressure at court is getting to King Lyndon, Sir Asoza proposes a small stay at his own keep to get away from politics for a bit. In their shared solitude, however, their feelings suddenly become hard to ignore.",1550321671,10917,1550321671,1,1550321671,1,1550321671,,2019-02-16T12:54:30.525Z,1550321671,0,1550321671
17716490,Noor123,1575155408,魔道祖师 - 墨香铜臭 | Módào Zǔshī - Mòxiāng Tóngxiù,1575155408,...,,...,,a love story,1575155408,2019-11-30T23:10:08.245Z,1575155408,2019-02-09T00:00:00.000Z,1575155408,1|?|0,1575155408,building a relationship is the best way to solve problems,1575155408,1379,1575155408,-1,1575155408,0,1575155408,,2019-11-30T23:10:08.221Z,1575155408,0,1575155408
17718488,Anonymous,1550209611,Original Work,1550209611,...,,...,,Fealty,1550209611,2019-02-15T05:46:51.060Z,1550209611,2019-02-09T00:00:00.000Z,1550209611,1|1|1,1550209611,"“Are you going to overthrow me today, brother?”",1550209611,796,1550209611,3,1550209611,1,1550209611,,2019-02-15T05:46:50.914Z,1550209611,0,1550209611
17718566,Lilballofkiribaku,1572422046,魔道祖师 - 墨香铜臭 | Módào Zǔshī - Mòxiāng Tóngxiù,1572422046,...,,...,,Empress of Gusu,1572422046,2019-10-30T07:54:06.156Z,1572422046,2019-07-15T00:00:00.000Z,1572422046,14|?|0,1572422046,A  royal decree has been passed. The highly revered yet reclusive emperor of Gusu is searching for a wife and every family with an unmarried daughter or son is excited.,1572422046,27146,1572422046,-1,1572422046,0,1572422046,,2019-10-30T07:54:06.112Z,1572422046,0,1572422046
17720039,Anonymous,1550291846,Original Work,1550291846,...,,...,,Loving Punishment,1550291846,2019-02-16T04:37:26.457Z,1550291846,2019-02-15T00:00:00.000Z,1550291846,1|1|1,1550291846,"Prince Rajasima has been imprisoned for the past few weeks for a crime he (mostly) didn't commit. His brother, Crown Prince Sundara, is there to make sure Rajasima suffers the proper punishment.",1550291846,3205,1550291846,-1,1550291846,0,1550291846,,2019-02-16T04:37:26.382Z,1550291846,0,1550291846
17725739,Shuvuuia,1556247002,Sins of the Cities Series - K. J. Charles,1556247002,...,,...,,Why We Have Walls,1556247002,2019-04-26T02:50:02.187Z,1556247002,2019-02-17T00:00:00.000Z,1556247002,2|2|1,1556247002,"An old acquaintance from the past comes to visit Justin, and it could only mean trouble. 
TW: Attempted rape and threat of sexual violence, but help arrives soon enough. Past abuse and other issues about growing up on the streets will be referenced.",1556247002,5692,1556247002,1,1556247002,2,1556247002,,2019-04-26T02:50:02.068Z,1556247002,0,1556247002
17727224,Anonymous,1550232330,Original Work,1550232330,...,,...,,"Come with me, be born anew",1550232330,2019-02-15T12:05:30.130Z,1550232330,2019-02-12T00:00:00.000Z,1550232330,1|1|1,1550232330,"Sir Tiras doesn’t have any money. But Sullivan insists on being paid, considering other payment options.",1550232330,706,1550232330,1,1550232330,1,1550232330,,2019-02-15T12:05:30.038Z,1550232330,0,1550232330
17730479,Anonymous,1550234500,Original Work,1550234500,...,,...,,In the Time of Molten Ice,1550234500,2019-02-15T12:41:39.711Z,1550234500,2019-02-15T00:00:00.000Z,1550234500,1|1|1,1550234500,Queen Marigold has been deposed for the will to follow her heart when it comes to herself. Her knight Isadora is with her.,1550234500,1146,1550234500,3,1550234500,1,1550234500,,2019-02-15T12:41:39.628Z,1550234500,0,1550234500
17732489,softshark,1564487908,"The Silmarillion and other histories of Middle-Earth - J. R. R. Tolkien, TOLKIEN J. R. R. - Works & Related Fandoms",1564487908,...,,...,,what we learn from one another,1564487908,2019-07-30T11:58:30.388Z,1564487910,2019-02-10T00:00:00.000Z,1564487908,1|1|1,1564487910,"“My most crucial lesson for you,” Finrod hmmmed, closing his eyes.... ""Is that the most important thing in life is enjoyment. To do things because they spark joy, because they stimulate your mind and bring you pleasure.""In which Finrod is a spoiled prince, and tries to impart the wisdom of leisure and simple hobbies on Balan, Balan thinks Finrod is a perfectly adequate enough hobby for him, and they both ponder the differences between their two races.",1564487908,1620,1564487908,3,1564487910,1,1564487910,,2019-07-30T11:58:30.357Z,1564487910,0,1564487908
17733956,hypermoyashi,1570621747,天官赐福 - 墨香铜臭 | Tiān Guān Cì Fú - Mòxiāng Tóngxiù,1570621747,...,,...,,It's who you are.,1570621747,2019-10-09T11:49:06.638Z,1570621747,2019-08-08T00:00:00.000Z,1570621747,6|?|0,1570621747,"When the hand that helped him caught Xie Lian after he stumbled, he drew in a sharp breath. The ghost groom, or whatever stranger had deigned to take him on a bloody stroll in the dead of night through a haunted forest, smelled of maple and rain. It was cloyingly sweet and impossible to mistake.(AKA the one in which Xie Lian and Hua Cheng are both omega)",1570621747,18202,1570621747,-1,1570621747,0,1570621747,,2019-10-09T11:49:06.612Z,1570621747,0,1570621747
17734994,multifanwho,1559421114,Call the Midwife,1559421114,...,,...,,I've Lost Her,1559421114,2019-06-01T20:31:54.235Z,1559421114,2019-02-11T00:00:00.000Z,1559421114,1|1|1,1559421114,Valerie's internal thoughts having to watch Lucille fall for Cyril,1559421114,683,1559421114,1,1559421114,1,1559421114,,2019-06-01T20:31:54.233Z,1559421114,0,1559421114
17736020,Sath,1550547011,人渣反派自救系统 - 墨香铜臭 | The Scum Villain's Self-Saving System - Mòxiāng Tóngshiù,1550547011,...,,...,,Mountain Wine,1550547011,2019-02-28T23:21:34.028Z,1551396094,2019-02-11T00:00:00.000Z,1550547011,2|2|1,1551396094,"Shen Qingqiu felt like a chill wind was blowing down his robes. No matter how many plot holes he filled or improvements he made to the story, nothing could save him forever from the stallion novel’s shit foundation. He remembered this storyline. 
It was when Airplane Shooting Towards the Sky reached peak laziness.",1550547011,5846,1551396072,0,,1,1550547015,,2019-02-28T23:21:33.493Z,1551396094,0,1550547011
17737442,silverprism,1570879405,天官赐福 - 墨香铜臭 | Tiān Guān Cì Fú - Mòxiāng Tóngxiù,1570879405,...,,...,,"please milk your boyfriend, Hua Cheng",1570879405,2019-10-12T11:23:24.729Z,1570879405,2019-02-11T00:00:00.000Z,1570879405,1|1|1,1570879405,Hua Cheng notices stains on his boyfriend’s clothes and he can’t resist to ask. He literally ends up milking Xie Lian.,1570879405,1281,1570879405,-1,1570879405,0,1570879405,,2019-10-12T11:23:24.695Z,1570879405,0,1570879405
17743826,ULTIOcean,1577794176,魔道祖师 - 墨香铜臭 | Módào Zǔshī - Mòxiāng Tóngxiù,1577794176,...,,...,,Two for the price of one,1577794176,2019-12-31T12:09:35.945Z,1577794176,2019-02-11T00:00:00.000Z,1577794176,1|1|1,1577794176,"When Wei WuXian opened his eyes again in the world of the living, he didn't know what to expect. He hadn't asked to be brought back, had no intention return on his own, either. But he had, inhabiting a body that was not his own, drowning in memories and desires for revenge, a lonely soul asking for retribution, even if he'd been asking the wrong person.He had known he had to fulfill this person's wishes to be set free, and as such was the contract, he hadn't felt wronged or used, it was how things were, and the other person had paid the price for their wish. But...But nobody ever told him what to do in this situation? Whatever was he supposed to do with a toddler? And why did the spell take that person's last mumbled wish as a condition, too? How was he supposed to fulfill that, ah?Big blue eyes stared up at him.He stared back.He totally hadn't singed up for this!He was going to do it, because of course he was going to! He didn't want to die again so soon! If he had to become a single father and rise this child alone until he was happy, then so be it! Wei WuXian would shower him with all the love he had!",1577794176,41744,1577794176,-1,1577794176,0,1577794176,,2019-12-31T12:09:35.926Z,1577794176,0,1577794176
17748266,Anonymous,1550233921,Castlevania (Cartoon),1550233921,...,,...,,company by the fire,1550233921,2019-02-15T12:32:00.656Z,1550233921,2019-02-15T00:00:00.000Z,1550233921,1|1|1,1550233921,Hector keeps Dracula company by the fire and thinks of what comes ahead.,1550233921,366,1550233921,1,1550233921,1,1550233921,,2019-02-15T12:32:00.580Z,1550233921,0,1550233921
17753369,northernstars,1559650042,Call the Midwife,1559650042,...,,...,,"she was everything to me, except mine",1559650042,2019-06-04T12:07:21.859Z,1559650042,2019-02-12T00:00:00.000Z,1559650042,1|1|1,1559650042,"You look… exactly like you.
It hurts. It hurts more than she ever thought it could. But Lucille smiles back at her, and somehow that makes it better and worse at the same time. Damn her.",1559650042,2798,1559650042,1,1559650042,1,1559650042,,2019-06-04T12:07:21.769Z,1559650042,0,1559650042
17757572,Lunavap,1575155349,魔道祖师 - 墨香铜臭 | Módào Zǔshī - Mòxiāng Tóngxiù,1575155349,...,,...,,Caminos perdidos,1575155349,2019-11-30T23:09:09.008Z,1575155349,2019-02-13T00:00:00.000Z,1575155349,1|?|0,1575155349,"El mundo ha cambiado, las grandes sectas ya no son lo que eran, los cultivadores se han vuelto ciegos y mediocres, ya no sueñan con la inmortalidad y el mundo entero se encuentra regido por la renacida y poderosa secta Wen. Los únicos que aun ven el mundo como antaño, solo pueden soñar con la libertad que todos les han negado. Sin embargo, la repentina desaparición de discípulos de distintas sectas trae el caos a este nuevo mundo, al mismo tiempo que un viajero llega desde tierras lejanas en busca de su desaparecido padre. Mientras explora las distintas sectas en su búsqueda, ira desentrañando los secretos del pasado que nadie quiere recordar.",1575155349,698,1575155349,-1,1575155349,0,1575155349,,2019-11-30T23:09:08.971Z,1575155349,0,1575155349
17758541,Anonymous,1550281739,Original Work,1550281739,...,,...,,Winter Witch and Spring Witch,1550281739,2019-02-16T01:48:59.086Z,1550281739,2019-02-15T00:00:00.000Z,1550281739,1|1|1,1550281739,"Two witches, in love. NSFW watercolor artwork.",1550281739,?,1550281739,1,1550281739,1,1550281739,,2019-02-16T01:48:59.083Z,1550281739,0,1550281739
17758892,Lady_1998,1575139001,"魔道祖师 - 墨香铜臭 | Módào Zǔshī - Mòxiāng Tóngxiù, 魔道祖师 | Módào Zǔshī (Cartoon)",1575139001,...,,...,,The Lost Hero,1575139001,2019-11-30T18:36:40.588Z,1575139001,2019-10-03T00:00:00.000Z,1575139001,10|?|0,1575139001,"…il rito richiede una dose di sangue dell’officiante per permettere al suo obiettivo…ma non specifica se l’obiettivo debba essere una persona vivente o meno…Però… potrei far arrivare qui Wei Wuxian da qualsiasi posto si trovi…vivo o meno…c’è scritto che in base alla distanza, sarà richiesta una pari quantità di sangue…è rischioso, potrei morire se è troppo lontano…ma ero già disposto ad offrirgli il mio corpo. Questo partendo dal presupposto che si sia veramente reincarnato…e se non lo fosse? Rischierei la vita inutilmente? Se invece si fosse reincarnato, niente mi garantisce che accetti di aiutarmi. Qua non dice che la persona richiamata debba anche rispettare il desiderio di chi ha effettuato il rituale...dovrei pregarlo? Raccontargli tutto? Oppure...""Sentì dei rumori. I borbottii dei servi. Passi. La voce di suo cugino. ""Quel dannato ha detto tutto alla mamma! Se crede di passarla liscia...""[What if...? E se il rituale di offerta del corpo fosse fallito perchè Wei Ying si era già reincarnato nel futuro?]",1575139001,14902,1575139001,-1,1575139001,0,1575139001,,2019-11-30T18:36:40.565Z,1575139001,0,1575139001
17760812,Anonymous,1550281771,"The Hobbit (Jackson Movies), The Hobbit - J. R. R. Tolkien",1550281771,...,,...,,,1550281771,2019-02-16T01:49:35.116Z,1550281775,2019-02-13T00:00:00.000Z,1550281771,1|1|1,1550281775,...,1550281771,?,1550281771,3,1550281775,1,1550281775,,2019-02-16T01:49:35.114Z,1550281775,0,1550281771
17768066,Anonymous,1550232748,Original Work,1550232748,...,,...,,A Knight Until Morning,1550232748,2019-02-15T12:12:28.350Z,1550232748,2019-02-09T00:00:00.000Z,1550232748,1|1|1,1550232748,"I have no desire to go to my wedding bed a virgin,"" the king had said, and Rolf, in a moment of great daring had opened his stupid gob to volunteer, as if the greenest recruit didn't know better than to ever volunteer for anything, and now here they were.",1550232748,1137,1550232748,3,1550232748,1,1550232748,,2019-02-15T12:12:28.281Z,1550232748,0,1550232748
17769773,salty_gay_prince,1572436426,"魔道祖师 - 墨香铜臭 | Módào Zǔshī - Mòxiāng Tóngxiù, 魔道祖师 | Módào Zǔshī (Cartoon)",1572436426,...,,...,,Whats So Wrong With That?,1572436426,2019-10-30T11:53:45.587Z,1572436426,2019-05-20T00:00:00.000Z,1572436426,6|?|0,1572436426,"Its modern day and life is one mess after another for Jiang Cheng. But things might actually not be as bad as he thinks, even when his secret is discovered by the last person he'd want to see him like that.In which JC is a Dom that gets to threaten and beat people for money! Story Will focus on JC, but there will be chapters with others as well. Multi pairingALL MY BOYS ARE ALIVE.AU.",1572436426,9523,1572436426,-1,1572436426,0,1572436426,,2019-10-30T11:53:45.566Z,1572436426,0,1572436426
17771930,BandagedRabbit,1571780492,天官赐福 - 墨香铜臭 | Tiān Guān Cì Fú - Mòxiāng Tóngxiù,1571780492,...,,...,,White blossom bathed on dew,1571780492,2019-10-22T21:42:13.661Z,1571780534,2019-02-13T00:00:00.000Z,1571780492,2|2|1,1571780534,"‘’You’re drunk already, let me do the last ones, it will be half mine and half yours.’’ But of course the younger didn’t need the prize at all, he just wanted to help him to win, so he poured the liquor down his throat. Xie Lian pouted while denying that with his head and interrupting in the middle ‘’ It won’t because you’re drinking more than me.’’ Said that, he caught the cup on his hand and drank the liquid left on it. ‘’Now it’s half mine…and half yours.’’ Xie Lian smiled sheepishly.",1571780492,5662,1571780492,-1,1571780534,1,1571780496,,2019-10-22T21:42:13.651Z,1571780534,0,1571780492
17776859,Anonymous,1550277758,The Terror (TV 2018),1550277758,...,,...,,breathe,1550277758,2019-02-16T00:58:13.477Z,1550278693,2019-02-14T00:00:00.000Z,1550277758,1|1|1,1550278693,...,,?,1550277758,3,1550277758,1,1550278693,,2019-02-16T00:58:13.118Z,1550278693,0,1550277758
17778245,HerenorThereNearnorFar,1564544022,The Silmarillion and other histories of Middle-Earth - J. R. R. Tolkien,1564544022,...,,...,,Casting Out The Serpent,1564544022,2019-07-31T03:34:01.759Z,1564544042,2019-02-14T00:00:00.000Z,1564544022,1|1|1,1564544042,"Balan-who-will-be-Bëor comes to some conclusions about his new friend after said new friend demonstrates a terrifying knowledge of venomous snakes. In conclusion, Finarfin was a reptile hoarder and also elves might be poisonous.",1564544022,3688,1564544022,5,1564544022,1,1564544042,,2019-07-31T03:34:01.518Z,1564544042,0,1564544022
17785802,Anonymous,1550282694,The Lord of the Rings - J. R. R. Tolkien,1550282694,...,,...,,the sun and the stars,1550282694,2019-02-16T02:04:53.771Z,1550282694,2019-02-14T00:00:00.000Z,1550282694,1|1|1,1550282694,Art for Chocolate Box 2019.,1550282694,?,1550282694,3,1550282694,1,1550282694,,2019-02-16T02:04:53.769Z,1550282694,0,1550282694
17786384,Anonymous,1550277730,Les Misérables - Victor Hugo,1550277730,...,,...,,"Under the leaves, upon the grass",1550277730,2019-02-16T00:42:10.242Z,1550277730,2019-02-14T00:00:00.000Z,1550277730,1|1|1,1550277730,"After all is over, they find an arrangement.",1550277730,?,1550277730,1,1550277730,1,1550277730,,2019-02-16T00:42:10.194Z,1550277730,0,1550277730
17793923,Anonymous,1550283102,Venom (Movie 2018),1550283102,...,,...,,Friday Night Six Pack,1550283102,2019-02-16T02:11:41.522Z,1550283102,2019-02-15T00:00:00.000Z,1550283102,1|1|1,1550283102,The bottles caught their eye.,1550283102,483,1550283102,3,1550283102,1,1550283102,,2019-02-16T02:11:41.520Z,1550283102,0,1550283102
17795072,pricklybuns,1572436569,"魔道祖师 - 墨香铜臭 | Módào Zǔshī - Mòxiāng Tóngxiù, 魔道祖师 | Módào Zǔshī (Cartoon)",1572436569,...,,...,,"Even with eyes, you are still blind",1572436569,2019-10-30T11:56:09.435Z,1572436569,2019-02-15T00:00:00.000Z,1572436569,1|1|1,1572436569,"MASSIVE SPOILER WARNING FOR NIE HUAISANG, ADVANCE AT YOUR OWN RISK",1572436569,1590,1572436569,-1,1572436569,0,1572436569,,2019-10-30T11:56:09.403Z,1572436569,0,1572436569
17799074,reconditarmonia,1556409873,Original Work,1550490739,...,,...,,Fair Play,1550490739,2019-07-23T03:00:31.163Z,1563850831,2019-02-21T00:00:00.000Z,1556409873,1|1|1,1563850831,"I can hardly blame Madame d'E— if she does not wish to duel me herself, but how extraordinarily quaint and countrified that she should send a professional.",1550490739,1793,1550490739,5,1550490739,1,1563850831,,2019-07-23T03:00:30.685Z,1563850831,0,1550490739
17801459,SoftPupcake,1559649029,Call the Midwife,1559649029,...,,...,,1964,1559649029,2019-06-04T11:50:28.807Z,1559649029,2019-04-17T00:00:00.000Z,1559649029,10|?|0,1559649029,"I'm not great with summery's but I'll try,Do Valerie and Lucille end up together or is there someone else out there for Valerie?",1559649029,24880,1559649029,1,1559649029,,1559649029,,2019-06-04T11:50:28.727Z,1559649029,0,1559649029
17807333,Shamelesscooper,1570804758,天官赐福 - 墨香铜臭 | Tiān Guān Cì Fú - Mòxiāng Tóngxiù,1570804758,...,,...,,Come Alive,1570804758,2019-10-11T14:39:18.224Z,1570804758,2019-02-16T00:00:00.000Z,1570804758,1|1|1,1570804758,"Xie Lian lives for the moments before dawn, when the world is just waking up, when the silence of the night gives way to life and the darkness doesn’t feel quite so forbidding anymore. Somehow in the night, Hua Cheng had tucked himself into Xie Lian’s side, cramped comically into the space just under his armpit like a child. An arm had been thrown haphazardly over Xie Lian’s chest, and for once, he let himself lie under the grounding weight of it.Neither of them needed to breathe, not really, but beside him, Hua Cheng’s chest still rose and fell, as if they were just two young men rather than the fathomlessly old beings they both were. It was the only sound in the room for a long time, before slowly, like the coming of spring, droplets of rain began to shower down outside. Xie Lian sighed, languoring in the heaviness of his limbs in the dark pre-dawn. Here, now, no one needed him. He had no prayers to answer, no voices calling for his attention. It was nice.----Xie Lian and Hua Cheng wake up one morning at Puji Shrine. That's it. That's the fic.",1570804758,2912,1570804758,-1,1570804758,0,1570804758,,2019-10-11T14:39:18.178Z,1570804758,0,1570804758
17808605,Anonymous,1550492495,Original Work,1550492495,...,,...,,Watch For Me By The Moonlight,1550492495,2019-02-18T12:21:35.340Z,1550492495,2019-02-16T00:00:00.000Z,1550492495,1|1|1,1550492495,"A wounded stranger, a snowstorm, a homesteader, and more...",1550492495,1738,1550492495,1,1550492495,1,1550492495,,2019-02-18T12:21:35.277Z,1550492495,0,1550492495
17830052,SugarAppleBlue,1570621542,天官赐福 - 墨香铜臭 | Tiān Guān Cì Fú - Mòxiāng Tóngxiù,1570621542,...,,...,,Life Itself,1570621542,2019-10-09T11:45:41.878Z,1570621542,2019-02-18T00:00:00.000Z,1570621542,1|1|1,1570621542,Hua Cheng shows up at his door after Xie Lian came back home from years of traveling the world after falling out with his family.,1570621542,5246,1570621542,-1,1570621542,0,1570621542,,2019-10-09T11:45:41.852Z,1570621542,0,1570621542
17841881,lo_n_behold,1575139875,魔道祖师 - 墨香铜臭 | Módào Zǔshī - Mòxiāng Tóngxiù,1575139875,...,,...,,Duet,1575139875,2019-11-30T18:51:15.037Z,1575139875,2019-05-14T00:00:00.000Z,1575139875,6|?|0,1575139875,"It’s taken a lot of compromise and sacrifice, but Lan Wangji and Wei Wuxian have managed to build a best friendship based on mutual trust, love, and understanding, and now that they’re roommates, they’re near inseparable. Lan Wangji does his best to retain some autonomy in a friendship bordering on codependency, because while he’d love to give even that for his beloved, he can’t let his pining destroy him. He can only cherish every moment he has Wei Wuxian at his side, all too aware that this bliss will eventually come to an end.And when Wei Wuxian is asked on a date by another man, Lan Wangji has to accept that that end is likely upon them.",1575139875,43107,1575139875,-1,1575139875,0,1575139875,,2019-11-30T18:51:15.001Z,1575139875,0,1575139875
17859368,Forgotten64,1572422210,"魔道祖师 - 墨香铜臭 | Módào Zǔshī - Mòxiāng Tóngxiù, 宝石の国 | Houseki no Kuni | Land of the Lustrous (Anime & Manga)",1572422210,...,,...,,Unbreakable,1572422210,2019-10-30T07:56:50.294Z,1572422210,2019-06-22T00:00:00.000Z,1572422210,4|?|0,1572422210,"Cangse Sanren is famously known in the cultivation world for creating cultivators out of gemstones and minerals, known as Gems. These warriors are distributed among the sects to be guards or to aid the sects in times of struggle. Some famous Gems are the Twin Jades that were adopted by the Gusulan’s own sect leader as his sons. Another is the Core Melting Hand topaz of the Wen Sect. There’s also that red diamond that acts as her own guard, but the way she treats him looks more like a mother doting on her son.Houseki no Kuni AU",1572422210,22402,1572422210,-1,1572422210,0,1572422210,,2019-10-30T07:56:50.258Z,1572422210,0,1572422210
17864246,offlight,1575157350,魔道祖师 - 墨香铜臭 | Módào Zǔshī - Mòxiāng Tóngxiù,1575157350,...,,...,,the cold read,1575157350,2019-11-30T23:42:29.998Z,1575157350,2019-02-20T00:00:00.000Z,1575157350,1|1|1,1575157350,A fake relationship for the sake of revenge had sounded like a good idea to Wanyin at the time.,1575157350,12022,1575157350,-1,1575157350,0,1575157350,,2019-11-30T23:42:29.986Z,1575157350,0,1575157350
17866145,izamun,1559014099,Dishonored (Video Games),1559014099,...,,...,,Rapture,1559014099,2019-05-28T03:28:18.919Z,1559014099,2019-02-20T00:00:00.000Z,1559014099,1|1|1,1559014099,Some things aren't meant to be touched upon.,1559014099,997,1559014099,-1,1559014099,0,1559014099,,2019-05-28T03:28:18.830Z,1559014099,0,1559014099
17877590,Bird_of_Dreams,1572421594,魔道祖师 - 墨香铜臭 | Módào Zǔshī - Mòxiāng Tóngxiù,1572421594,...,,...,,the wei to the kingdom (is through the prince's heart),1572421594,2019-10-30T07:46:34.231Z,1572421594,2019-02-21T00:00:00.000Z,1572421594,1|1|1,1572421594,It was supposed to be a simple tournament held to celebrate the Kingdom of Gusu’s recent victory over the Wen Kingdom. Wei WuXian has no idea how it suddenly derailed into a free-for-all contest for Second Prince Lan WangJi’s hand in marriage.,1572421594,4210,1572421594,-1,1572421594,0,1572421594,,2019-10-30T07:46:34.193Z,1572421594,0,1572421594
17878757,Epher,1570621562,天官赐福 - 墨香铜臭 | Tiān Guān Cì Fú - Mòxiāng Tóngxiù,1570621562,...,,...,,Xie Lian Sucks Some Tiddies,1570621562,2019-10-09T11:46:02.382Z,1570621562,2019-02-22T00:00:00.000Z,1570621562,1|1|1,1570621562,"Hua Cheng really likes the idea of Xie Lian getting him pregnant with his divine seed, and develops a phantom pregnancy. Xie Lian loves his dramatic San Lang so much.",1570621562,4779,1570621562,-1,1570621562,0,1570621562,,2019-10-09T11:46:02.355Z,1570621562,0,1570621562
17879567,whetherwoman,1551357316,Think of England - K. J. Charles,1551357316,...,,...,,Adorned,1551357316,2019-04-28T00:04:29.227Z,1556409869,2019-02-25T00:00:00.000Z,1551357316,1|1|1,1556409869,There might be two or three words of this story that aren't unrelenting smut.,1551357316,2885,1551357316,5,1551357316,1,1556409869,,2019-04-28T00:04:29.224Z,1556409869,0,1551357316
17894528,fiveandnocents,1566082359,"Oliver & Company (1988), Disney - All Media Types",1566082359,...,,...,,good company,1566082359,2019-08-17T22:52:39.209Z,1566082359,2019-02-23T00:00:00.000Z,1566082359,1|1|1,1566082359,"She sighs, this full body thing that Dodger can feel, and says, “It’s not so bad, Dodge. We all thought it would happen eventually.”“Yeah? So I’m just the idiot then—not realizing the kid would end up in love with me?”",1566082359,7768,1566082359,3,1566082359,1,1566082359,,2019-08-17T22:52:39.142Z,1566082359,0,1566082359
17897045,northernstars,1559421420,Call the Midwife,1559421420,...,,...,,"the world's a little richer, just 'cause they came along",1559421420,2019-06-01T20:37:00.352Z,1559421420,2019-02-24T00:00:00.000Z,1559421420,1|1|1,1559421420,"“When I prayed at night, I asked God for this, but I didn’t think...” She pauses, looking down. “He’s already so busy with the rest of the world. I never expected Him to listen.”“Wait,” Val places a finger under her chin so they she can look Lucille in the eye again, “You asked God? For me?”",1559421420,1507,1559421420,1,1559421420,1,1559421420,,2019-06-01T20:37:00.349Z,1559421420,0,1559421420
17913614,mercyandmagic,1571766553,魔道祖师 - 墨香铜臭 | Módào Zǔshī - Mòxiāng Tóngxiù,1571766553,...,,...,,Brothers and Sisters,1571766553,2019-10-22T17:49:13.427Z,1571766553,2019-07-15T00:00:00.000Z,1571766553,38|38|1,1571766553,"On the eve of his wedding, Jīn Guāngyáo's sworn brothers seek him out for celebration. When they find him reeling from Madame Qín's revelation, a terrible confession - and a plea for help - emerges instead. Began as a one-shot and morphed into a behemoth of angst and (maybe) no one dying.",1571766553,166135,1571766553,-1,1571766553,0,1571766553,,2019-10-22T17:49:13.407Z,1571766553,0,1571766553
17916290,Befallings,1575155295,魔道祖师 - 墨香铜臭 | Módào Zǔshī - Mòxiāng Tóngxiù,1575155295,...,,...,,Heartsong,1575155295,2019-11-30T23:08:14.533Z,1575155295,2019-03-04T00:00:00.000Z,1575155295,6|6|1,1575155295,"They met and they parted. Where speech fails, let your heartbeat be your song.",1575155295,14395,1575155295,-1,1575155295,0,1575155295,,2019-11-30T23:08:14.507Z,1575155295,0,1575155295
17927363,silverneko (silver_neko),1572813752,魔道祖师 - 墨香铜臭 | Módào Zǔshī - Mòxiāng Tóngxiù,1572813752,...,,...,,A Shower of Golden Feathers,1572813752,2019-11-03T20:42:32.444Z,1572813752,2019-02-26T00:00:00.000Z,1572813752,1|6|0,1572813752,"Mo Xuan Yu's StoryA young master was taken into a new world of flying swords and things that can only be considered magical in the eyes of the common people.But the darkness lingers beneath the sparkling golden facade of luxuries and happiness that will surely test the body, mind and soul.Tags updated as we go. Will remind tag update for each chapter.",1572813752,3859,1572813752,-1,1572813752,0,1572813752,,2019-11-03T20:42:32.424Z,1572813752,0,1572813752
17954951,Anonymous,1555897402,Moby Dick - Herman Melville,1555897402,...,,...,,Moby-Dicked,1555897402,2019-04-22T01:43:22.436Z,1555897402,2019-04-21T00:00:00.000Z,1555897402,1|1|1,1555897402,Ishmael recounts a decidedly different version of the tale of Ahab’s first fateful encounter with the white whale.,1555897402,1438,1555897402,1,1555897402,1,1555897402,,2019-04-22T01:43:22.358Z,1555897402,0,1555897402
17956415,ilcuoreardendo,1559014091,Dishonored (Video Games),1559014091,...,,...,,In the Darkness,1559014091,2019-05-28T03:28:10.787Z,1559014091,2019-02-28T00:00:00.000Z,1559014091,1|1|1,1559014091,"The shrines to the Outsider smell of sea foam, brine, ocean dark secrets.",1559014091,105,1559014091,-1,1559014091,0,1559014091,,2019-05-28T03:28:10.712Z,1559014091,0,1559014091
17979059,Epher,1570621456,"魔道祖师 - 墨香铜臭 | Módào Zǔshī - Mòxiāng Tóngxiù, 天官赐福 - 墨香铜臭 | Tiān Guān Cì Fú - Mòxiāng Tóngxiù",1570621456,...,,...,,The Same as Us,1570621456,2019-10-09T11:44:15.556Z,1570621456,2019-03-30T00:00:00.000Z,1570621456,5|?|0,1570621456,"”Today we witness the punishment of Lan Wangji of the Cloud District. Two nights ago he was discovered fornicating with another omega man, whom has yet to be found. The penalty is three hundred lashes. One hundred and fifty for himself and one hundred and fifty for his accomplice. Should the other man come forward, he may rightfully take his share of the punishment.”Xie Lian’s whole body shook. It took everything in Hua Cheng to refrain from embracing him, should they be tossed out into the arena themselves. That boy out there couldn’t be more than fifty, not even a real adult yet. He didn’t need to look in Xie Lian’s eyes to know what he was thinking. They had been fifty when they fell in love.-“So you’re looking for an alpha who fucks other alphas to marry your omega son?” Hua Cheng asked, perhaps a tad rude, “sounds a little off, don’t you think?”Qingheng-Jun paused, then spoke, “perhaps a union with someone who empathizes with his situation would be less unbearable. Someone who does not care if Wangji will never love them.”",1570621456,9067,1570621456,-1,1570621456,0,1570621456,,2019-10-09T11:44:15.543Z,1570621456,0,1570621456
17983184,northernstars,1559481885,Call the Midwife,1559481885,...,,...,,gasping at glimpses of gentle true spirit,1559481885,2019-07-23T03:01:10.964Z,1563850871,2019-03-03T00:00:00.000Z,1559481885,1|1|1,1563850871,"Her life will never be the same after tomorrow. She might lose the part of her family she felt she could always rely on. But Lucille is beside her, will hold her hand throughout, and as long as she is, Valerie feels like she can take on the world. 
or, Valerie deals with her emotions after last weeks episode and Lucille never once stops loving her.",1559481885,2664,1559481885,5,1559481885,1,1563850871,,2019-07-23T03:01:10.564Z,1563850871,0,1559481885
17985281,Crystalline (EternalWitch),1570967636,天官赐福 - 墨香铜臭 | Tiān Guān Cì Fú - Mòxiāng Tóngxiù,1570967636,...,,...,,"And so, they feed everyone with dog food",1570967636,2019-10-13T11:53:55.537Z,1570967636,2019-03-03T00:00:00.000Z,1570967636,1|1|1,1570967636,"One day, Feng Xin and Mu Qing decided to pay Xie Lian a visit. But HuaLian being HuaLian, fed them with dog food instead. This is for Feb 26: Hugs prompt.",1570967636,516,1570967636,-1,1570967636,0,1570967636,,2019-10-13T11:53:55.491Z,1570967636,0,1570967636
17987846,SoonToBeCyborg,1561917355,Dishonored (Video Games),1561917355,...,,...,,Fractured Harmony,1561917355,2019-06-30T17:55:55.142Z,1561917355,2019-03-03T00:00:00.000Z,1561917355,24|24|1,1561917355,...,1561917355,90634,1561917355,1,1561917355,24,1561917355,,2019-06-30T17:55:55.041Z,1561917355,0,1561917355
17991521,arahir,1571696190,魔道祖师 - 墨香铜臭 | Módào Zǔshī - Mòxiāng Tóngxiù,1571696190,...,,...,,a song you've never heard,1571696190,2019-10-21T22:16:30.176Z,1571696190,2019-07-19T00:00:00.000Z,1571696190,1|1|1,1571696190,"Wei Wuxian is fatally injured, but Lan Wangji is nothing if not stubborn.
  “If I was gone, Hanguang-Jun, what would you do?”
  He asks it on a quiet morning at the end of summer, the hum and click of insects outside whispering into the Jingshi. It’s warm once the mist burns off the Recesses, and bright with dappled sunlight.
  Lan Wangji looks at him, brow pinched. “Nothing,” he says after a moment.
  It is, he discovers three months later, the first lie Lan Wangji has ever told.",1571696190,4840,1571696190,5,1571696190,1,1571696190,,2019-10-21T22:16:30.145Z,1571696190,0,1571696190
17996159,"arcadenemesis, stardropdream",1573084487,魔道祖师 - 墨香铜臭 | Módào Zǔshī - Mòxiāng Tóngxiù,1573084487,...,,...,,Little One,1573084487,2019-11-06T23:54:46.998Z,1573084487,2019-03-05T00:00:00.000Z,1573084487,1|1|1,1573084487,"Most would find it beneath their station to even consider travelling out. But not Hanguang-jun. Beneath a cold jade exterior, beat a heart warm and compassionate. For him, duty and love were not always so different. No matter how insignificant, he would always be there for those in need.
  Wei Wuxian never needed convincing when it came to Lan Wangji. It was more than the will of some greater force — Wei Wuxian would always long to be by his side in this second life. But before they had set out from Gusu, he had uttered a single sentence that only tempered his resolve further. 
  “It's taking the children.”
A visit to a village with a little corpse problem leads to a little more than Wei Wuxian or Lan Wangji bargained for.",1573084487,8568,1573084487,1,1573084487,1,1573084487,,2019-11-06T23:54:46.942Z,1573084487,0,1573084487
17997059,Anonymous,1555898878,Rivers of London - Ben Aaronovitch,1555898878,...,,...,,Falcon Business,1555898878,2019-04-22T02:07:57.790Z,1555898878,2019-04-21T00:00:00.000Z,1555898878,1|1|1,1555898878,"“Are you quite certain?” asked Nightingale, eyeing the remarkably iridescent orange liquid in the unremarkably ordinary pair of shot glasses with no small amount of caution.

  “No,” I replied, shrugging, “and that’s the entire point of the exercise, isn’t it?”",1555898878,1413,1555898878,1,1555898878,1,1555898878,,2019-04-22T02:07:57.655Z,1555898878,0,1555898878
18007457,Anonymous,1555985241,Original Work,1555985241,...,,...,,a king of wolves,1555985241,2019-04-23T02:07:21.247Z,1555985241,2019-03-09T00:00:00.000Z,1555985241,1|1|1,1555985241,A naive young king is manipulated into war by the cunning captain of his royal guard…and into bed as well.,1555985241,1314,1555985241,-1,1555985241,0,1555985241,,2019-04-23T02:07:21.184Z,1555985241,0,1555985241
18030545,bluebeholder,1556314204,Dishonored (Video Games),1556314204,...,,...,,the ocean between you and me,1556314204,2019-07-26T11:32:20.831Z,1564140741,2019-03-07T00:00:00.000Z,1556314204,1|1|1,1564140741,"A man washes up on the shore. But this is no ordinary man: this is a whale who lost his skin. A fisherman takes him in and, in the way of such stories, they fall in love.
In the way of such stories, there are some obstacles in their path.",1556314204,2876,1556314204,3,1556314204,1,1564140741,,2019-07-26T11:32:20.511Z,1564140741,0,1556314204
18031559,Anonymous,1555894009,Original Work,1555894009,...,,...,,"O That Thou Wert as My Brother, That Sucked the Breasts of My Mother",1555894009,2019-04-22T00:46:48.853Z,1555894009,2019-03-10T00:00:00.000Z,1555894009,1|1|1,1555894009,"He is a Holy Knight of the Temple of Solomon, and he has made a solemn vow before God to defend its walls unto death.But sometimes, alas, Sir Francis does stray.",1555894009,1265,1555894009,1,1555894009,1,1555894009,,2019-04-22T00:46:48.771Z,1555894009,0,1555894009
18032255,lichti,1570590493,天官赐福 - 墨香铜臭 | Tiān Guān Cì Fú - Mòxiāng Tóngxiù,1570590493,...,,...,,chiaroscuro,1570590493,2019-10-09T11:39:22.189Z,1570621162,2019-03-07T00:00:00.000Z,1570590493,1|1|1,1570621162,"For Hua Cheng, it was love at first sight.
And it was love at second sight, and third, and-
And it’s love every time his gaze falls upon Xie Lian, because then, just when he thinks it’s impossible to love this man more, Xie Lian smiles.
When he smiles, God when he smiles, it’s with the force of a thousand stars, and Hua Cheng just falls deeper and deeper.",1570590493,2367,1570590493,1,1570621162,1,1570621162,,2019-10-09T11:39:22.140Z,1570621162,0,1570590493
18042227,mikocchi,1570621590,天官赐福 - 墨香铜臭 | Tiān Guān Cì Fú - Mòxiāng Tóngxiù,1570621590,...,,...,,three scoops of ice cream,1570621590,2019-10-09T11:46:30.485Z,1570621590,2019-03-08T00:00:00.000Z,1570621590,1|1|1,1570621590,Xie Lian works in an ice-cream shop by the beach and Hua Cheng works as a lifeguard there who always come to visit him after his shift.,1570621590,5245,1570621590,-1,1570621590,0,1570621590,,2019-10-09T11:46:30.456Z,1570621590,0,1570621590
18044555,velvetbird,1571916446,魔道祖师 - 墨香铜臭 | Módào Zǔshī - Mòxiāng Tóngxiù,1571916446,...,,...,,and it's always startling when you call me by my name,1571916446,2019-10-24T11:27:25.528Z,1571916446,2019-03-09T00:00:00.000Z,1571916446,17|17|1,1571916446,...,1571916446,33902,1571916446,1,1571916446,17,1571916446,,2019-10-24T11:27:25.484Z,1571916446,0,1571916446
18044816,changwumei,1575155260,"魔道祖师 - 墨香铜臭 | Módào Zǔshī - Mòxiāng Tóngxiù, 魔道祖师 | Módào Zǔshī (Cartoon)",1575155260,...,,...,,魔道现代-短故事,1575155260,2019-11-30T23:07:40.397Z,1575155260,2019-03-09T00:00:00.000Z,1575155260,2|2|1,1575155260,魔道现代！差不多全部都是大学生！大学生的烦恼，恋爱，麻烦，考学等等！现代AU，搞笑，小羽会很辛苦前辈：温若寒，聂明玦，金光善后辈：莫玄羽玄羽引起了在学校很有名的三位前辈的注意和兴趣。有点搞笑，可爱和乱七八糟的追求搞到玄羽天天哭笑不得…,1575155260,1726,1575155260,-1,1575155260,0,1575155260,,2019-11-30T23:07:40.380Z,1575155260,0,1575155260
18044903,changwumei,1575155259,"魔道祖师 - 墨香铜臭 | Módào Zǔshī - Mòxiāng Tóngxiù, 魔道祖师 | Módào Zǔshī (Cartoon)",1575155259,...,,...,,欺负,1575155259,2019-11-30T23:07:39.200Z,1575155259,2019-03-09T00:00:00.000Z,1575155259,1|1|1,1575155259,-玄羽的金丹太弱给兰陵金放弃了-因为玄羽记性，画符技术很好-明玦把玄羽接回去不净世做私人秘书-玄羽给吃到死死,1575155259,840,1575155259,-1,1575155259,0,1575155259,,2019-11-30T23:07:39.181Z,1575155259,0,1575155259
18046331,Vaiqrusa,1556271808,Dishonored (Video Games),1556271808,...,,...,,Mark of Love,1556271808,2019-04-26T09:43:27.822Z,1556271808,2019-03-09T00:00:00.000Z,1556271808,1|1|1,1556271808,"Corvo is ""punished"".",1556271808,1735,1556271808,-1,1556271808,0,1556271808,,2019-04-26T09:43:27.776Z,1556271808,0,1556271808
18050438,Yukirin_Snow,1571766560,"魔道祖师 - 墨香铜臭 | Módào Zǔshī - Mòxiāng Tóngxiù, 三生三世十里桃花 | Three Lives Three Worlds; Ten Miles of Peach Blossoms | Eternal Love (TV 2017)",1571766560,...,,...,,Ten miles of Lotus Flowers,1571766560,2019-10-22T17:49:20.239Z,1571766560,2019-09-12T00:00:00.000Z,1571766560,58|58|1,1571766560,"He was a mischievous fox spirit, wreaking havoc where he went, about to depart on a journey that would span centuries.He was a heavenly prince, a proud dragon destined to ascend the throne to become emperor. Neither expected their paths to collide over the span of three lives.",1571766560,268100,1571766560,-1,1571766560,0,1571766560,,2019-10-22T17:49:20.224Z,1571766560,0,1571766560
18052586,Anonymous,1555984681,Original Work,1555984681,...,,...,,Unicorn Quest,1555984681,2019-04-23T01:58:00.928Z,1555984681,2019-04-21T00:00:00.000Z,1555984681,1|1|1,1555984681,A prince who comes of age must receive the blessing of the unicorn.,1555984681,1138,1555984681,-1,1555984681,0,1555984681,,2019-04-23T01:58:00.837Z,1555984681,0,1555984681
18060104,Anonymous,1555988921,人渣反派自救系统 - 墨香铜臭 | The Scum Villain's Self-Saving System - Mòxiāng Tóngxiù,1555988921,...,,...,,The Place Your Heart Inhabits,1555988921,2019-04-23T03:08:40.572Z,1555988921,2019-04-21T00:00:00.000Z,1555988921,1|1|1,1555988921,"Shen Qingqiu and Luo Binghe spend an evening drinking and having really sweet, soppy sex.",1555988921,1736,1555988921,3,1555988921,1,1555988921,,2019-04-23T03:08:40.491Z,1555988921,0,1555988921
18071783,ilcuoreardendo,1556271800,Dishonored (Video Games),1556271800,...,,...,,Fascination,1556271800,2019-04-26T09:43:19.758Z,1556271800,2019-03-11T00:00:00.000Z,1556271800,1|1|1,1556271800,Corvo's just trying to take a bath.,1556271800,322,1556271800,-1,1556271800,0,1556271800,,2019-04-26T09:43:19.722Z,1556271800,0,1556271800
18099227,nanodayolo,1575155258,魔道祖师 - 墨香铜臭 | Módào Zǔshī - Mòxiāng Tóngxiù,1575155258,...,,...,,Death to Kale,1575155258,2019-11-30T23:07:37.580Z,1575155258,2019-03-13T00:00:00.000Z,1575155258,1|1|1,1575155258,Mo Xuanyu decides to go on a health food diet and Xue Yang's sweet loving self is suffering immensely.,1575155258,5388,1575155258,-1,1575155258,0,1575155258,,2019-11-30T23:07:37.536Z,1575155258,0,1575155258
18104816,Einhorn,1570621422,天官赐福 - 墨香铜臭 | Tiān Guān Cì Fú - Mòxiāng Tóngxiù,1570621422,...,,...,,pour,1570621422,2019-10-09T11:43:42.049Z,1570621422,2019-03-14T00:00:00.000Z,1570621422,1|1|1,1570621422,"The whole thing is, of course, ridiculous and entirely on some strange whim.",1570621422,2086,1570621422,-1,1570621422,0,1570621422,,2019-10-09T11:43:42.009Z,1570621422,0,1570621422
18111086,"etymologyplayground, Bomzhechmo11, atomicmuffin",1571587942,天官赐福 - 墨香铜臭 | Tiān Guān Cì Fú - Mòxiāng Tóngxiù,1571587942,...,,...,,Take Me by the Waist to the Water,1571587942,2019-10-20T16:12:22.011Z,1571587942,2019-03-14T00:00:00.000Z,1571587942,1|1|1,1571587942,"Ge ge, want to get married?"" ""... Aren't we already married?""--Instead of freezing, Xie Lian teases back. It Kills The Man",1571587942,1905,1571587942,3,1571587942,1,1571587942,,2019-10-20T16:12:21.977Z,1571587942,0,1571587942
18118685,87Tam_the_piemaker87,1566559319,The Hobbit (Jackson Movies),1566559319,...,,...,,"Slave by Name, Master by Nature",1566559319,2019-08-23T11:22:00.860Z,1566559321,2019-03-15T00:00:00.000Z,1566559319,3|3|1,1566559321,"Oropher takes the people of Laketown captive and in lieu of some ancient tradition, has them made into slaves. Thranduil abhors slavery but chooses Bard, who has no intention to respect his boundaries. In the mean time, our anxious Prince has to marry a king from another land, and struggles to put the good of his kingdom before his own selfish desires.",1566559319,4657,1566559319,-1,1566559321,0,1566559321,,2019-08-23T11:22:00.837Z,1566559321,0,1566559319
18123563,synonemous (sussiekitten),1572422161,"魔道祖师 - 墨香铜臭 | Módào Zǔshī - Mòxiāng Tóngxiù, 魔道祖师 | Módào Zǔshī (Cartoon)",1572422161,...,,...,,this is why we can't have nice things,1572422161,2019-10-30T07:56:01.322Z,1572422161,2019-03-17T00:00:00.000Z,1572422161,1|1|1,1572422161,"In which Wei WuXian learns that he should listen to his friends more, especially when it comes to Lan WangJi’s feelings for him.",1572422161,7284,1572422161,-1,1572422161,0,1572422161,,2019-10-30T07:56:01.296Z,1572422161,0,1572422161
18126458,Einhorn,1570804671,天官赐福 - 墨香铜臭 | Tiān Guān Cì Fú - Mòxiāng Tóngxiù,1570804671,...,,...,,no culture,1570804671,2019-10-11T14:37:50.691Z,1570804671,2019-03-16T00:00:00.000Z,1570804671,1|1|1,1570804671,"He swallows once. Reasonably, he knows that nothing will go wrong. Months of careful discussion and planning tell him so; Hua Cheng had assured him that if he so wished, it would end in an instant, and he would be safe. Xie Lian forces down the anxiety, redirects his focus to the silk of the thin robe that he wears over his bare skin. He thinks about how much he wants this.
He wants it very, very much.",1570804671,5634,1570804671,-1,1570804671,0,1570804671,,2019-10-11T14:37:50.648Z,1570804671,0,1570804671
18135392,amusedrhyme (lazarus_girl),1559604219,Call the Midwife,1559604219,...,,...,,A Patch of Blue,1559604219,2019-06-03T23:23:38.653Z,1559604219,2019-03-31T00:00:00.000Z,1559604219,2|8|0,1559604219,"A series of Lucille and Valerie centric fill-ins or missing scenes set throughout series eight, built around the significant themes or cases presented in each episode.
  ""Lucille’s been on your mind a lot lately.”",1559604219,7527,1559604219,1,1559604219,8,1559604219,,2019-06-03T23:23:38.651Z,1559604219,0,1559604219
18137801,linguamortua,1554462579,The Punisher (TV 2017),1554462579,...,,...,,Provocateur,1554462579,2019-04-05T11:16:12.590Z,1554462973,2019-03-17T00:00:00.000Z,1554462579,1|1|1,1554462973,"Frank discovers Billy’s secret, and drives himself crazy trying to figure out how to bring it up. (A story in which Frank Castle is very beefy and stupid.)",1554462579,7175,1554462579,3,1554462579,1,1554462973,,2019-04-05T11:16:12.120Z,1554462973,0,1554462579
18139517,Kaihaku,1575139538,魔道祖师 - 墨香铜臭 | Módào Zǔshī - Mòxiāng Tóngxiù,1575139538,...,,...,,Remedy of your Actions,1575139538,2019-11-30T18:45:38.216Z,1575139538,2019-08-08T00:00:00.000Z,1575139538,2|?|0,1575139538,"Woah, holy shit! Wei Wuxian's YouTube channel and social media accounts have been deleted!""It's been only less than a day since the mass reporting against Wei Wuxian happened. For the first hour, the hashtag #WeiWuxianisOverParty started off with only 1k tweets, and then as hours pass it became the number 1 trending on every social media site, all of the posts spewing hate and relief that he's disappeared off the face of the internet. At the 20 hour mark even major news sources joined in and wrote articles about Wei Wuxian, from falsehoods to chronological events that led up to his YouTube channel being deleted and his social media accounts being suspended. The Yiling Patriarch, Wei Wuxian, has died.__________________________________Mo Dao Zhu Shi/Grandmaster of Demonic Cultivation but everything's the same except it's a Youtuber/Corporation AU and almost everyone lives.",1575139538,7061,1575139538,-1,1575139538,0,1575139538,,2019-11-30T18:45:38.196Z,1575139538,0,1575139538
18154787,synonemous (sussiekitten),1572422216,"魔道祖师 - 墨香铜臭 | Módào Zǔshī - Mòxiāng Tóngxiù, 魔道祖师 | Módào Zǔshī (Cartoon)",1572422216,...,,...,,straw; meet back,1572422216,2019-10-30T07:56:56.405Z,1572422216,2019-03-23T00:00:00.000Z,1572422216,1|1|1,1572422216,The day Mo XuanYu snapped. Or how Wei WuXian realised he's in love.,1572422216,13092,1572422216,-1,1572422216,0,1572422216,,2019-10-30T07:56:56.383Z,1572422216,0,1572422216
18165953,"AngelaVargas, AngeloVargas, FongLian",1571999586,魔道祖师 - 墨香铜臭 | Módào Zǔshī - Mòxiāng Tóngxiù,1571999586,...,,...,,GHOST CHILD SUN,1571999586,2019-10-25T10:33:05.646Z,1571999586,2019-08-29T00:00:00.000Z,1571999586,7|?|0,1571999586,Dying is One Thing... Transmigrating to someone else’s body is another and Wei WuXian knew this. But the Question is... Why Fate must Put His Soul into the Body of a Megalomaniac that is Wen RuoHan? Where’s that Bastard anyways...The Answer is Simple... The Guardian Whose Name is AnJie Luo Fucked Up the Transmigration somehow...And there’s no turning back... Well... Might as well have some fun...I'm giving you guys a Choice...,1571999586,29650,1571999586,-1,1571999586,0,1571999586,,2019-10-25T10:33:05.617Z,1571999586,0,1571999586
18179294,arahir,1571662025,天官赐福 - 墨香铜臭 | Tiān Guān Cì Fú - Mòxiāng Tóngxiù,1571662025,...,,...,,the ghost king's bride,1571662025,2019-10-21T15:06:26.432Z,1571670386,2019-03-21T00:00:00.000Z,1571662025,2|2|1,1571670386,"Ghosts won't stop giving Xie Lian flowers, Hua Cheng won't stop teasing, and Xie Lian is out here doing his best, man.
  Xie Lian is momentarily frozen. Outside of heaven, no one calls him Highness except in jest, and there was a time people threw flowers at his feet as if to make a carpet for him to walk upon, but those years are long past. “Thank you. This is a—a princely gift.” 
  The spirit’s black-pit eyes go wide and then he grins, revealing long, wicked teeth the color of tarnished silver. “Yes! Yes, I knew it was meant for his Highness.” The spirit nods to Hua Cheng, too, whose grin has widened to something almost obscene.
  “Truly,” Hua Cheng agrees.",1571670386,9738,1571662025,5,1571662025,2,1571670386,,2019-10-21T15:06:26.275Z,1571670386,0,1571662025
18182333,Vaiqrusa,1556271785,Dishonored (Video Games),1556271785,...,,...,,Paper,1556271785,2019-04-26T09:43:05.424Z,1556271785,2019-03-20T00:00:00.000Z,1556271785,9|9|1,1556271785,Have you been obsessed to dead with the rarities of your own mind?,1556271785,593,1556271785,-1,1556271785,0,1556271785,,2019-04-26T09:43:05.386Z,1556271785,0,1556271785
18187883,SomethingReallyWeird,1572448997,魔道祖师 - 墨香铜臭 | Módào Zǔshī - Mòxiāng Tóngxiù,1572448997,...,,...,,Wolf in Sheeps Clothing,1572448997,2019-10-30T15:23:16.813Z,1572448997,2019-03-21T00:00:00.000Z,1572448997,1|1|1,1572448997,"After Jin Guangyao is dead Nie Huaisang thinks of Mo Xuanyu. How he'd met the boy, how he fell in love with him, how he used him to avenge his brother.",1572448997,1533,1572448997,1,1572448997,1,1572448997,,2019-10-30T15:23:16.767Z,1572448997,0,1572448997
18228413,Anonymous,1556024110,人渣反派自救系统 - 墨香铜臭 | The Scum Villain's Self-Saving System - Mòxiāng Tóngxiù,1556024110,...,,...,,The Three-Body Problem,1556024110,2019-04-23T12:55:09.882Z,1556024110,2019-04-21T00:00:00.000Z,1556024110,1|1|1,1556024110,"When Liu Qingge gets hit by demonic sex pollen, it's up to Shen Qingqiu and Luo Binghe to save him.",1556024110,3911,1556024110,3,1556024110,1,1556024110,,2019-04-23T12:55:09.832Z,1556024110,0,1556024110
18229445,Arakyune,1575157397,魔道祖师 - 墨香铜臭 | Módào Zǔshī - Mòxiāng Tóngxiù,1575157397,...,,...,,Pain Is What Makes Us People,1575157397,2019-11-30T23:43:17.328Z,1575157397,2019-03-25T00:00:00.000Z,1575157397,1|1|1,1575157397,"“A-Ling, do you know what this reads?”Jin Ling shook his head and his uncle sighed.“This one here reads Yuan, and this one,” he stopped for a moment before looking Jin Ling in the eyes and continued, “it reads Wen.”---------Jin Ling has two soulmates, but what does it matter if both of them are Wens, and probably already dead.",1575157397,3177,1575157397,-1,1575157397,0,1575157397,,2019-11-30T23:43:17.298Z,1575157397,0,1575157397
18255158,Clarissa_23,1572422319,魔道祖师 - 墨香铜臭 | Módào Zǔshī - Mòxiāng Tóngxiù,1572422319,...,,...,,Did you just come out of the oven? Because you're hot.,1572422319,2019-10-30T07:58:39.358Z,1572422319,2019-03-27T00:00:00.000Z,1572422319,1|1|1,1572422319,"University student Wei Wuxian has a big crush on one of the waiters in a café near his campus. So with the support of his siblings, friends and the help of pick-up lines, he attempts to woo Lan Wangji.",1572422319,1134,1572422319,-1,1572422319,0,1572422319,,2019-10-30T07:58:39.324Z,1572422319,0,1572422319
18260990,putsch,1572813365,魔道祖师 - 墨香铜臭 | Módào Zǔshī - Mòxiāng Tóngxiù,1572813365,...,,...,,MDZS 99,1572813365,2019-11-03T20:36:05.215Z,1572813365,2019-03-27T00:00:00.000Z,1572813365,1|1|1,1572813365,"Hey everybody - guess who just got MURDERED!""( or, all your favorite cultivators are now cops. it's a good time. )",1572813365,2767,1572813365,-1,1572813365,0,1572813365,,2019-11-03T20:36:05.188Z,1572813365,0,1572813365
18270662,EonaSPN,1572842601,魔道祖师 - 墨香铜臭 | Módào Zǔshī - Mòxiāng Tóngxiù,1572842601,...,,...,,A mess of strings,1572842601,2019-11-04T04:43:21.289Z,1572842601,2019-04-27T00:00:00.000Z,1572842601,1|1|1,1572842601,"When Shin Siyun accidently gets dragged into the world of cultivators, she sees the most messed up connections she has ever seen. After that she can never forget it as she watches them change over the years.",1572842601,3414,1572842601,1,1572842601,1,1572842601,,2019-11-04T04:43:21.238Z,1572842601,0,1572842601
18273719,spookyfoot,1570936723,天官赐福 - 墨香铜臭 | Tiān Guān Cì Fú - Mòxiāng Tóngxiù,1570936723,...,,...,,splendor hung aloft,1570936723,2019-10-13T03:18:43.084Z,1570936723,2019-04-29T00:00:00.000Z,1570936723,1|1|1,1570936723,"The coffin is too small for two people but death isn’t usually a pairs activity.
  Another wave hits, weaker than before but far more terrifying.  Ordinarily, Xie Lian would say his balance is pretty good, but it’s no match for the water around them. His hips pitch forward right where he doesn’t want them, pressing Hua Cheng against the side of the coffin and leaving him with nowhere to hide. Although he’s ascended to heaven three times this is the second his soul leaves his body. At least he’ll save Hua Cheng the trouble of finding Xie Lian a coffin now that he’s died of embarrassment.",1570936723,2095,1570936723,5,1570936723,1,1570936723,,2019-10-13T03:18:43.056Z,1570936723,0,1570936723
18281618,maddy_angst,1572813664,魔道祖师 - 墨香铜臭 | Módào Zǔshī - Mòxiāng Tóngxiù,1572813664,...,,...,,Thank You,1572813664,2019-11-03T20:41:04.451Z,1572813664,2019-09-07T00:00:00.000Z,1572813664,4|?|0,1572813664,"This fanfic is angst with a happy ending.AU where Mo Xuanyu finally gets some happiness. In this AU WWX is summoned by someone else and MXY lives. The story has its focus on his return from the LanLing Jin Sect.It is not before his summoning. In the present moment, Mo Xuanyu is 17 years old. In my headcanon, he summons Wei Wuxian around 24 years old. But my fanfic is a canon divergence based on my headcanons.Also it will include my OC, Gui He, who is a poet, a very kind-hearted person and he doesn't accept shit from anyone.I plan to write their adventures together.",1572813664,5160,1572813664,-1,1572813664,0,1572813664,,2019-11-03T20:41:04.438Z,1572813664,0,1572813664
18287039,Anonymous,1555894859,Original Work,1555894859,...,,...,,Measure Twice,1555894859,2019-04-22T01:00:58.589Z,1555894859,2019-03-30T00:00:00.000Z,1555894859,1|1|1,1555894859,"or, An Old Friend
Zuran has worked as a courtesan in the Kolvan Lodge for several years. He prides himself on his expertise, and on keeping a regular clientele eager to come back for more. A man from his past shows up -- and changes everything. Feelings he'd buried and forgotten rise to haunt him, and start him on an unexpected path.",1555894859,3692,1555894859,3,1555894859,1,1555894859,,2019-04-22T01:00:58.526Z,1555894859,0,1555894859
18287105,Anonymous,1555897132,Original Work,1555897132,...,,...,,Cut Once,1555897132,2019-04-22T01:38:55.565Z,1555897136,2019-03-30T00:00:00.000Z,1555897132,1|1|1,1555897136,"or, A Knight Errant
A friend told Mikash she'd seen a courtesan in Kolva who looked just like his old friend. When they'd served together, and been prisoners together, they'd been more than friends. It's been ten years, but Mikash has to go see the man. Maybe, if this courtesan will take him on as a patron, he can get some of those lingering feelings out of his system?",1555897132,3904,1555897132,1,1555897136,1,1555897136,,2019-04-22T01:38:55.528Z,1555897136,0,1555897132
18287246,wyvernwood,1556409838,Original Work,1556189820,...,,...,,"Being Yourself, On Purpose",1556189820,2019-04-28T00:03:57.759Z,1556409838,2019-03-30T00:00:00.000Z,1556189820,1|1|1,1556409838,"Part III of Measure Twice, Cut OnceZuran wakes up, not at the Kolvan Lodge where he works as a courtesan, but in the quarters of a visiting knight errant. Mikash and Zuran may have resolved the tensions that led to their separation, but they lead incompatible lives. Zuran sees no way they could stay together. Mikash sees no way he would let go.",1556189820,6208,1556189820,1,1556189820,1,1556409838,,2019-04-28T00:03:57.756Z,1556409838,0,1556189820
18296270,SoftPupcake,1559436285,Call the Midwife,1559436285,...,,...,,Living for this,1559436285,2019-06-02T00:44:45.119Z,1559436285,2019-03-30T00:00:00.000Z,1559436285,1|?|0,1559436285,"I actually wrote this for Tumblr on which I received a prompt and then another prompt after I wrote the first part about them finding out they are expecting. See beginning notes for the prompts.In short terms, Valucille finds out they are expecting and are going to be parents.",1559436285,2115,1559436285,-1,1559436285,0,1559436285,,2019-06-02T00:44:45.110Z,1559436285,0,1559436285
18306521,SilentRabidWriter,1570799890,天官赐福 - 墨香铜臭 | Tiān Guān Cì Fú - Mòxiāng Tóngxiù,1570799890,...,,...,,heatwave,1570799890,2019-10-11T13:18:09.561Z,1570799890,2019-03-31T00:00:00.000Z,1570799890,1|1|1,1570799890,Xie Lian helps to take off the edge. Spoilers for chapter 127,1570799890,693,1570799890,3,1570799890,1,1570799890,,2019-10-11T13:18:09.531Z,1570799890,0,1570799890
18313205,nk009,1571578343,天官赐福 - 墨香铜臭 | Tiān Guān Cì Fú - Mòxiāng Tóngxiù,1571578343,...,,...,,toss and turn,1571578343,2019-10-20T13:32:23.101Z,1571578343,2019-04-01T00:00:00.000Z,1571578343,1|1|1,1571578343,"(A continuation of ch121.)
""Gege,"" Hua Cheng whispers with alarm, ""are you alright? Did you get hurt?""If only it were something that easy, Xie Lian thinks, slightly hysterical.",1571578343,3780,1571578343,5,1571578343,1,1571578343,,2019-10-20T13:32:23.070Z,1571578343,0,1571578343
18314078,Pippitypopadoo,1573033610,魔道祖师 - 墨香铜臭 | Módào Zǔshī - Mòxiāng Tóngxiù,1573033610,...,,...,,"Life, after",1573033610,2019-11-06T09:46:53.075Z,1573033613,2019-04-01T00:00:00.000Z,1573033610,1|1|1,1573033613,Mo Xuanyu dies. Wei Wuxian returns. Wei Wuxian saves lives. Wei Wuxian finds love.Mo Xuanyu is dead and the gods above don't even have the decency to let him move on.(A story where a lost and lonely soul finds another and eventually learns to heal.),1573033610,7658,1573033610,5,1573033613,1,1573033613,,2019-11-06T09:46:53.059Z,1573033613,0,1573033610
18326960,xiayi,1570967729,天官赐福 - 墨香铜臭 | Tiān Guān Cì Fú - Mòxiāng Tóngxiù,1570967729,...,,...,,月下红烛花暖怜,1570967729,2019-10-13T11:55:29.040Z,1570967729,2019-04-02T00:00:00.000Z,1570967729,1|1|1,1570967729,花瓣，红伞，一拜天地，二拜父母，夫妻对拜，送入洞房~铺满了整个太苍山的血色花瓣，是属于这对新人的红地毯啊。,1570967729,9742,1570967729,-1,1570967729,0,1570967729,,2019-10-13T11:55:29.018Z,1570967729,0,1570967729
18330167,Naamah_Beherit,1571625813,天官赐福 - 墨香铜臭 | Tiān Guān Cì Fú - Mòxiāng Tóngxiù,1571625813,...,,...,,"Not in Rivers, but in Drops",1571625813,2019-10-21T02:43:32.933Z,1571625813,2019-04-02T00:00:00.000Z,1571625813,1|1|1,1571625813,"Death was supposed to bring them peace.And for a while, it did. Hong Diao and his sons have been carving a place for themselves in Ghost City for years, blissfully free of misfortune that plagued them in life - up till the day a blood rain brings changes and with them, the nightmare they believed to have left behind.",1571625813,3704,1571625813,5,1571625813,1,1571625813,,2019-10-21T02:43:32.901Z,1571625813,0,1571625813
18333668,bloodfruit,1570987199,天官赐福 - 墨香铜臭 | Tiān Guān Cì Fú - Mòxiāng Tóngxiù,1570987199,...,,...,,like lullabies you are forever in my mind. (i wanted only you),1570987199,2019-10-13T17:19:59.122Z,1570987199,2019-04-03T00:00:00.000Z,1570987199,1|1|1,1570987199,"Hua Cheng shifts his body, trying to lessen the weight of his body atop the crown prince’s but his knee shifts and it’s pressing between his strong thighs and — and— oh —
  Xie Lian moans softly at the pressure of Hua Cheng’s corded thigh against his cunt, fingers nearly shredding the sleeve fabric in his grip. Horror sinks into Xie Lian’s chest, stomach sinking like a corpse as he realises the sound that had slipped from his lips. His free hand darts from where it rests captive between their bodies to hide away his mouth, betrayer of his most intimate sounds. Above him, Hua Cheng goes stock still, breath caught against sharpened teeth.   
  They breathe.
  The coffin creaks.
  “Gege…” His voice trembles, anxiety palpable in the pitch and shift of his voice. Tension writes confessions in his limbs, arm shaking as if it wished its owner would shift to its elbows instead of his palm Still, he holds himself above Xie Lian, regal as only the Ghost King could be. “Gege, are you… are you wet?”",1570987199,5213,1570987199,-1,1570987199,0,1570987199,,2019-10-13T17:19:59.095Z,1570987199,0,1570987199
18342059,Tsubakyun,1570621708,天官赐福 - 墨香铜臭 | Tiān Guān Cì Fú - Mòxiāng Tóngxiù,1570621708,...,,...,,Popsicle (or the time XL ate a popsicle and HC got a boner),1570621708,2019-10-09T11:48:28.091Z,1570621708,2019-04-03T00:00:00.000Z,1570621708,1|1|1,1570621708,"Xie Lian and Hua Cheng were on their weekly (not) date and decided to eat some ice cream.
Hua Cheng never expected the day to end like that.",1570621708,3628,1570621708,-1,1570621708,0,1570621708,,2019-10-09T11:48:28.040Z,1570621708,0,1570621708
18345950,Hell_Serpent,1572799582,魔道祖师 - 墨香铜臭 | Módào Zǔshī - Mòxiāng Tóngxiù,1572799582,...,,...,,Give Me A Sign.,1572799582,2019-11-03T16:46:21.695Z,1572799582,2019-04-29T00:00:00.000Z,1572799582,3|?|0,1572799582,"From demons to corpses and the creatures in between.There were once whispers of the spirits who'd never be seen.They're the ones that have been and always will be by your side.Born in the heart, they shine in your eyes and shows the true you inside.(And Wei Ying doesn't know how to feel about that.)",1572799582,2040,1572799582,-1,1572799582,0,1572799582,,2019-11-03T16:46:21.635Z,1572799582,0,1572799582
18352196,The_Plaid_Slytherin,1556409834,Original Work,1555887814,...,,...,,The King's Honor,1555887814,2019-04-28T00:03:54.452Z,1556409834,2019-04-21T00:00:00.000Z,1555887814,1|1|1,1556409834,King Elfred has a proposition for Sir Hugh - one that is not at all disagreeable.,1555887814,3386,1555887814,3,1555887814,1,1556409834,,2019-04-28T00:03:54.450Z,1556409834,0,1555887814
18361157,insertmdzspseud (hati_skoll),1571999653,魔道祖师 - 墨香铜臭 | Módào Zǔshī - Mòxiāng Tóngxiù,1571999653,...,,...,,Sky True,1571999653,2019-10-25T10:34:16.106Z,1571999656,2019-09-21T00:00:00.000Z,1571999653,4|?|0,1571999656,"Wei Wuxian is unpresented when he first sets foot in Yunshen Palace and sets his eyes on Gusu's chivalrous, dashing, though weirdly stone-faced second prince.Lan Wangji has just come into his alpha instincts when he first takes to court and catches the scent of sunshine on a pretty, friendly, also incessantly noisy stranger.It's the start of a beautiful friendship (courtship). Probably.",1571999653,21264,1571999653,-1,1571999656,0,1571999656,,2019-10-25T10:34:16.092Z,1571999656,0,1571999653
18368780,Sammie224466,1571376201,天官赐福 - 墨香铜臭 | Tiān Guān Cì Fú - Mòxiāng Tóngxiù,1571376201,...,,...,,In the heat of the night,1571376201,2019-10-18T05:23:20.742Z,1571376201,2019-04-06T00:00:00.000Z,1571376201,1|1|1,1571376201,A take on how the encounter from ch 127 could've gone between Xie Lian and Hua Cheng.,1571376201,4246,1571376201,5,1571376201,1,1571376201,,2019-10-18T05:23:20.703Z,1571376201,0,1571376201
18381071,chip1,1570935865,天官赐福 - 墨香铜臭 | Tiān Guān Cì Fú - Mòxiāng Tóngxiù,1570935865,...,,...,,All Night,1570935865,2019-10-13T03:04:32.189Z,1570935872,2019-04-07T00:00:00.000Z,1570935865,1|1|1,1570935872,Xie Lian could feel the demonic energy gathering. He knew that all of that energy was about to burst.,1570935865,2589,1570935865,5,1570935872,1,1570935872,,2019-10-13T03:04:32.151Z,1570935872,0,1570935865
18383099,acernor,1571999408,魔道祖师 - 墨香铜臭 | Módào Zǔshī - Mòxiāng Tóngxiù,1571999408,...,,...,,Coming Back to Yourself,1571999408,2019-10-25T10:30:08.185Z,1571999408,2019-08-18T00:00:00.000Z,1571999408,5|?|0,1571999408,"Lan Wangji gets cursed with a ~woman's body~ and has to orgasm to go back. Since he's 1) a virgin 2) super repressed and 3) SUPER gay, he has no idea what to do.If only he had a super nosy friend who's read lots of erotic novels who could help him figure out what to do... hm...",1571999408,15853,1571999408,-1,1571999408,0,1571999408,,2019-10-25T10:30:08.162Z,1571999408,0,1571999408
18389696,"Naamah_Beherit, redheadandslytherin",1573989816,魔道祖师 - 墨香铜臭 | Módào Zǔshī - Mòxiāng Tóngxiù,1573989816,...,,...,,The storm comes and goes (and I keep walking),1573360030,2019-11-17T11:23:35.536Z,1573989816,2019-08-20T00:00:00.000Z,1573360030,6|10|0,1573989816,"Yiling Laozu was dead, and the cultivation world rejoiced. Now it was time to rest and finally heal the wounds left by the Sunshot Campaign.In their absence, the countryside grew more dangerous with each passing day. Rogue cultivators stepped in soon enough. Rumour had it that amongst them, there was one who went where no one else dared to go, all but for a place to sleep and a meal for his children. Rumour had it a crow rode on his shoulder. Rumour had it he disappeared into the shadows whenever someone so much as mentioned the four great Sects.Rumour had it he was a ghost.***A story of a single father, his two kids, a daydreaming disciple, and a pet crow as seen through the eyes of strangers.",1573443776,29771,1573360030,3,1573360030,10,1573989816,,2019-11-17T11:23:35.407Z,1573989816,0,1573360030
18396920,Tsushikoi,1572939254,"魔道祖师 - 墨香铜臭 | Módào Zǔshī - Mòxiāng Tóngxiù, 魔道祖师 | Módào Zǔshī (Cartoon)",1572939254,...,,...,,Grateful,1572939254,2019-11-05T07:34:13.532Z,1572939254,2019-04-08T00:00:00.000Z,1572939254,1|1|1,1572939254,"After a feverish night with his beloved WangJi, Wei Ying falls asleep and ends up in a peculiar place where he met Mo XuanYu...",1572939254,3497,1572939254,1,1572939254,1,1572939254,,2019-11-05T07:34:13.490Z,1572939254,0,1572939254
18404930,RalitoEnSalaa,1556271735,Dishonored (Video Games),1556271735,...,,...,,溺水,1556271735,2019-04-26T09:42:14.720Z,1556271735,2019-04-09T00:00:00.000Z,1556271735,1|1|1,1556271735,科尔沃，他嚼这个名字，突然无比好奇。,1556271735,3214,1556271735,-1,1556271735,0,1556271735,,2019-04-26T09:42:14.671Z,1556271735,0,1556271735
18413834,Dragoncurl,1559304615,Dishonored (Video Games),1559304615,...,,...,,Final Release,1559304615,2019-05-31T12:10:15.065Z,1559304615,2019-04-10T00:00:00.000Z,1559304615,18|18|1,1559304615,In which the Outsider spends money he probably shouldn't.,1559304615,45348,1559304615,-1,1559304615,0,1559304615,,2019-05-31T12:10:14.976Z,1559304615,0,1559304615
18427691,Small_Hobbit,1559421233,Call the Midwife,1559421233,...,,...,,Many Hands,1559421233,2019-06-01T20:33:52.579Z,1559421233,2019-04-11T00:00:00.000Z,1559421233,1|1|1,1559421233,The midwives work together to solve Sister Monica Joan's current problem,1559421233,559,1559421233,3,1559421233,1,1559421233,,2019-06-01T20:33:52.577Z,1559421233,0,1559421233
18434234,Anonymous,1555989160,人渣反派自救系统 - 墨香铜臭 | The Scum Villain's Self-Saving System - Mòxiāng Tóngxiù,1555989160,...,,...,,Carpal Tunnel,1555989160,2019-04-25T00:34:50.475Z,1556152490,2019-04-21T00:00:00.000Z,1555989160,1|1|1,1556152490,"After Luo Binghe is injured, Shen Qingqiu has to take care of him.But to do so, he has to face his worst enemy: handjobs.",1556152490,2159,1555989160,3,1556152490,1,1556152490,,2019-04-25T00:34:50.428Z,1556152490,0,1556152491
18438326,Anonymous,1555988719,"Realm of the Elderlings - Robin Hobb, Fitz and the Fool Trilogy - Robin Hobb",1555988719,...,,...,,what we never were after all,1555988719,2019-04-23T03:05:38.972Z,1555988739,2019-04-12T00:00:00.000Z,1555988719,2|2|1,1555988739,They only ever twice.,1555988719,3450,1555988719,1,1555988719,2,1555988739,,2019-04-23T03:05:38.713Z,1555988739,0,1555988719
18439337,chicago_ruth,1556409712,Original Work,1556024090,...,,...,,In This Life and the Next,1556024090,2019-04-28T00:01:51.680Z,1556409712,2019-04-27T00:00:00.000Z,1556409712,1|1|1,1556409712,"Dumisani's plans to overthrow Nkosi fall apart, and he's presented with the choice of either marrying Nkosi or being thrown to the lions. It's not a choice at all. Yet the wedding is not what Dumisani imagined, a humiliating affair with much more serious consequences than he could ever have known.",1556409712,4209,1556409712,3,1556024090,1,1556409712,,2019-04-28T00:01:51.673Z,1556409712,0,1556024090
18447236,Anonymous,1555898657,魔道祖师 - 墨香铜臭 | Módào Zǔshī - Mòxiāng Tóngxiù,1555898657,...,,...,,A Spirit Overflowing,1555898657,2019-04-22T02:04:17.234Z,1555898657,2019-04-21T00:00:00.000Z,1555898657,1|1|1,1555898657,"Lan Wangji leaves Wei Wuxian unsupervised for an evening. Of course Wei Wuxian gets into trouble, and only Lan Wangji can save him.If by trouble we mean sex pollen. And by saving, we mean handjobs.",1555898657,3982,1555898657,3,1555898657,1,1555898657,,2019-04-22T02:04:17.164Z,1555898657,0,1555898657
18454061,Anonymous,1555983578,Original Work,1555983578,...,,...,,Mountains into Molehills,1555983578,2019-04-23T01:39:38.191Z,1555983578,2019-04-13T00:00:00.000Z,1555983578,1|1|1,1555983578,Franz is going to have a word with the duke about his business practices.,1555983578,1266,1555983578,1,1555983578,1,1555983578,,2019-04-23T01:39:38.117Z,1555983578,0,1555983578
18454889,Anonymous,1555983930,Original Work,1555983930,...,,...,,The Sacrifice,1555983930,2019-04-23T01:45:29.658Z,1555983930,2019-04-22T00:00:00.000Z,1555983930,1|1|1,1555983930,"Every year the villagers choose a virgin sacrifice to appease the wild beasts of the Lord of the Forest. Lenira thinks the worst thing they will do is devour her, but something else awaits her when she's left in the forest, tied to the sacred tree ...",1555983930,1672,1555983930,-1,1555983930,0,1555983930,,2019-04-23T01:45:29.584Z,1555983930,0,1555983930
18455456,sombregods,1556409703,Original Work,1556107062,...,,...,,a resting place for weary men,1556107062,2019-07-22T13:25:07.062Z,1563801907,2019-04-20T00:00:00.000Z,1556107062,1|1|1,1563801907,"London, 1889. The newly widowed Duke of Carlisle, burdened with the task of managing the steel factories his late husband owned, entertains an unexpected nighttime visitor.",1556107062,4837,1556107062,5,1556107062,1,1563801907,,2019-07-22T13:25:06.719Z,1563801907,0,1556107062
18456443,gamera (Megan),1556409700,Original Work,1556104731,...,,...,,Rule of Three,1556104731,2019-04-28T00:01:39.843Z,1556409700,2019-04-14T00:00:00.000Z,1556104731,1|1|1,1556409700,"Wherever he was now, it wasn't a tavern off the high road. And whatever this man was, he wasn't a rich magician looking to slum it for a night with a boy in a tavern.",1556104731,5140,1556104731,3,1556104731,1,1556409700,,2019-04-28T00:01:39.816Z,1556409700,0,1556104731
18457895,Anonymous,1555893483,Original Work,1555893483,...,,...,,The Terms and Conditions,1555893483,2019-04-22T00:38:02.713Z,1555893483,2019-04-14T00:00:00.000Z,1555893483,1|1|1,1555893483,"Drew should have paid more attention to what, exactly, he was agreeing to. He's going to have plenty of time to regret his carelessness.",1555893483,6754,1555893483,1,1555893483,1,1555893483,,2019-04-22T00:38:02.643Z,1555893483,0,1555893483
18457970,Anonymous,1556410125,Original Work,1556410125,...,,...,,Au Revoir,1556410125,2019-04-28T00:08:45.194Z,1556410125,2019-04-14T00:00:00.000Z,1556410125,1|1|1,1556410125,Levon the outlaw was not the only one to sneak into the Ball on false pretences tonight.,1556410125,2543,1556410125,5,1556410125,1,1556410125,,2019-04-28T00:08:45.190Z,1556410125,0,1556410125
18458630,Ellerfru,1556409685,Original Work,1556018661,...,,...,,Almost a Throne,1556018661,2019-04-28T00:01:25.366Z,1556409685,2019-04-14T00:00:00.000Z,1556018661,1|1|1,1556409685,"His king is sitting atop a pile of rubble, the setting sun behind him turning his black hair into a gleaming shade of bronze, if not the gold befitting a royal. Like a statue of the sun hawk, Karun thinks, with his knife-gaze of knowledge upon the world, and divine rays illuminating the king on something that might even once have been a throne.",1556018661,3100,1556018661,5,1556018661,1,1556409685,,2019-04-28T00:01:25.364Z,1556409685,0,1556018661
18458735,adspexi,1556409689,"Marvel Cinematic Universe, Black Panther (2018)",1555988286,...,,...,,Got Her Own,1555988286,2019-04-28T00:01:29.109Z,1556409689,2019-04-14T00:00:00.000Z,1555988286,1|1|1,1556409689,"Valkyrie comes to watch the Dora Milaje train, and game recognizes game.",1555988286,1422,1555988286,3,1555988286,1,1556409689,,2019-04-28T00:01:29.105Z,1556409689,0,1555988286
18459695,Rivine,1556409675,Original Work,1556151896,...,,...,,"Seduced in Chancebury Gardens: Or, Lord Farthingham is a Cad!",1556151896,2019-04-28T00:01:15.102Z,1556409675,2019-04-15T00:00:00.000Z,1556151896,1|1|1,1556409675,"When Lord Farthingham plans to seduce a gentleman, scales and a lack of limbs won't deter him. Lord Brassleworsey's hemipenes, however, may prove a little more challenging.",1556151896,5814,1556151896,5,1556151896,1,1556409675,,2019-04-28T00:01:15.071Z,1556409675,0,1556151896
18462581,Anonymous,1556162491,Castlevania (Cartoon),1556162491,...,,...,,Ravenous,1556162491,2019-04-28T00:01:19.515Z,1556409680,2019-04-23T00:00:00.000Z,1556162491,1|1|1,1556409680,There's a reason certain things in the Belmont Hold are kept hidden away.,1556162491,6835,1556162491,5,1556162491,1,1556409680,,2019-04-28T00:01:19.442Z,1556409680,0,1556162491
18484840,flowercity (FaoriE),1570589126,天官赐福 - 墨香铜臭 | Tiān Guān Cì Fú - Mòxiāng Tóngxiù,1570589126,...,,...,,By the Other's Way,1570589126,2019-10-09T02:45:26.458Z,1570589126,2019-04-16T00:00:00.000Z,1570589126,1|1|1,1570589126,"His lover is always the one taking the initiative and taking care of him during their love making. Xie Lian isn't tired of it, but he does want to entertain a new idea.",1570589126,2690,1570589126,3,1570589126,1,1570589126,,2019-10-09T02:45:26.418Z,1570589126,0,1570589126
18486106,ironhidel,1570967725,"天官赐福, 花怜 - Fandom",1570967725,...,,...,,花怜车②,1570967725,2019-10-13T11:55:24.547Z,1570967725,2019-04-16T00:00:00.000Z,1570967725,1|1|1,1570967725,"非正常车震(辇震
鬼车啪到一半愉快回家继续啪
一来我觉得花花不想让别人看到或者听到怜怜哭唧唧…哪怕是黄金骷髅ʅ(•̀ī•́)
二来我当然是想让他们在一个够大足够折腾的地方啪
…以上
全是为脑子不够用找的借口",1570967725,3690,1570967725,-1,1570967725,0,1570967725,,2019-10-13T11:55:24.518Z,1570967725,0,1570967725
18488491,Befallings,1577628734,魔道祖师 - 墨香铜臭 | Módào Zǔshī - Mòxiāng Tóngxiù,1577628734,...,,...,,How Rare Would You Like Your Ship?,1577628734,2019-12-29T14:12:13.749Z,1577628734,2019-12-29T00:00:00.000Z,1577628734,31|?|0,1577628734,"What if Person A ends up with Person C instead of Person B? What if the original story was set in a different era? What if they end up in a universe with rules different from their own? What if the main characters are not the main characters? From various Ships to AUs, from crossovers to introspection, I will put our favourite MDZS family in every scene I can think of, some silly, some cute, some sad. Mostly sad. Switching updates to twice a week.Now with relationship tags in place.",1577628734,68279,1577628734,-1,1577628734,0,1577628734,,2019-12-29T14:12:13.716Z,1577628734,0,1577628734
18490294,armario,1559016020,Dishonored (Video Games),1559016020,...,,...,,"i've got the spirit, but lose the feeling",1559016020,2019-05-28T04:00:20.022Z,1559016020,2019-04-16T00:00:00.000Z,1559016020,1|1|1,1559016020,"The Outsider is mortal now, and someone else is taking care of the Void.",1559016020,1910,1559016020,-1,1559016020,0,1559016020,,2019-05-28T04:00:19.951Z,1559016020,0,1559016020
18502273,Anonymous,1570621984,天官赐福 - 墨香铜臭 | Tiān Guān Cì Fú - Mòxiāng Tóngxiù,1570621984,...,,...,,You Can't Be Lucky With All Things,1570621984,2019-10-09T11:53:04.287Z,1570621984,2019-04-17T00:00:00.000Z,1570621984,1|1|1,1570621984,"While Xie Lian and Hua Cheng were in the inn on their way to Mount TongLu,  Hua Cheng was  suddenly struck with another wave of arousal, and it seems to have effected him more than it should have.. a lot more than it should have..",1570621984,2416,1570621984,-1,1570621984,0,1570621984,,2019-10-09T11:53:04.241Z,1570621984,0,1570621984
18502978,heeroluva,1566560023,The Hobbit (Jackson Movies),1566560023,...,,...,,Two Weeks,1566560023,2019-08-23T11:33:43.281Z,1566560023,2019-04-22T00:00:00.000Z,1566560023,1|1|1,1566560023,"Thranduil is well and truly fucked, stuffed full of numerous tentacles, moaning in pleasure as Nendarik begins the slow process of filling him with eggs when a familiar voice cuts through the pleasurable fog he’s fallen into.",1566560023,2422,1566560023,-1,1566560023,0,1566560023,,2019-08-23T11:33:43.258Z,1566560023,0,1566560023
18504757,"marmolita, misswonderheart",1556409682,Original Work,1556019438,...,,...,,Bountiful Harvest,1556019438,2019-04-28T00:01:21.562Z,1556409682,2019-04-21T00:00:00.000Z,1556019438,1|1|1,1556409682,"When the ritual is over,"" Tovi said, ""will you let me go?""Aris laughed, a low, musical chuckle.  ""Oh, Your Highness. After the ritual, you won't want to leave.",1556019438,3220,1556019438,5,1556019438,1,1556409682,,2019-04-28T00:01:21.526Z,1556409682,0,1556019438
18514141,thedevilchicken,1556409691,Original Work,1556078005,...,,...,,"As Above, So Below",1556078005,2019-04-28T00:01:31.046Z,1556409691,2019-04-18T00:00:00.000Z,1556078005,1|1|1,1556409691,"Many years ago, the leaders of Kyr and Kault signed a treaty to keep the peace in the peninsulae; their successors, however, did not honour it. Istvan, the Giant of Kault, invades Kyr with all his forces and takes the king as his prize. Ettian, the newly deposed king, slowly begins to understand precisely why the treaty was broken in the first place.",1556078005,10651,1556409691,3,1556078005,1,1556409691,,2019-04-28T00:01:31.031Z,1556409691,0,1556078005
18529321,Nom_NomHomo,1572813776,"魔道祖师 - 墨香铜臭 | Módào Zǔshī - Mòxiāng Tóngxiù, 魔道祖师 | Módào Zǔshī (Cartoon), 슈퍼맨이 돌아왔다 | The Return of Superman",1572813776,...,,...,,The return of the sect leader,1572813776,2019-11-03T20:42:55.771Z,1572813776,2019-06-21T00:00:00.000Z,1572813776,2|?|0,1572813776,"Just the awkward journey of two parents to nurture and properly raise their children to at least funcional adults.          Said parents being the famous Jiang Fengmian and Yu Ziyuan, power couple of the decade. Yanli wants to sing.Cheng wants to rap.Ying can't even walk yet.",1572813776,4459,1572813776,-1,1572813776,0,1572813776,,2019-11-03T20:42:55.752Z,1572813776,0,1572813776
18529339,Cherished_Lantern_Glowing,1570967753,天官赐福 - 墨香铜臭 | Tiān Guān Cì Fú - Mòxiāng Tóngxiù,1570967753,...,,...,,Crack TGCF AUs,1570967753,2019-10-13T11:55:52.836Z,1570967753,2019-04-20T00:00:00.000Z,1570967753,4|?|0,1570967753,"Collection of the random AU drabbles I made for TGCF, with MUCH inspiration from the server.",1570967753,340,1570967753,-1,1570967753,0,1570967753,,2019-10-13T11:55:52.807Z,1570967753,0,1570967753
18534862,Befallings,1572814193,"魔道祖师 - 墨香铜臭 | Módào Zǔshī - Mòxiāng Tóngxiù, 西遊記 | Xī Yóu Jì | Journey to the West - All Media Types",1572814193,...,,...,,Circle in the Sand,1572814193,2019-11-03T20:49:52.812Z,1572814193,2019-08-04T00:00:00.000Z,1572814193,6|6|1,1572814193,"There was once a Buddhist master with four disciples. They went on a journey filled with monsters and magic. They fought enemies and they fought each other. Finally, they reached their goal. You have probably heard of that story before. But this is not that story. This story is a journey doomed to never succeed.",1572814193,17129,1572814193,-1,1572814193,0,1572814193,,2019-11-03T20:49:52.794Z,1572814193,0,1572814193
18536188,Anonymous,1555984414,Original Work,1555984414,...,,...,,this garden once was perfect,1555984414,2019-04-23T01:53:33.934Z,1555984414,2019-04-20T00:00:00.000Z,1555984414,1|1|1,1555984414,"When he’d gotten the tell-tale ringing in his ears that signified one of his demon-traps had been sprung just as he was about to turn in for the night, Father Lowell had really hoped it was just some easily-banished minor imp or somesuch.",1555984414,2223,1555984414,1,1555984414,1,1555984414,,2019-04-23T01:53:33.861Z,1555984414,0,1555984414
18548011,Pippitypopadoo,1572790651,魔道祖师 - 墨香铜臭 | Módào Zǔshī - Mòxiāng Tóngxiù,1572790651,...,,...,,under soft wings of steel,1572790651,2019-11-03T14:17:30.841Z,1572790651,2019-04-21T00:00:00.000Z,1572790651,1|1|1,1572790651,"He doesn’t particularly wish to have to suffer through the whispers and disgusted glances that are masked as pity, but he wanted to be here for Yanli, who has been the kindest and most genuine person he has ever met in his life. All he has to do is attend the party, join in for the family photos later and then quietly bid them goodbye-“Xiao Yu, what are you eating?” A voice pops the quiet bubble of peace that surrounds him and he looks up, fingers clutching his chopsticks tighter.---No one has Mo Xuanyu's back the way Jiang Yanli does",1572790651,3960,1572790651,-1,1572790651,0,1572790651,,2019-11-03T14:17:30.810Z,1572790651,0,1572790651
18548353,OzQueen,1556409694,Miss Fisher's Murder Mysteries,1555877792,...,,...,,The Place of Caught Breath,1555877792,2019-04-28T00:01:34.356Z,1556409694,2019-04-21T00:00:00.000Z,1555877792,1|1|1,1556409694,"Her fingers pushed through his neatly-combed hair, and she eyed the lipstick smudged on his mouth before she met his gaze. ""It's my birthday,"" she whispered.""It is well past the final hour of your day,"" Jack murmured, though he didn't pull away. ""Don't be greedy.",1555877792,1945,1556409694,3,1555877792,1,1555877795,,2019-04-28T00:01:34.355Z,1556409694,0,1555877792
18554137,seredemia,1572421681,魔道祖师 - 墨香铜臭 | Módào Zǔshī - Mòxiāng Tóngxiù,1572421681,...,,...,,Desiderium,1572421681,2019-10-30T07:48:01.334Z,1572421681,2019-04-22T00:00:00.000Z,1572421681,1|1|1,1572421681,"After the war is over, the imperial realm can finally breathe a sigh of relief. While there is much celebration to be had, the price of war claims the life of their emperor, thus throwing the realm into uncertainty. Prince Lan Wangji must now watch as his older brother inherits the throne, bearing the weight of the legacy their father left behind.That, however, is the least of his worries. As the lands gather in celebration, Prince Lan Wangji is reunited with a man he has not seen in thirteen years. Wei Wuxian's smile is as captivating as ever; and with each day that passes, the prince struggles more and more to stay away from him.",1572421681,20799,1572421681,-1,1572421681,0,1572421681,,2019-10-30T07:48:01.321Z,1572421681,0,1572421681
18567952,laughingalonewithducks,1575157755,天官赐福 - 墨香铜臭 | Tiān Guān Cì Fú - Mòxiāng Tóngxiù,1575157755,...,,...,,first things first i'll eat your brains,1575157755,2019-11-30T23:49:15.403Z,1575157755,2019-04-23T00:00:00.000Z,1575157755,1|1|1,1575157755,"Hua Cheng's true form is incomparably, unbearably ugly; an eldritch horror that trails madness behind it like a wedding train.
Xie Lian is gagging for it.",1575157755,863,1575157755,3,1575157755,1,1575157755,,2019-11-30T23:49:15.369Z,1575157755,0,1575157755
18568903,LeMayora,1572813773,魔道祖师 - 墨香铜臭 | Módào Zǔshī - Mòxiāng Tóngxiù,1572813773,...,,...,,Behind the Glass Tank,1572813773,2019-11-03T20:42:52.924Z,1572813773,2019-04-23T00:00:00.000Z,1572813773,1|?|0,1572813773,Lan Xichen was sent to join a circus troupe where he met a siren named Jiang Cheng. Adjusting to the new environment and new people he befriended Jiang Cheng and things started to get more complicated then.//Basically a XiCheng SirenAU//,1572813773,1921,1572813773,-1,1572813773,0,1572813773,,2019-11-03T20:42:52.910Z,1572813773,0,1572813773
18569776,BeneaththeBrim,1570987446,天官赐福 - 墨香铜臭 | Tiān Guān Cì Fú - Mòxiāng Tóngxiù,1570987446,...,,...,,Swordplay,1570987446,2019-10-13T17:24:05.702Z,1570987446,2019-04-23T00:00:00.000Z,1570987446,1|1|1,1570987446,"Somehow, somewhere between the hazy recesses of passing aeons and the swirling nebulae of thought, these scenes merged with other, hotter ones--fuel and fire pressed tight in some unholy crucible--and Hua Cheng found himself, his dream self, begging Dianxia to run him through, chop him up, tear him apart. It was these fantasies that seemed to seep through the cracks, charging the armory with the special resonance that thrives between death and love.
 Content Warning: I'm not joking about the 'Graphic Depictions of Violence' warning. There's a lot of blood.",1570987446,2741,1570987446,-1,1570987446,0,1570987446,,2019-10-13T17:24:05.672Z,1570987446,0,1570987446
18572548,reidoesthewrite,1572841732,魔道祖师 - 墨香铜臭 | Módào Zǔshī - Mòxiāng Tóngxiù,1572841732,...,,...,,Penitence,1572841732,2019-11-04T04:28:51.945Z,1572841732,2019-04-23T00:00:00.000Z,1572841732,2|?|0,1572841732,"I really don't know anything... Don't ask me anything, I don't know, I don't know, I really don't know!""Oscar award winner Nie HuaiSang has returned to take the stage... but he fumbles. Just a little.",1572841732,1644,1572841732,3,1572841732,,1572841732,,2019-11-04T04:28:51.905Z,1572841732,0,1572841732
18591418,kokirane,1575174641,"魔道祖师 - 墨香铜臭 | Módào Zǔshī - Mòxiāng Tóngxiù, 魔道祖师 | Módào Zǔshī (Cartoon)",1575174641,...,,...,,moments played in the dark,1575174641,2019-12-01T04:30:43.329Z,1575174643,2019-04-25T00:00:00.000Z,1575174641,1|1|1,1575174643,"gifts, and more. (or: jiang cheng has an admirer, and nothing turns out how he thought it would.)",1575174641,4184,1575174641,1,1575174643,1,1575174643,,2019-12-01T04:30:43.300Z,1575174643,0,1575174641
18600136,Shadowy_Dumbo_Octopus,1556274128,Dishonored (Video Games),1556274128,...,,...,,Alive,1556274128,2019-04-26T10:22:11.817Z,1556274132,2019-04-25T00:00:00.000Z,1556274128,1|1|1,1556274132,"The Outsider awakens in the mortal world, human once more and with something to settle with Corvo. Post-DotO.
Thank you to @bluebeholder for dragging me into this fandom and beta-ing this mess of a fic for me, and to her and @adrift-me for the idea of the Outsider's name!",1556274128,6886,1556274128,1,1556274132,1,1556274132,,2019-04-26T10:22:11.743Z,1556274132,0,1556274128
18604183,grieve,1559304438,Dishonored (Video Games),1559304438,...,,...,,in bed awake with shadow beings,1559304438,2019-05-31T12:07:18.430Z,1559304438,2019-04-28T00:00:00.000Z,1559304438,1|1|1,1559304438,"In the small and lonely attic room of the Hound Pits Pub, Corvo is desperate for human touch that does not stem from violence and the Outsider always indulges his favorite of the Marked.",1559304438,10663,1559304438,-1,1559304438,0,1559304438,,2019-05-31T12:07:18.346Z,1559304438,0,1559304438
18616105,yucabel,1571588300,天官赐福 - 墨香铜臭 | Tiān Guān Cì Fú - Mòxiāng Tóngxiù,1571588300,...,,...,,in my waking hours,1571588300,2019-10-20T16:18:20.490Z,1571588300,2019-04-27T00:00:00.000Z,1571588300,1|1|1,1571588300,"“Your Highness,” she whispers.
  Moonlight spills through the window, pooling over their bedsheets. Spread before Hua Cheng like this, her arms bound willingly behind her back, Xie Lian is perfect.",1571588300,2710,1571588300,1,1571588300,1,1571588300,,2019-10-20T16:18:20.445Z,1571588300,0,1571588300
18622750,Jafndaegur,1572787939,"魔道祖师 - 墨香铜臭 | Módào Zǔshī - Mòxiāng Tóngxiù, 魔道祖师 | Módào Zǔshī (Cartoon)",1572787939,...,,...,,Gravitational Fairytale,1572787939,2019-11-03T13:32:19.094Z,1572787939,2019-06-12T00:00:00.000Z,1572787939,6|?|0,1572787939,"Mo Xuanyu, since he was young, tries as hard as he can to forget he is the reincarnation of a man named Wei Wuxian. He just wants to move as quietly as he can through high school so he can graduate and go on to university. Being labeled a delinquent and a demon since his youth makes that particular goal difficult. White robes embraced by cerulean clouds.The sounds of a dizi reverberating off the notes of a guqin.Powers to control resentful energy.These were the only things Mo Xuanyu remembered in the loudness of modern-day.",1572787939,6608,1572787939,-1,1572787939,0,1572787939,,2019-11-03T13:32:19.074Z,1572787939,0,1572787939
18630133,Sath,1567324587,人渣反派自救系统 - 墨香铜臭 | The Scum Villain's Self-Saving System - Mòxiāng Tóngxiù,1567324587,...,,...,,Indwelling,1567324587,2019-09-01T07:58:14.089Z,1567324694,2019-04-28T00:00:00.000Z,1567324587,4|4|1,1567324694,...,1567324587,11797,1567324587,5,1567324587,4,1567324694,,2019-09-01T07:58:13.898Z,1567324694,0,1567324587
18646987,adrift_me,1559014000,Dishonored (Video Games),1559014000,...,,...,,Cursed be,1559014000,2019-05-28T03:26:39.794Z,1559014000,2019-04-29T00:00:00.000Z,1559014000,1|1|1,1559014000,"Teague Martin, marked by the Outsider, thinks he understands the god and his ways, but time and a time again he is proven wrong. Particularly when the Outsider, always so unreachable, seems to have affections for another man...
Unbearable. Cursed it be.",1559014000,1168,1559014000,-1,1559014000,0,1559014000,,2019-05-28T03:26:39.737Z,1559014000,0,1559014000
18651547,dynamicsymmetry,1559875933,Dishonored (Video Games),1559875933,...,,...,,When It's Right It'll Find You,1559875933,2019-07-13T02:26:07.036Z,1562984767,2019-06-17T00:00:00.000Z,1562532018,10|13|0,1562984767,"It's been a few thousand years since the Outsider was human, and now that he is again, he doesn't feel like he's very good at it. So when he doesn't know what else to do, he goes to find the one real friend he has left. And then things happen.",1559875933,30422,1562532018,1,1559875933,13,1562984767,,2019-07-13T02:26:06.780Z,1562984767,0,1559875933
18653278,Einhorn,1570621430,天官赐福 - 墨香铜臭 | Tiān Guān Cì Fú - Mòxiāng Tóngxiù,1570621430,...,,...,,cartographist,1570621430,2019-10-09T11:43:49.873Z,1570621430,2019-04-30T00:00:00.000Z,1570621430,1|1|1,1570621430,"The summer sun’s early morning rays bathe the bed Xie Lian shares with his husband and warm his freckled skin. Sleepy, content, and comfortable, he is loathe to leave the embrace of the blanket that he lays under, even though he knows that there is much to do in the dreary shrine he calls home.",1570621430,3024,1570621430,-1,1570621430,0,1570621430,,2019-10-09T11:43:49.851Z,1570621430,0,1570621430
18658951,laughingalonewithducks,1575157571,魔道祖师 - 墨香铜臭 | Módào Zǔshī - Mòxiāng Tóngxiù,1575157571,...,,...,,jamais vu,1575157571,2019-11-30T23:46:10.613Z,1575157571,2019-04-30T00:00:00.000Z,1575157571,1|1|1,1575157571,"Doppelgänger lit: 'double-walker' (noun):1. Lookalike; remarkably similar person.2. Ghostly counterpart.3. Spirit that takes the place of a living person, often after killing them.",1575157571,763,1575157571,3,1575157571,1,1575157571,,2019-11-30T23:46:10.587Z,1575157571,0,1575157571
18665098,CheshireCaine,1558961834,Dishonored (Video Games),1558961834,...,,...,,Shadow Ball,1558961834,2019-07-13T16:26:40.646Z,1563035201,2019-05-23T00:00:00.000Z,1558961834,1|1|1,1563035201,"Corvo slipped his left hand into his pants and pulled out his cock.It was different, to do this while marked. He hoped the Outsider could tell.He could.",1558961834,1875,1558961834,1,1558961834,1,1563035201,,2019-07-13T16:26:40.385Z,1563035201,0,1558961834
18672715,salty_gay_prince,1570879526,天官赐福 - 墨香铜臭 | Tiān Guān Cì Fú - Mòxiāng Tóngxiù,1570879526,...,,...,,Burning Touches and Repressed Desires,1570879526,2019-10-12T11:25:25.727Z,1570879526,2019-05-01T00:00:00.000Z,1570879526,1|1|1,1570879526,What COULD have happened when the demon heat struck Hua Cheng. Xie Lian has his hands full and things are taking a turn he is not sure how to handle. But oh...it feels so nice. And he wonders how bad it would be to just give in to the offered pleasure?Xie Lian is going to find out!Just self indulgent smut oops....Trans AUXie Lian is a trans man.If you are against trans fics please dont read.,1570879526,5640,1570879526,-1,1570879526,0,1570879526,,2019-10-12T11:25:25.709Z,1570879526,0,1570879526
18673576,midohana,1575157367,"魔道祖师 - 墨香铜臭 | Módào Zǔshī - Mòxiāng Tóngxiù, 魔道祖师 | Módào Zǔshī (Cartoon), 人渣反派自救系统 - 墨香铜臭 | The Scum Villain's Self-Saving System - Mòxiāng Tóngxiù",1575157367,...,,...,,Mission: Escape Single Dog Hell,1575157367,2019-11-30T23:42:47.471Z,1575157367,2019-10-06T00:00:00.000Z,1575157367,25|25|1,1575157367,"【We welcome your entrance into the system. We hope to provide you with the best experience. It is our sincere hope that during the course of your experience, you can achieve what you desired. To obtain a proper love life and transcend the level of your originally virgin death.】Hey! Who the hell is a virgin!?【You are. And so is your character ‘Jiang Cheng’.】~~~~Someone needs to settle down. Jiang Cheng too needs to find a partner. They match the System's algorithm, so they embark on a journey to get laid.",1575157367,59282,1575157367,-1,1575157367,0,1575157367,,2019-11-30T23:42:47.444Z,1575157367,0,1575157367
18673786,IceQueen975,1575139906,"魔道祖师 - 墨香铜臭 | Módào Zǔshī - Mòxiāng Tóngxiù, 魔道祖师 | Módào Zǔshī (Cartoon)",1575139906,...,,...,,A Lotus Grows in the Field of Corpses,1575139906,2019-11-30T18:51:46.349Z,1575139906,2019-05-07T00:00:00.000Z,1575139906,4|?|0,1575139906,A life cut short in the name of vengeance. The grief of the one left behind.Ruan Huifu follows in the footsteps of the infamous Wei Wuxian to find the reason for the death of the one she loved most; Mo XuanYu. Sometimes the truth is best left buried. Sometimes it’s only after being dyed with sorrow can something beautiful bloom in the decay.,1575139906,13361,1575139906,-1,1575139906,0,1575139906,,2019-11-30T18:51:46.327Z,1575139906,0,1575139906
18692737,"AngelaVargas, AngeloVargas, FongLian",1572813703,魔道祖师 - 墨香铜臭 | Módào Zǔshī - Mòxiāng Tóngxiù,1572813703,...,,...,,OUT OF THE DARKNESS INTO THE LIGHT,1572813703,2019-11-03T20:41:43.091Z,1572813703,2019-05-04T00:00:00.000Z,1572813703,2|?|0,1572813703,"Since the day my Parents died, I lived alone until I was picked up by unknown strangers and took me to a place where so dark and cold. There I met a Boy older than me by a Year two he had a kind and gentle smile, in the midst of cold darkness his light shines through, his strength and warmth had been the Comfort he knew in his Dark Times and his voice and laughter had been my Guide to see through the darkness...“My Name is Lan ZhiYun, Courtesy Name Lan Tiāné, May I know your name?” The Blue Eyed boy asked his voice is Gentle yet it held Strength and Warmth.“My Name is Wei Ying, Courtesy Name Wei WuXian...” I answered.“What a Wonderful Name!” ZhiYun said with a smile.But again... Fate is Cruel as always as I was taken away from him... and when I met him again, it was the last time I’ll see his Kind Face and Gentle Smile...",1572813703,6697,1572813703,-1,1572813703,0,1572813703,,2019-11-03T20:41:43.065Z,1572813703,0,1572813703
18692830,synonemous (sussiekitten),1572436332,"魔道祖师 - 墨香铜臭 | Módào Zǔshī - Mòxiāng Tóngxiù, 魔道祖师 | Módào Zǔshī (Cartoon)",1572436332,...,,...,,"in every time, every life, every universe; there’s you",1572436332,2019-10-30T11:52:11.545Z,1572436332,2019-07-12T00:00:00.000Z,1572436332,5|5|1,1572436332,"Wei WuXian figured he was alive when landing on his ass hurt.(The novelisation, but modern and with a slightly different twist.)",1572436332,32481,1572436332,-1,1572436332,0,1572436332,,2019-10-30T11:52:11.497Z,1572436332,0,1572436332
18698326,lanjingyeets,1574135057,"魔道祖师 - 墨香铜臭 | Módào Zǔshī - Mòxiāng Tóngxiù, 魔道祖师 | Módào Zǔshī (Cartoon)",1574135057,...,,...,,I will be chasing a starlight,1574135057,2019-11-19T03:44:17.009Z,1574135057,2019-05-03T00:00:00.000Z,1574135057,1|1|1,1574135057,"The night A-Ling is born, Jin Zixuan sees a falling star cut through the sky above Lanling.",1574135057,2352,1574135057,-1,1574135057,0,1574135057,,2019-11-19T03:44:16.992Z,1574135057,0,1574135057
18716491,Verse,1572787688,魔道祖师 - 墨香铜臭 | Módào Zǔshī - Mòxiāng Tóngxiù,1572787688,...,,...,,Human in feathered coat,1572787688,2019-11-03T13:28:07.676Z,1572787688,2019-08-14T00:00:00.000Z,1572787688,6|?|0,1572787688,Because there is only so much Sizhui can see.Or: the Lion in human hide extras.,1572787688,5200,1572787688,-1,1572787688,0,1572787688,,2019-11-03T13:28:07.658Z,1572787688,0,1572787688
18717502,Hell_Serpent,1575139916,"魔道祖师 - 墨香铜臭 | Módào Zǔshī - Mòxiāng Tóngxiù, 人渣反派自救系统 - 墨香铜臭 | The Scum Villain's Self-Saving System - Mòxiāng Tóngxiù",1575139916,...,,...,,Hell Is Nearer Than You Think.,1575139916,2019-11-30T18:51:55.587Z,1575139916,2019-05-07T00:00:00.000Z,1575139916,2|?|0,1575139916,"This was not what Sizhui - or even Jingyi - had in mind for a vacation.""Welcome to Hell! Would you like a beer latte?""""What?"" Jin Ling huffed at the staring, sipping some of the beverage, ""It's good.",1575139916,655,1575139916,-1,1575139916,0,1575139916,,2019-11-30T18:51:55.559Z,1575139916,0,1575139916
18717526,tothemovies (jarofactonbell),1572790362,魔道祖师 - 墨香铜臭 | Módào Zǔshī - Mòxiāng Tóngxiù,1572790362,...,,...,,The Mo Xuanyu Show,1572790362,2019-11-03T14:12:41.642Z,1572790362,2019-05-05T00:00:00.000Z,1572790362,1|1|1,1572790362,"“But sometimes, my instructor told me, you don’t have time to do all of that choreo, so under every and all circumstances, you should prioritise getting out of the hold in whatever way you can.”Xuanyu grins, his Shit Eating, Cultivated and Nurtured Queer Turning Smile™, at the detriment of all straight boys from Gusu Private. The audience falls completely silent and there is not even a single breath circulating in that spacious auditorium.“I was like all good, fam, I’m gonna make it happen. So my partner, poor sod, had me in a chokehold, and we’re all getting ready to get out first, instructor said  GO,”  he giggles, predatorily, and delivers the ultimatum.“I looked my partner right in the eye and went,” his voice climbs up to a breathy whisper, sultry and ragged,  “Oh, daddy.”    ""And he let go! He let go! That's all that matters!",1572790362,3913,1572790362,-1,1572790362,0,1572790362,,2019-11-03T14:12:41.615Z,1572790362,0,1572790362
18724705,IceBreeze,1570987137,天官赐福 - 墨香铜臭 | Tiān Guān Cì Fú - Mòxiāng Tóngxiù,1570987137,...,,...,,"Local God throws himself into Hell and tells the World to fuck off, Find Out His Story HERE!",1570987137,2019-10-13T17:18:57.095Z,1570987137,2019-07-18T00:00:00.000Z,1570987137,4|?|0,1570987137,"Xie Lian is a man as tired of the world as the world is of him, to whom every step is the drag of feet across the ground as he wonders when he will next trip, when he will next fall (when he will be pushed, pushed, pushed, because he did all he could to help and the world did all it could to tear him apart). Xie Lian is a man to whom life is a curse, the chore of someone who even death has turned its back on, and he wishes it would be over.
  I want to rest, he thinks. I want to be at peace, and that is a thing he will never find in this sham of a life. The damned will wander for eternity whilst the world watches and laughs, trapped in this hell where even fire refuses to burn. Parents buried, a kingdom lost, the only companion at his side the piece of silk that failed to free him- this is a man who is adrift, who doesn’t know what to do now that everything has fallen and fallen apart.
  This is a man adrift, and so he sets himself adrift more literally.
An AU where Xie Lian is a Ghost King, Hua Cheng is a God, and He Xuan is- well. He Xuan.",1570987137,16267,1570987137,-1,1570987137,0,1570987137,,2019-10-13T17:18:57.060Z,1570987137,0,1570987137
18736159,SugarAppleBlue,1572422420,魔道祖师 - 墨香铜臭 | Módào Zǔshī - Mòxiāng Tóngxiù,1572422420,...,,...,,The Cold Springs Where We Lie,1572422420,2019-10-30T08:00:19.595Z,1572422420,2019-07-07T00:00:00.000Z,1572422420,2|?|0,1572422420,"Wei Wuxian, adopted into the royal family of Elemental Elves of the Yunmeng Kingdom, tried to avoid marriage by becoming a delegate. A position that allows him to travel between the three realms to negotiate and discuss current matters. But after slipping out to view the Dragon Festival of Gusu Lan by dressing as a woman to avoid a meeting with Lan Qiren, he runs into Lan Wangji who then declares Wei Wuxian will be whom he marries. But the Second Prince of Lan knows Wei Wuxian isn't actually a woman.. right?Hopefully Jiang Cheng will find this funnier than he does.Meanwhile, Jiang Yanli may have found a way to stop humans from poaching dragons.",1572422420,3271,1572422420,-1,1572422420,0,1572422420,,2019-10-30T08:00:19.573Z,1572422420,0,1572422420
18743335,OngNiel9596,1572871516,人渣反派自救系统 - 墨香铜臭 | The Scum Villain's Self-Saving System - Mòxiāng Tóngxiù,1572871516,...,,...,,Anew,1572871516,2019-11-04T12:45:16.205Z,1572871516,2019-05-22T00:00:00.000Z,1572871516,4|4|1,1572871516,"As Shen Qingqiu, Shen Yuan always wondered what would happen if he dies again. Would he transmigrate back to his original body? To a new body in another story? 
A few years after he truthfully told his husband about his circumstances, he found himself dead, and transmigrated back into his original world. Only, he migrated back to his 12 year old self, years before his death.
With his memories intact, he intends to keep to his promise with Luo Binghe, whom he was sure would have killed himself when his beloved died, and hopefully find him before he dies again.",1572871516,22643,1572871516,-1,1572871516,0,1572871516,,2019-11-04T12:45:16.183Z,1572871516,0,1572871516
18754450,SilentRabidWriter,1571536111,天官赐福 - 墨香铜臭 | Tiān Guān Cì Fú - Mòxiāng Tóngxiù,1571536111,...,,...,,twisting the knife,1571536111,2019-10-20T01:48:31.383Z,1571536111,2019-05-08T00:00:00.000Z,1571536111,1|1|1,1571536111,"He finally turns his head to greet Hua Cheng, but the words die on his lips. The infamous crimson rain sought flower is still standing at the door, just as frozen as the ghost at his feet. A faint blush stains his pale cheeks and his gaze is fixed to the knife in Xie Lian’s hand.
  Oh, he thinks and something pleasantly warm stirs in his stomach. He drags the knife down Qi Rong's throat and Hua Cheng swallows.
   Oh.
There's something about Xie Lian holding a knife that just gets to Hua Cheng.  Xie Lian intends to make the most of it.",1571536111,2334,1571536111,1,1571536111,1,1571536111,,2019-10-20T01:48:31.345Z,1571536111,0,1571536111
18772993,Adwen,1572790212,魔道祖师 - 墨香铜臭 | Módào Zǔshī - Mòxiāng Tóngxiù,1572790212,...,,...,,When You Wish Upon A Star,1572790212,2019-11-03T14:10:12.394Z,1572790212,2019-05-10T00:00:00.000Z,1572790212,1|?|0,1572790212,"After dabbling with the dark arts and causing one too many mass corpse uprisings across the kingdoms, Wei Wuxian was placed under a terrible curse and never seen again.Thirteen years later, fairy godmother Mo Xuanyu is put on probation after one too many mishaps and is assigned charge of prince Lan Wangji. His goal is to help him find whatever it is he has been diligently searching for all these years, and only that.Breaking a criminal from his jail, uncovering a kingdom-wide conspiracy, and firing himself from his job were all accidents! Truly!(or, the self-indulgent Disney-inspired au that no one asked for but I wrote anyway)",1572790212,2289,1572790212,-1,1572790212,0,1572790212,,2019-11-03T14:10:12.378Z,1572790212,0,1572790212
18777682,lichti,1570621474,天官赐福 - 墨香铜臭 | Tiān Guān Cì Fú - Mòxiāng Tóngxiù,1570621474,...,,...,,make this chaos count,1570621474,2019-10-09T11:44:34.243Z,1570621474,2019-05-10T00:00:00.000Z,1570621474,1|1|1,1570621474,"A whimper spills out Xie Lian’s lips as Hua Cheng bites the back of his neck roughly, littering pale skin with marks. “Bad boys deserve punishment.”",1570621474,2259,1570621474,-1,1570621474,0,1570621474,,2019-10-09T11:44:34.228Z,1570621474,0,1570621474
18777766,"AngelaVargas, AngeloVargas, FongLian",1572421861,魔道祖师 - 墨香铜臭 | Módào Zǔshī - Mòxiāng Tóngxiù,1572421861,...,,...,,BLESSINGS OF THE LOTUS,1572421861,2019-10-30T07:51:01.390Z,1572421861,2019-06-16T00:00:00.000Z,1572421861,4|?|0,1572421861,"Jiang FengMian after a Bad Separation between him and Madam Yu is in a lot of pain, Ill rumours Grew and Worsen causing Yunmeng to Fall From Grace, Meishan Yu taking its place as the Fourth Prominent Sect through Madam Yu’s Lead. Yunmeng Jiang had suffered Humiliation after Humiliation from Meishan Yu, Jiang FengMian is at his wits end and can no longer take it. But he can’t just leave his Daughter Behind so he can’t die yet.And Sometimes it takes only one act of kindness and caring to change a person’s life.On a Snowy Day of Winter while walking on the Barren streets of a once lively town, Jiang FengMian meets a stranger who is seeking shelter on a small stall, being raised as a Kind man. He offered Shelter to this Wanderer and in doing so, his Life will soon Change.",1572421861,15689,1572421861,-1,1572421861,0,1572421861,,2019-10-30T07:51:01.364Z,1572421861,0,1572421861
18787090,chip1,1571999742,魔道祖师 - 墨香铜臭 | Módào Zǔshī - Mòxiāng Tóngxiù,1571999742,...,,...,,Transcendence,1571999742,2019-10-25T10:35:41.617Z,1571999742,2019-09-24T00:00:00.000Z,1571999742,17|?|0,1571999742,"Cultivators, demons and gods.As he jumped through time, Wei Ying is about to discover that legends are not always legends after all. Inspired by InuYasha!",1571999742,84095,1571999742,-1,1571999742,0,1571999742,,2019-10-25T10:35:41.585Z,1571999742,0,1571999742
18795724,Zaatar,1564545180,The Silmarillion and other histories of Middle-Earth - J. R. R. Tolkien,1564545180,...,,...,,A Balm for Aching Hearts,1564545180,2019-07-31T03:53:00.424Z,1564545180,2019-05-12T00:00:00.000Z,1564545180,1|1|1,1564545180,"In the Fen of Serech, Barahir teaches Finrod how to mourn.",1564545180,3182,1564545180,1,1564545180,1,1564545180,,2019-07-31T03:53:00.369Z,1564545180,0,1564545180
18802795,Pteropoda (SilentP),1570879313,天官赐福 - 墨香铜臭 | Tiān Guān Cì Fú - Mòxiāng Tóngxiù,1570879313,...,,...,,This Tender Heart of Fire,1570879313,2019-10-13T17:26:00.104Z,1570987560,2019-05-12T00:00:00.000Z,1570879313,1|1|1,1570987560,"The second time Xie Lian ever suffered the effects of Land of the Tender, it was just as unwanted as the first.",1570879313,3474,1570879313,3,1570987560,1,1570987560,,2019-10-13T17:26:00.072Z,1570987560,0,1570879313
18810604,tothemovies (jarofactonbell),1575139889,魔道祖师 - 墨香铜臭 | Módào Zǔshī - Mòxiāng Tóngxiù,1575139889,...,,...,,"Wen Ning, you're a vampire",1575139889,2019-11-30T18:51:29.056Z,1575139889,2019-05-13T00:00:00.000Z,1575139889,1|1|1,1575139889,"“Sorry I pretended to spread the rumour that you were a vampire!” Wuxian turns to him after he and Jiang Cheng engaged in a weird battle ritual of jellyfish arm dancing and dabbing, and Jiang Cheng rushes off to whip more vampires to obedience, now with actual blood energy powering his whiplashes.Those must hurt. Imagine the shame on top of that too. Imagine being asked - Hey, what happened today at work? And answering with - Oh, nothing much. Just got sent to the surface to take out some brats at a party but then I got whipped into a coma by a guy in a bun - nothing much went down before that.",1575139889,13595,1575139889,-1,1575139889,0,1575139889,,2019-11-30T18:51:29.027Z,1575139889,0,1575139889
18835072,rievu,1559304881,Dishonored (Video Games),1559304881,...,,...,,a god of equilibrium,1559304881,2019-05-31T12:14:40.817Z,1559304881,2019-05-15T00:00:00.000Z,1559304881,1|1|1,1559304881,"The Outsider forgets how to breathe sometimes.It’s not important; it’s not necessary. But sometimes, in the middle of the vast Void, the Outsider clutches at his throat — where is his esophagus, his trachea, his pharynx — and finds nothing. No air, no flesh, no material there to breathe. He chokes on the realization, but he doesn’t know if he can even choke if he can’t breathe. The lifespan of a god is doomed to be eternal, and eternity is such a wide space for forgetting such things. Such unnecessary things. But they were once necessary to the Outsider in the days when he was mortal and was ignorant to such concepts like divinity and immortality. The ever-present whalesong in the distance now sounds mocking, and the Outsider clenches his fists into semblances of shadow.The Outsider forgets sometimes.
// a character study on the outsider and how he forgets (and remembers) to be physically mortal",1559304881,5315,1559304881,-1,1559304881,0,1559304881,,2019-05-31T12:14:40.726Z,1559304881,0,1559304881
18835204,Lucystar,1572436415,"魔道祖师 - 墨香铜臭 | Módào Zǔshī - Mòxiāng Tóngxiù, 魔道祖师 | Módào Zǔshī (Cartoon)",1572436415,...,,...,,don't fix what's already broken(simply go and build something better),1572436415,2019-10-30T11:53:34.513Z,1572436415,2019-06-01T00:00:00.000Z,1572436415,5|?|0,1572436415,"Wei Wuxian remembered life being easier. At some point in his life where he could look at golden eyes without pain and feeling his heart shatter to a million pieces.  When those eyes made him feel like flying and falling at the same time, where golden eyes ment safe, trust, and love. Now he couldn't even look at them from guilt, hurt, and helplessness. Everything felt and was so wrong, and he couldn't help but wish he could scream 'why' to the Heavens. Why if everything had been so perfect was it now just so broken? And how? How does one fix everything so that it's as it should be?",1572436415,12419,1572436415,-1,1572436415,0,1572436415,,2019-10-30T11:53:34.478Z,1572436415,0,1572436415
18842227,lanjingyeets,1574135051,"魔道祖师 | Módào Zǔshī (Cartoon), 魔道祖师 - 墨香铜臭 | Módào Zǔshī - Mòxiāng Tóngxiù",1574135051,...,,...,,When we run out of air,1574135051,2019-11-19T03:44:10.869Z,1574135051,2019-05-16T00:00:00.000Z,1574135051,1|1|1,1574135051,"There’s the faintest smell of incense in the air, two sticks sinking in the burner and a thin trail of smoke rising to the ceiling. The smell reminds him of far-away parties and drinks, of celebrations and molten heat beneath his skin. Zixuan sweeps his sleeve above the incense sticks, and the gentle breeze makes the smoke quiver mid-air. It trembles together with his breathing, and he slowly lowers his arm.

  His room is draped in red, with lanterns hanging just outside and the soft whispers of servants traveling through the thin walls. Whispers about him, whisperings about her. Whispers about them.


  
    And so Young Master Jin marries today,
  
   someone murmurs, and the sound of a bucket being filled with water covers the words that follow. But Jin Zixuan still grasps the words that come after, I’ve seen Madam Jiang, and oh, she was so beautiful, Young Master Jin will be surely speechless when he sees her.

  But for that, there’s no need for him to see Yanli; Zixuan hasn’t even left the groom’s house, and he’s already breathless.",1574135051,4747,1574135051,-1,1574135051,0,1574135051,,2019-11-19T03:44:10.857Z,1574135051,0,1574135051
18850702,"zacechild, atomicmuffin",1570987074,天官赐福 - 墨香铜臭 | Tiān Guān Cì Fú - Mòxiāng Tóngxiù,1570987074,...,,...,,"In the Night, Dream Delight",1570987074,2019-10-13T17:17:53.728Z,1570987074,2019-05-16T00:00:00.000Z,1570987074,1|1|1,1570987074,"Xie Lian is pure of mind and pure of body. Xie Lian is above bodily desires. Xie Lian meditates and chants sutras to keep impure desires at bay......Yeah, but his subconscious is apparently horny on main for Hua Cheng.And you can't chant sutras in your dreams.",1570987074,9269,1570987074,3,1570987074,1,1570987074,,2019-10-13T17:17:53.701Z,1570987074,0,1570987074
18869938,samvelg,1570879721,天官赐福 - 墨香铜臭 | Tiān Guān Cì Fú - Mòxiāng Tóngxiù,1570879721,...,,...,,There's no medicine for regret,1570879721,2019-10-12T11:28:41.246Z,1570879721,2019-05-18T00:00:00.000Z,1570879721,1|1|1,1570879721,"It is a truth universally acknowledged, that a single Devastation in possession of good fortune must be in want of a vulgar trash goblin to beat the everloving shit out of.In which Qi Rong works out why Hua Cheng hates looking at his face so much, and our favourite Devastation has a very bad time.",1570879721,2980,1570879721,-1,1570879721,0,1570879721,,2019-10-12T11:28:41.214Z,1570879721,0,1570879721
18873307,KagamiNoYume,1574134371,魔道祖师 - 墨香铜臭 | Módào Zǔshī - Mòxiāng Tóngxiù,1574134371,...,,...,,Souvenirs du future (Memories of the future),1574134371,2019-11-19T03:32:51.202Z,1574134371,2019-08-09T00:00:00.000Z,1574134371,7|?|0,1574134371,"Xue Yang goes back into the past before he killed He Su. He decides everything was Jin GuangYao's fault and starts saving people in order to destroy the latter's reputation (he also wants to kill him afterward).A remix of the Yi Cheng Arc with a Xue Yang who doesn't mess things up, everyone knowing A-Qing isn't blind and Jin RuSong, Mo XuanYu and He Su's sister living with XY, AQ and XXC. Wen Ning, Wen Qing, Song Lan and Nie MingJue coming later. Xue Yang working with Nie HuaiSang.",1574134371,28952,1574134371,-1,1574134371,0,1574134371,,2019-11-19T03:32:51.151Z,1574134371,0,1574134371
18874498,crossdressingdeath,1571802055,魔道祖师 - 墨香铜臭 | Módào Zǔshī - Mòxiāng Tóngxiù,1571802055,...,,...,,Cryptids are not Permitted in the Cloud Recesses,1571802055,2019-10-23T03:40:54.793Z,1571802055,2019-10-20T00:00:00.000Z,1571802055,21|?|0,1571802055,...,1571802055,75859,1571802055,1,1571802055,,1571802055,,2019-10-23T03:40:54.766Z,1571802055,0,1571802055
18879298,"OngNiel9596, Yeong",1572871512,"人渣反派自救系统 - 墨香铜臭 | The Scum Villain's Self-Saving System - Mòxiāng Tóngxiù, 魔道祖师 - 墨香铜臭 | Módào Zǔshī - Mòxiāng Tóngxiù, 天官赐福 - 墨香铜臭 | Tiān Guān Cì Fú - Mòxiāng Tóngxiù",1572871512,...,,...,,In the Spotlight,1572871512,2019-11-04T12:45:11.853Z,1572871512,2019-05-27T00:00:00.000Z,1572871512,2|4|0,1572871512,"Some people dream of saving the world, some dream of an easy life, while some dream of being in the spotlight.
And who was to say you could only have one dream? Why not dream of falling in love while you are at it?
That was exactly what they did.",1572871512,6752,1572871512,-1,1572871512,0,1572871512,,2019-11-04T12:45:11.823Z,1572871512,0,1572871512
18882565,Sath,1566007566,杀破狼 | Sha Po Lang - priest,1566007566,...,,...,,Unrestrained,1566007566,2019-08-17T02:06:05.781Z,1566007566,2019-05-19T00:00:00.000Z,1566007566,1|1|1,1566007566,Chang Geng and Gu Yun's first time.,1566007566,2090,1566007566,5,1566007566,1,1566007566,,2019-08-17T02:06:05.749Z,1566007566,0,1566007566
18884950,pancakesprince,1571398898,天官赐福 - 墨香铜臭 | Tiān Guān Cì Fú - Mòxiāng Tóngxiù,1571398898,...,,...,,dreadful need in the devotee,1571398898,2019-10-18T11:41:38.151Z,1571398898,2019-05-19T00:00:00.000Z,1571398898,1|1|1,1571398898,"A rush of demonic energy passes through Mt Tonglu, causing all the remaining unholy beings to descend into a feral state.(Spoilers for chapter 174-175)",1571398898,1017,1571398898,3,1571398898,1,1571398898,,2019-10-18T11:41:38.120Z,1571398898,0,1571398898
18884962,captainhoothoot,1575157327,"魔道祖师 - 墨香铜臭 | Módào Zǔshī - Mòxiāng Tóngxiù, 魔道祖师 | Módào Zǔshī (Cartoon)",1575157327,...,,...,,Office Rendezvous,1575157327,2019-11-30T23:42:06.941Z,1575157327,2019-09-26T00:00:00.000Z,1575157327,13|?|0,1575157327,"In the midst of a quiet night, a figure of a well-built man groaned lowly, a sound that sounded more like a guttural growl, one that was almost inaudible, had the silence of the room not been stifling.  Accompanied by wet squelches and sharp slaps of moist skin coming into contact, the room, dark and quiet, was simply lit by the lighting of the buildings and towers overlooking this bustling city and the room on the top floor they were in. Shut behind the closed doors, sheathed behind the soundproof walls, hidden behind all scrutiny, the sheer debauchery between two grown men of different juxtaposing backgrounds came to light in this room. Pressed against the glass windows that extended from the marble flooring to the top of the ceiling, a young man panted heavily, his hot breath fogging the glass windows. Calloused hands ran down the smooth expanse of his body, pausing at his thighs, spreading them apart into a wider stance. Shame gnawed at his insides at being put into such a humiliating position. To be taken. Fucked. Bred. His lips quivered against the cool glass at the thought of it. Bred.",1575157327,26198,1575157327,-1,1575157327,0,1575157327,,2019-11-30T23:42:06.902Z,1575157327,0,1575157327
18900478,TheColorBlue,1572813981,魔道祖师 - 墨香铜臭 | Módào Zǔshī - Mòxiāng Tóngxiù,1572813981,...,,...,,Flowers from a Lake | Mo Dao Zu Shi Stage Musical Songs,1572813981,2019-11-03T20:46:20.649Z,1572813981,2019-08-06T00:00:00.000Z,1572813981,3|3|1,1572813981,"Being assorted stage musical piano and vocal pieces.-""The Song of Dafan Mountain"" : Lan WangJi's and Jiang Cheng's suppressed emotions involving capturing Wei Wuxian are dramatized through song.-""The Song of Mo Xuanyu"" : concerning the backstory of Mo Xuanyu during the body offering ritual.-""The Song of the Corpse General"" : intended to invoke a folk song about the mythical Corpse General who served the Yiling Patriarch and who also has a stutter.",1572813981,699,1572813981,-1,1572813981,0,1572813981,,2019-11-03T20:46:20.612Z,1572813981,0,1572813981
18901942,Naamah_Beherit,1577289049,天官赐福 - 墨香铜臭 | Tiān Guān Cì Fú - Mòxiāng Tóngxiù,1571834023,...,,...,,Clothes Redder Than Maple,1571834023,2019-12-25T15:50:48.701Z,1577289049,2019-05-20T00:00:00.000Z,1571834023,1|1|1,1577289049,"For centuries, Xie Lian has wandered alone with only RuoYe for company. For centuries, he's been nothing but a reflection of an age long forgotten, powerless and bound to the mortal realm.It takes an encounter with a swarm of hungry ghosts to change his fate. Russian translation (Ficbook)Spanish translation: AO3 | Wattpad",1571834023,1157,1577289049,3,1577289049,1,1577289049,,2019-12-25T15:50:48.672Z,1577289049,0,1571834023
18903883,nanthebread,1572812474,魔道祖师 - 墨香铜臭 | Módào Zǔshī - Mòxiāng Tóngxiù,1572812474,...,,...,,514,1572812474,2019-11-03T20:21:13.654Z,1572812474,2019-05-21T00:00:00.000Z,1572812474,1|1|1,1572812474,"Mo Xuanyu was not afraid to die.-Introspective ficlet looking into the last moments of his life,  a man with more kindness and intelligence than people gave him credit for.",1572812474,978,1572812474,1,1572812474,1,1572812474,,2019-11-03T20:21:13.628Z,1572812474,0,1572812474
18910021,samvelg,1570912878,天官赐福 - 墨香铜臭 | Tiān Guān Cì Fú - Mòxiāng Tóngxiù,1570912878,...,,...,,Love like a roar,1570912878,2019-10-12T20:41:17.874Z,1570912878,2019-05-21T00:00:00.000Z,1570912878,1|1|1,1570912878,"His heart is an abyss, his love as much a sword as it is a flower, and he's known all his life that it's far too monstrous for anyone to ever bear the weight of it. So maybe it was fate that when he finally fell it was for a God who was made of flowers and swords too, for a gentle smile which could make even ten years in hell feel like paradise.In which Hua Cheng enters Mount Tonglu a man in love, and no matter what else about him changes he still leaves as one too.",1570912878,2502,1570912878,3,1570912878,1,1570912878,,2019-10-12T20:41:17.842Z,1570912878,0,1570912878
18917572,Maki_Ryugazaki,1575139790,"魔道祖师 - 墨香铜臭 | Módào Zǔshī - Mòxiāng Tóngxiù, 镇魂 | Guardian (TV)",1575139790,...,,...,,El juego del destino y la desgracia de la suerte,1575139790,2019-11-30T18:49:50.220Z,1575139790,2019-06-14T00:00:00.000Z,1575139790,7|?|0,1575139790,"Lu Sin es un joven cultivador que ha alcanzado la inmortalidad, un día mientras medita en su habitación en las montañas de la secta Wei Lu, se ve transportado a un callejón oscuro y sucio... Frente a él se encuentra un niño de nombre Wei Ying.",1575139790,14927,1575139790,-1,1575139790,0,1575139790,,2019-11-30T18:49:50.189Z,1575139790,0,1575139790
18924349,Viktoriskinky,1570935218,天官赐福 - 墨香铜臭 | Tiān Guān Cì Fú - Mòxiāng Tóngxiù,1570935218,...,,...,,trapped in a dream( that made me have my gay awakening),1570935218,2019-10-13T02:53:38.303Z,1570935218,2019-05-22T00:00:00.000Z,1570935218,1|1|1,1570935218,"While exploring a village to collect scraps, Xie Lian took on a mission to defeat a demon that's been bothering the mortals in the village.While fighting the demon, the demon sucked him into a explicit dream!",1570935218,4853,1570935218,1,1570935218,1,1570935218,,2019-10-13T02:53:38.250Z,1570935218,0,1570935218
18949744,Momiji_Lian,1574903674,魔道祖师 - 墨香铜臭 | Módào Zǔshī - Mòxiāng Tóngxiù,1574903674,...,,...,,Invincible,1574903674,2019-11-28T01:14:33.711Z,1574903674,2019-05-28T00:00:00.000Z,1574903674,2|?|0,1574903674,"Mo XuanYu convinces Nie HuaiSang that together, they are invincible. Holding on to this belief, they delve into countless everyday adventures, not afraid of anything. But should they maybe be afraid after all?",1574903674,3671,1574903674,1,1574903674,,1574903674,,2019-11-28T01:14:33.682Z,1574903674,0,1574903674
18951052,SomethingReallyWeird,1572787179,魔道祖师 - 墨香铜臭 | Módào Zǔshī - Mòxiāng Tóngxiù,1572787179,...,,...,,Time for Hello and Time for Goodbye,1572787179,2019-11-03T13:19:39.428Z,1572787179,2019-05-24T00:00:00.000Z,1572787179,7|7|1,1572787179,...,1572787179,10287,1572787179,-1,1572787179,0,1572787179,,2019-11-03T13:19:39.402Z,1572787179,0,1572787179
18952111,yonaka_tan,1574952659,魔道祖师 - 墨香铜臭 | Módào Zǔshī - Mòxiāng Tóngxiù,1574952659,...,,...,,,1574952659,2019-11-28T14:51:02.704Z,1574952663,2019-11-20T00:00:00.000Z,1574952659,27|?|0,1574952663,"Victory belongs to the most persevering""Mo Xuanyu doesn't know what could possibly be more persevering than putting down the knife, and deciding to live one more day.Getting himself forcefully bound to an incomplete ritual is... tedious, and an annoyance that forces him to stay alive long enough to neutralize it. At least, with Hanguang-Jun and his two juniors strong-arming him into letting them help, it should be resolved... uneventfully.It should be.So why is his past suddenly catching him at every turn?",1574952659,178423,1574952659,1,1574952663,,1574952663,,2019-11-28T14:51:02.667Z,1574952663,0,1574952659
18956176,melamoryblack,1558919365,Dishonored (Video Games),1558919365,...,,...,,Позабытая мелодия,1558919365,2019-05-27T01:09:25.224Z,1558919365,2019-05-25T00:00:00.000Z,1558919365,1|15|0,1558919365,"Спустя пять лет, прошедших с момента коронации Эмили, для Корво Чужой из полезного союзника превратился в близкого друга, и теперь нуждается в его помощи. Находясь в хрупком смертном теле, Чужой должен выяснить, что стало источником ужасных возмущений в Бездне. И как только причина станет ясна, он должен вернуть то, что по праву принадлежит ему.",1558919365,2903,1558919365,-1,1558919365,0,1558919365,,2019-05-27T01:09:25.137Z,1558919365,0,1558919365
18967960,lariyats,1571482088,天官赐福 - 墨香铜臭 | Tiān Guān Cì Fú - Mòxiāng Tóngxiù,1571482088,...,,...,,the crucible,1571482088,2019-10-19T10:48:08.441Z,1571482088,2019-05-26T00:00:00.000Z,1571482088,1|1|1,1571482088,"Hua Cheng has been greedy for far, far longer than he ever ruled the gambling den. 
Greedy enough to brave the depths of Mount Tonglu more than just once. 
(For you, I’ll become invincible. No matter the cost.)",1571482088,6695,1571482088,1,1571482088,1,1571482088,,2019-10-19T10:48:08.416Z,1571482088,0,1571482088
18972625,inberin,1576061998,魔道祖师 - 墨香铜臭 | Módào Zǔshī - Mòxiāng Tóngxiù,1576061998,...,,...,,best behaviour,1576061998,2019-12-11T12:00:19.418Z,1576065619,2019-05-27T00:00:00.000Z,1576061998,1|1|1,1576065619,a traitorous princeling and his best weapon share words over stained floors and candlelight.,1576061998,4840,1576061998,-1,1576061998,0,1576065619,,2019-12-11T12:00:19.332Z,1576065619,0,1576061998
18985603,inberin,1576068050,魔道祖师 - 墨香铜臭 | Módào Zǔshī - Mòxiāng Tóngxiù,1576068050,...,,...,,aperire,1576068050,2019-12-11T12:40:49.813Z,1576068050,2019-05-27T00:00:00.000Z,1576068050,1|?|0,1576068050,"to know is to burn.
a telling of eros and psyche, if psyche was a scrappy youth who'd trained his entire life to slay the monster in his curse before it could kill him, and if eros had a personal agenda against the god who'd set the curse upon him.",1576068050,2202,1576068050,-1,1576068050,0,1576068050,,2019-12-11T12:40:49.772Z,1576068050,0,1576068050
18996583,zacechild,1571588029,天官赐福 - 墨香铜臭 | Tiān Guān Cì Fú - Mòxiāng Tóngxiù,1571588029,...,,...,,Arrossire,1571588029,2019-10-20T16:13:49.100Z,1571588029,2019-05-28T00:00:00.000Z,1571588029,1|1|1,1571588029,"Arrossire: Italian, verb, to blush.Hua Cheng uses his painting skills to make Xie Lian look beautiful. Not that he needs it, really. But he makes such a gorgeous canvas, doesn't he?",1571588029,3223,1571588029,-1,1571588029,0,1571588029,,2019-10-20T16:13:49.064Z,1571588029,0,1571588029
19002004,Sianera,1570622274,天官赐福 - 墨香铜臭 | Tiān Guān Cì Fú - Mòxiāng Tóngxiù,1570622274,...,,...,,Fun memories~,1570622274,2019-10-09T11:57:53.990Z,1570622274,2019-05-28T00:00:00.000Z,1570622274,1|1|1,1570622274,A little self indulgent headcanon of HC and the cave scene~,1570622274,487,1570622274,3,1570622274,1,1570622274,,2019-10-09T11:57:53.954Z,1570622274,0,1570622274
19007095,JustASadBoy,1572799994,魔道祖师 - 墨香铜臭 | Módào Zǔshī - Mòxiāng Tóngxiù,1572799994,...,,...,,A Soft MXY thing,1572799994,2019-11-03T16:53:14.286Z,1572799994,2019-05-28T00:00:00.000Z,1572799994,1|1|1,1572799994,Modern au where JYL helps MXY with his makeup for a date,1572799994,1126,1572799994,-1,1572799994,0,1572799994,,2019-11-03T16:53:14.259Z,1572799994,0,1572799994
19007590,WangXianPatriarch,1572787728,魔道祖师 - 墨香铜臭 | Módào Zǔshī - Mòxiāng Tóngxiù,1572787728,...,,...,,Strangers,1572787728,2019-11-03T13:28:47.993Z,1572787728,2019-05-29T00:00:00.000Z,1572787728,1|1|1,1572787728,"Lan XiChen is a man of mystery, so who could’ve known he used to have a fling with Jin Guangyao’s half-brother Mo XuanYu? Right, no one, not even his brother. So of course Lan WangJi has no idea why Lan XiChen thinks he can be so overly friendly to Mo XuanYu - who is in fact, by now, his very own precious Wei WuXian. (Prompt by anon on Tumblr)",1572787728,2141,1572787728,-1,1572787728,0,1572787728,,2019-11-03T13:28:47.965Z,1572787728,0,1572787728
19027207,Wuxian_Biscuit (The_Tevinter_Biscuit),1574225396,魔道祖师 - 墨香铜臭 | Módào Zǔshī - Mòxiāng Tóngxiù,1574225396,...,,...,,With Love,1574225396,2019-11-20T04:49:55.857Z,1574225396,2019-11-02T00:00:00.000Z,1574225396,15|?|0,1574225396,"Everyone had heard of Wei Ying. Lan Zhan was no exception. He just wished he could go back to simpler times, when the two of them were just teenagers in China, with dreams and a promising future ahead of them.",1574225396,87326,1574225396,-1,1574225396,0,1574225396,,2019-11-20T04:49:55.823Z,1574225396,0,1574225396
19053982,KagamiNoYume,1572799688,魔道祖师 - 墨香铜臭 | Módào Zǔshī - Mòxiāng Tóngxiù,1572799688,...,,...,,MDZS crazy modern AU,1572799688,2019-11-03T16:48:07.929Z,1572799688,2019-09-08T00:00:00.000Z,1572799688,9|10|0,1572799688,"Many modern AU:Chap 1: Grandmaster of Demonic CrepesChap 2: if the Evil friends were fudanshiChap 3: doctor WQ, doctor assistant WN and medicine student LSZ talking about YLDR, WRH, XY, WY and JGYChap 4: cinnamon roll WN fighting backChap 5: LWJ and XXC, done with their lovers (WWX, XY) -are forced to- pretend dating by SL, AQ, JYL, LXC and JGYChap 6: same as above (part 2)Chap 7: same as above (part 3)Chap 8: same as above (part 4)Chap 9: same as above (part 5)Chap 10:",1572799688,6746,1572799688,-1,1572799688,0,1572799688,,2019-11-03T16:48:07.903Z,1572799688,0,1572799688
19067122,yonaka_tan,1572448973,魔道祖师 - 墨香铜臭 | Módào Zǔshī - Mòxiāng Tóngxiù,1572448973,...,,...,,A Quiet Day,1572448973,2019-11-21T12:23:12.665Z,1574338993,2019-06-03T00:00:00.000Z,1572448973,1|1|1,1574338993,"Huaisang needs to do some paperwork. Xuanyu wants the picnic he was promised.They manage to compromise.For Sangyu Week 2019, Day 1: Domestic",1572448973,1019,1572448973,5,1572448973,1,1574338993,,2019-11-21T12:23:12.562Z,1574338993,0,1572448973
19071115,"Naamah_Beherit, misterymxgic",1571953036,天官赐福 - 墨香铜臭 | Tiān Guān Cì Fú - Mòxiāng Tóngxiù,1571953036,...,,...,,Skin as White as Snow,1571953036,2019-11-17T15:44:34.787Z,1574005475,2019-06-02T00:00:00.000Z,1571953036,1|1|1,1574005475,"There’s a god of broken things.Things forgotten and lost, things ruined beyond repair. Things cast aside without care, things that used to bring joy and now remind only of regrets. Things the world turned a blind eye on, things best left untouched.There’s a god who isn’t a god.
***An encounter with a horde of hungry ghosts leaves Xie Lian stranded in Ghost City. A long time ago, he would've run. A long time ago, he would've been tempted to grab a sword and challenge every demon on his path.Now, all he can think of is that he may finally be able to rest for a while. Russian translation (Ficbook)Spanish translation: AO3 | Wattpad",1573990308,3947,1571953036,5,1571953036,1,1574005475,,2019-11-17T15:44:34.601Z,1574005475,0,1571953036
19071199,Sath,1566007948,人渣反派自救系统 - 墨香铜臭 | The Scum Villain's Self-Saving System - Mòxiāng Tóngxiù,1566007948,...,,...,,Resentment of Chunshan: Special Women's Edition,1566007948,2019-08-17T02:12:27.520Z,1566007948,2019-06-02T00:00:00.000Z,1566007948,1|1|1,1566007948,Sha Hualing and Liu Mingyan decide to roleplay Resentment of Chunshan—with a focus on anatomy.,1566007948,1815,1566007948,5,1566007948,1,1566007948,,2019-08-17T02:12:27.494Z,1566007948,0,1566007948
19075339,spacehopper,1561821855,Dishonored (Video Games),1561821855,...,,...,,The Star at the End of Time,1561821855,2019-06-29T15:24:15.339Z,1561821855,2019-06-03T00:00:00.000Z,1561821855,1|1|1,1561821855,"He’d taken a leap of faith before. What was one more, for old time’s sake?",1561821855,2762,1561821855,1,1561821855,1,1561821855,,2019-06-29T15:24:15.273Z,1561821855,0,1561821855
19082569,Lywet,1572784122,"魔道祖师 - 墨香铜臭 | Módào Zǔshī - Mòxiāng Tóngxiù, 魔道祖师 | Módào Zǔshī (Cartoon)",1572784122,...,,...,,SangYu Week 2019 Ficlets collection,1572784122,2019-11-03T12:28:41.732Z,1572784122,2019-06-06T00:00:00.000Z,1572784122,4|7|0,1572784122,...,1572784122,8226,1572784122,1,1572784122,7,1572784122,,2019-11-03T12:28:41.679Z,1572784122,0,1572784122
19084684,BlackHeartedSoul,1575158041,"魔道祖师 - 墨香铜臭 | Módào Zǔshī - Mòxiāng Tóngxiù, 魔道祖师 | Módào Zǔshī (Cartoon)",1575158041,...,,...,,Four Horsemen of the Apocalypse,1575158041,2019-11-30T23:54:00.737Z,1575158041,2019-06-04T00:00:00.000Z,1575158041,1|1|1,1575158041,"In the world of cultivation exist cultivators and spirits that work hand in hand. Everyone is taught that resentful energy is bad, but what if it was needed to keep everything balanced? Good vs Evil? A set of malevolent spirits were created to keep the balance of resentful energy. However, in their spare time they helped found what would be know as the Great Sects: Gusu Lan, Yunmeng Jiang, Lanling Jin, and Qinghe Nie. Follow the tales of each of these Horsemen and the tragedy they each encounter only to be met with each of their happy endings. This is only the prologue for the series of tales for each the Horsemen.",1575158041,2516,1575158041,-1,1575158041,0,1575158041,,2019-11-30T23:54:00.715Z,1575158041,0,1575158041
19087141,chinxe,1572000213,魔道祖师 - 墨香铜臭 | Módào Zǔshī - Mòxiāng Tóngxiù,1572000213,...,,...,,oscillatory,1572000213,2019-10-25T10:43:33.060Z,1572000213,2019-06-10T00:00:00.000Z,1572000213,2|4|0,1572000213,"Wei Wuxian's pretty bad at being a pirate, and Lan Zhan isn't exactly a shining example for merpeople everywhere either.So apparently, they're perfect for each other.",1572000213,14672,1572000213,-1,1572000213,0,1572000213,,2019-10-25T10:43:33.025Z,1572000213,0,1572000213
19091800,Anna-domini (Memoryboard),1571999847,魔道祖师 - 墨香铜臭 | Módào Zǔshī - Mòxiāng Tóngxiù,1571999847,...,,...,,Echoes,1571999847,2019-10-25T10:37:26.819Z,1571999847,2019-07-23T00:00:00.000Z,1571999847,10|10|1,1571999847,"“This,” he said, pointing a finger at Lan Wangji’s chest. “Is Wei Ying.”[Or: Cliche Soulmate AU Retelling]",1571999847,37843,1571999847,-1,1571999847,0,1571999847,,2019-10-25T10:37:26.795Z,1571999847,0,1571999847
19091803,luchiden,1575158006,魔道祖师 - 墨香铜臭 | Módào Zǔshī - Mòxiāng Tóngxiù,1575158006,...,,...,,"i want to live, just once, before i die",1575158006,2019-11-30T23:53:26.065Z,1575158006,2019-06-04T00:00:00.000Z,1575158006,1|1|1,1575158006,"Ashes to ashes, gold to gold.",1575158006,1040,1575158006,1,1575158006,1,1575158006,,2019-11-30T23:53:26.018Z,1575158006,0,1575158006
19110043,yonaka_tan,1572440775,魔道祖师 - 墨香铜臭 | Módào Zǔshī - Mòxiāng Tóngxiù,1572440775,...,,...,,"hide, seek, find",1572440775,2019-11-21T12:24:46.236Z,1574339086,2019-06-06T00:00:00.000Z,1572440775,1|1|1,1574339086,"Xuanyu has a problem: he's been pining after Second Young Master Nie for years.Xuanyu has a solution: indirect confession.For Sangyu Week, Day 3: Fan",1572440775,2552,1572440775,5,1572440775,1,1574339086,,2019-11-21T12:24:46.086Z,1574339086,0,1572440775
19116790,Starishadow,1572599732,魔道祖师 - 墨香铜臭 | Módào Zǔshī - Mòxiāng Tóngxiù,1572599732,...,,...,,A mirror for your lies,1572599732,2019-11-01T09:15:31.567Z,1572599732,2019-06-06T00:00:00.000Z,1572599732,1|1|1,1572599732,"No matter how much he stared, the only thing he could see reflected in there was still anything he could never be.He closed his eyes and, for a moment, let himself be lulled away by the illusion of hands sliding over his shoulders, arms wrapping him in a hug, warmth being a part of his life once more.But as soon as he opened his eyes again, the cruel mirror seemed to laugh at him as it showed him his lonely reflection.",1572599732,2738,1572599732,1,1572599732,1,1572599732,,2019-11-01T09:15:31.535Z,1572599732,0,1572599732
19128544,Dragoncurl,1561777115,Dishonored (Video Games),1561777115,...,,...,,"Errant Mind, Wanton Flesh",1561777115,2019-06-29T02:58:34.501Z,1561777115,2019-06-07T00:00:00.000Z,1561777115,1|1|1,1561777115,"Originally written as the beginning of the sequel to Final Release, but I've since lost the spark to keep going. I still like what I did write, so I'm posting it anyway as some nice Smut.
In which the Outsider is sneaky, then horny. Corvo goes along with it because he can't let this dumb smug teenager out if his sight for five fucking minutes, seriously.",1561777115,6304,1561777115,1,1561777115,1,1561777115,,2019-06-29T02:58:34.390Z,1561777115,0,1561777115
19146034,RiriLilly,1572787732,魔道祖师 - 墨香铜臭 | Módào Zǔshī - Mòxiāng Tóngxiù,1572787732,...,,...,,The Complications of Reincarnation,1572787732,2019-11-03T13:28:52.264Z,1572787732,2019-06-26T00:00:00.000Z,1572787732,2|?|0,1572787732,"The year is 2019. The four great cultivation sects thrive in secret, working undercover for the Chinese government with the task of taking care of supernatural crimes.Gusu cultivator Lan Zhan is given the mission to observe a university student named Wei Ying, reincarnation of the infamous Yilling Patriarch. Enamored by Wei Ying's constant teasing and playful smiles, Lan Zhan falls in love and starts to realize that his feelings have been around for much longer than he thought. Too bad Wei Ying has a crush on a dead ancestor named Lan Wangji.Modern AU where (almost) everyone is reincarnated into bad-ass cultivating spies, but still can’t get life together.",1572787732,18299,1572787732,-1,1572787732,0,1572787732,,2019-11-03T13:28:52.252Z,1572787732,0,1572787732
19148038,RoseusJaeger,1572790619,魔道祖师 - 墨香铜臭 | Módào Zǔshī - Mòxiāng Tóngxiù,1572790619,...,,...,,"From the Sun, Moon, and Stars",1572790619,2019-11-03T14:16:59.093Z,1572790619,2019-08-15T00:00:00.000Z,1572790619,8|?|0,1572790619,"Banished from Lotus Pier in the Feywild of Yunmeng, Wei WuXian is a young Drow elf looking to start a new life as a bard. He's always been good at playing dizi; it shouldn't be hard to find his place in the Material Plane, right? However, he encounters Lan WangJi. The man is a dragonborn paladin from the GusuLan sect, a sect born of a long line of heroes where one's oath means more than their own life. On a quest to prove himself to his clan, Lan WangJi intrigues Wei WuXian. What better way for Wei WuXian to find his way in the world than to aide the dragonborn on his holy quest for his clan and Bahamut, the good dragon god he worships?Of course, it's not that easy. Especially when Lolth, the Drow goddess of spiders, and Tiamat, the evil dragon goddess, are apparently working together to bring chaos to the Material Plane.",1572790619,20217,1572790619,-1,1572790619,0,1572790619,,2019-11-03T14:16:59.076Z,1572790619,0,1572790619
19155169,BeneaththeBrim,1570621956,天官赐福 - 墨香铜臭 | Tiān Guān Cì Fú - Mòxiāng Tóngxiù,1570621956,...,,...,,The Festival of Toppled Phoenixes,1570621956,2019-10-09T11:52:35.701Z,1570621956,2019-06-30T00:00:00.000Z,1570621956,6|6|1,1570621956,"Hua Cheng has an idea for how to remove Xie Lian's shackles.It's gonna require some help from all of Ghost City, as well as an assortment of gods.Posted for Pride Month; here's an excerpt:
  This time, the butterfly transmitted a scene of a bustling street. On the margins, Xie Lian could make out clusters of ghosts and demons pressed against one another, mangled clumps of monstrous limbs and heads. In the center of the street, however, it became harder to discern individual ghosts; it was like the entire population of Ghost City had become a single, churning mass of raw sex. On the periphery, ghost fires of various colors set the seedy street ablaze, while amidst the central mass, rainbow-colored slime coated every slick body. There were some off-beat shrieks and bellows, but for the most part, the mass seemed to emit a tuneless, gibbering hum, rising and falling with the writhing waves of interlocking souls.",1570621956,22575,1570621956,-1,1570621956,0,1570621956,,2019-10-09T11:52:35.666Z,1570621956,0,1570621956
19155982,Holyangelheart,1571534368,天官赐福 - 墨香铜臭 | Tiān Guān Cì Fú - Mòxiāng Tóngxiù,1571534368,...,,...,,Receiving End,1571534368,2019-10-20T01:19:27.968Z,1571534368,2019-06-11T00:00:00.000Z,1571534368,1|1|1,1571534368,Today is Hua Cheng's birthday and his one wish is to be topped by Xie Lian.,1571534368,4805,1571534368,1,1571534368,1,1571534368,,2019-10-20T01:19:27.947Z,1571534368,0,1571534368
19158625,JemTheKingOfSass,1570621792,天官赐福 - 墨香铜臭 | Tiān Guān Cì Fú - Mòxiāng Tóngxiù,1570621792,...,,...,,I'm Here To Give You All Of My Love,1570621792,2019-10-09T11:49:52.131Z,1570621792,2019-06-10T00:00:00.000Z,1570621792,1|1|1,1570621792,"Wiping her suddenly damp hands on the back of her pants, Hua Cheng approaches Xie Lian. She isn’t sure if the pounding in her chest is her traitorous heart or the bass-boosted music, but she’s light-headed as she clears her throat and forces a grin onto her face. Xie Lian smiles up at her, the flash of the dance floor lights playing across her pretty features, her wavy brown hair currently striped with pulsing blues and purples. Hua Cheng’s knees go weak at that expression directed at her. She has to grip the edge of the table before having a hope of hearing anything the other woman says.",1570621792,3224,1570621792,-1,1570621792,0,1570621792,,2019-10-09T11:49:52.099Z,1570621792,0,1570621792
19166197,shinshin_kido,1575139757,"魔道祖师 - 墨香铜臭 | Módào Zǔshī - Mòxiāng Tóngxiù, 魔道祖师 | Módào Zǔshī (Cartoon)",1575139757,...,,...,,In This House,1575139757,2019-11-30T18:49:16.864Z,1575139757,2019-06-27T00:00:00.000Z,1575139757,12|12|1,1575139757,"After getting a prestigious new job fresh out of university, Wei Wuxian moved out because the company's head office is in another city. It was all good, though, because he had managed to rent a good 2-bedroom apartment. Naturally, the landlord and landlady had also looked for another person to rent the property aside from him.Wei Wuxian didn't mind, but he didn't expect for his new roommate to be... Lan Wangji, whom he had not seen since high school graduation about 4 years ago. They now have one month to spend together before their new jobs start. New city, new job, new life, new... love?",1575139757,41330,1575139757,-1,1575139757,0,1575139757,,2019-11-30T18:49:16.845Z,1575139757,0,1575139757
19168585,Less_Ginger,1571836911,魔道祖师 - 墨香铜臭 | Módào Zǔshī - Mòxiāng Tóngxiù,1571836911,...,,...,,Gotta die to come alive,1571836911,2019-10-23T13:21:51.014Z,1571836911,2019-10-15T00:00:00.000Z,1571836911,14|?|0,1571836911,There was nothing the Emperor regreted more than not showing his Empress how much he loved him when he still could.,1571836911,55129,1571836911,-1,1571836911,0,1571836911,,2019-10-23T13:21:50.993Z,1571836911,0,1571836911
19173769,Lianta_chan,1570968493,天官赐福 - 墨香铜臭 | Tiān Guān Cì Fú - Mòxiāng Tóngxiù,1570968493,...,,...,,Worthless,1570968493,2019-10-13T12:08:13.275Z,1570968493,2019-06-11T00:00:00.000Z,1570968493,1|1|1,1570968493,Hua Cheng's worst suffering.,1570968493,1055,1570968493,3,1570968493,1,1570968493,,2019-10-13T12:08:13.248Z,1570968493,0,1570968493
19179841,dynamicsymmetry,1563248377,Dishonored (Video Games),1563248377,...,,...,,All Our Tomorrows,1563248377,2019-07-16T03:39:36.629Z,1563248377,2019-07-07T00:00:00.000Z,1563248377,2|?|0,1563248377,"Sparring with Emily after the Outsider's first meal in Dunwall Tower, Corvo comes to some realizations.",1563248377,3214,1563248377,3,1563248377,,1563248377,,2019-07-16T03:39:36.566Z,1563248377,0,1563248377
19189027,Anonymous,1570621873,"天官赐福 - 墨香铜臭 | Tiān Guān Cì Fú - Mòxiāng Tóngxiù, 魔道祖师 - 墨香铜臭 | Módào Zǔshī - Mòxiāng Tóngxiù",1570621873,...,,...,,untitled,1570621873,2019-10-09T11:51:13.418Z,1570621873,2019-06-12T00:00:00.000Z,1570621873,1|?|0,1570621873,"Xie Lian was once a popular submissive at a well-known club, but all that came to a halt after he parted from his dom on bad terms - disappearing from the scene altogether. After an invitation from the club owner, he comes back only to go investigate another club - where he meets the mysterious club owner - Hua Cheng.",1570621873,2351,1570621873,-1,1570621873,0,1570621873,,2019-10-09T11:51:13.381Z,1570621873,0,1570621873
19206700,CygnusTrash,1570968180,天官赐福 - 墨香铜臭 | Tiān Guān Cì Fú - Mòxiāng Tóngxiù,1570968180,...,,...,,No-Name,1570968180,2019-10-13T12:03:00.289Z,1570968180,2019-06-13T00:00:00.000Z,1570968180,1|1|1,1570968180,What if Xie Lian lost all disregards for his body,1570968180,226,1570968180,1,1570968180,1,1570968180,,2019-10-13T12:03:00.252Z,1570968180,0,1570968180
19218091,JustASadBoy,1570968347,天官赐福 - 墨香铜臭 | Tiān Guān Cì Fú - Mòxiāng Tóngxiù,1570968347,...,,...,,Ch. 190 From Hua Chengs POV,1570968347,2019-10-13T12:05:47.280Z,1570968347,2019-06-14T00:00:00.000Z,1570968347,1|1|1,1570968347,190 was full of knives so of course I wanted to write his pov lolOf course it has spoilers for this chapter if you haven't already read it.,1570968347,1308,1570968347,-1,1570968347,0,1570968347,,2019-10-13T12:05:47.245Z,1570968347,0,1570968347
19242550,firesonic152,1572421710,魔道祖师 - 墨香铜臭 | Módào Zǔshī - Mòxiāng Tóngxiù,1572421710,...,,...,,Of Skin and Scales,1572421710,2019-10-30T07:48:29.750Z,1572421710,2019-06-21T00:00:00.000Z,1572421710,4|4|1,1572421710,"It was a dragon, Lan Zhan thought dizzily.He brought his hand to cup its face and distantly supposed that he should have been frightened at some point during this encounter. But the dragon leaned into his touch, intelligent eyes blinking down at him owlishly, and all he could think was how beautiful it was.(The state of Wei WuXian’s shape never mattered. Human or not, Lan WangJi falls in love.)",1572421710,21271,1572421710,-1,1572421710,0,1572421710,,2019-10-30T07:48:29.721Z,1572421710,0,1572421710
19244647,Sath,1566006709,人渣反派自救系统 - 墨香铜臭 | The Scum Villain's Self-Saving System - Mòxiāng Tóngxiù,1566006709,...,,...,,Three Questions,1566006709,2019-08-17T01:51:50.188Z,1566006710,2019-06-16T00:00:00.000Z,1566006709,1|1|1,1566006710,"Yue Qingyuan keeps having to explain that no, he isn't dual cultivating with Shen Qingqiu.Or is he?",1566006709,1022,1566006709,3,1566006710,1,1566006710,,2019-08-17T01:51:50.140Z,1566006710,0,1566006709
19265359,chokeprildemon,1572813756,魔道祖师 - 墨香铜臭 | Módào Zǔshī - Mòxiāng Tóngxiù,1572813756,...,,...,,A Thousand Chances,1572813756,2019-11-03T20:42:36.342Z,1572813756,2019-09-26T00:00:00.000Z,1572813756,2|?|0,1572813756,"Some say the chance for a soul to be reincarnated is 1 out of 10 billion chances. And said reincarnated soul to forget their memories of their past life. But fate was not letting Xue Yang to have that luxury.
 
'your past pain will be attached to your body as long as your shadow still follows you'",1572813756,5355,1572813756,-1,1572813756,0,1572813756,,2019-11-03T20:42:36.312Z,1572813756,0,1572813756
19288474,gintokitas,1570621506,天官赐福 - 墨香铜臭 | Tiān Guān Cì Fú - Mòxiāng Tóngxiù,1570621506,...,,...,,i like me better when i'm with you,1570621506,2019-10-09T11:45:05.822Z,1570621506,2019-09-02T00:00:00.000Z,1570621506,8|?|0,1570621506,"Xie Lian can't help but think Hua Cheng makes a hell of a first impression. As they gradually begin speaking more, he comes to realize that many things about Hua Cheng are new, but others seem oddly familiar—like a memory tucked away just out of reach. Regardless, Xie Lian is drawn to him in a way that he can't explain to himself or to his best friend, Shi QingXuan. All he knows is that he enjoys Hua Cheng's company and wishes to spend as much time as possible with him. Just to become friends, though. Of course. 
Right?",1570621506,46503,1570621506,-1,1570621506,0,1570621506,,2019-10-09T11:45:05.803Z,1570621506,0,1570621506
19318912,sp00kworm,1561776789,Dishonored (Video Games),1561776789,...,,...,,The Blood of The Outsider,1561776789,2019-06-29T02:53:09.314Z,1561776789,2019-06-22T00:00:00.000Z,1561776789,1|1|1,1561776789,"The first ancient, The Outsider, bestows his gifts upon Corvo Attano in Coldridge prison. Corvo is given the powers to restore his daughter to her throne, but he is faced with two choices. To kill and be a murderer, fulfilling his desire for blood, or to take what he needs and let mercy be his cause.",1561776789,2012,1561776789,-1,1561776789,0,1561776789,,2019-06-29T02:53:09.209Z,1561776789,0,1561776789
19320472,Gotcocomilk,1571999571,魔道祖师 - 墨香铜臭 | Módào Zǔshī - Mòxiāng Tóngxiù,1571999571,...,,...,,What Makes Gods Tremble,1571999571,2019-10-25T10:32:50.907Z,1571999571,2019-10-05T00:00:00.000Z,1571999571,8|?|0,1571999571,"It began with passion, with shared breath and broken moans, with the stretch of skin and the rush of qi. It began with a desperate fuck and a clenched jaw, with lightning bound and trembling. It began with Jiang Cheng's shattered dignity, but it would end with his happiness.",1571999571,35364,1571999571,-1,1571999571,0,1571999571,,2019-10-25T10:32:50.882Z,1571999571,0,1571999571
19321759,Naamah_Beherit,1571999010,天官赐福 - 墨香铜臭 | Tiān Guān Cì Fú - Mòxiāng Tóngxiù,1571999010,...,,...,,The Ghost Holds a Wedding,1571999010,2019-12-25T15:48:50.105Z,1577288930,2019-10-27T00:00:00.000Z,1573443784,9|9|1,1577288930,"San Lang’s fingers ghost down the nape of his neck, reverent and hesitant, leaving a tingling trail that keeps on burning. In slow, long, purposeful strokes, he writes a story of adoration on the canvas of Xie Lian’s skin.

  His hands slow down when he brushes against the bandages wrapped around Xie Lian’s neck. Xie Lian stiffens involuntarily; then those hands come to rest on his shoulders, grounding and comforting. What would it feel like if San Lang were to venture lower, down his back and sides, what if he untied the worn-out silk and let his fingers trace the line of the shackle hidden beneath it, what if—

  Xie Lian takes a deep breath and thinks of the Ethics Sutra.
***Life goes on as Xie Lian settles in Ghost City. For the first time in centuries, he's content. For the first time in centuries, the future is hopeful.(Then why is he feeling so empty?) Russian translation (Ficbook)",1573443784,39205,1577288930,5,1571999010,9,1577288930,,2019-12-25T15:48:49.977Z,1577288930,0,1571999010
19333513,Sath,1566007216,人渣反派自救系统 - 墨香铜臭 | The Scum Villain's Self-Saving System - Mòxiāng Tóngxiù,1566007216,...,,...,,Business Trip,1566007216,2019-08-17T02:00:15.657Z,1566007216,2019-06-23T00:00:00.000Z,1566007216,1|1|1,1566007216,"It had started innocently. Shen Qingqiu missed Luo Binghe’s arms around him every night, and the soft kisses he’d press to Shen Qingqiu’s shoulder every morning. It’s not like he was a sex fiend or something, obsessed with Luo Binghe’s unreasonably huge dick!Except that in no way explained what Shen Qingqiu was currently doing to Luo Binghe's pillow.",1566007216,1894,1566007216,5,1566007216,1,1566007216,,2019-08-17T02:00:15.610Z,1566007216,0,1566007216
19336063,A_Enrenreich,1575139768,Mo Dao Zu Shi,1575139768,...,,...,,La caída del sol,1575139768,2019-11-30T18:49:27.586Z,1575139768,2019-06-23T00:00:00.000Z,1575139768,1|1|1,1575139768,"Wei Ying ha vuelto de la muerte, cobrar venganza contra quien le arrebato la vida no solo a él si no también al inocente que llevaba será lo primero que hará. ""La cabeza de Wen Chan será la siguiente que el filo de mi espada tome"".Esa fue la clara amenaza que el temible Patriarca Yiling dio tras tomar la vida en sus manos del omega de Wen Chao, tal y como su propia vida fue tomada.",1575139768,1061,1575139768,-1,1575139768,0,1575139768,,2019-11-30T18:49:27.573Z,1575139768,0,1575139768
19336513,silversshadow,1572922313,魔道祖师 - 墨香铜臭 | Módào Zǔshī - Mòxiāng Tóngxiù,1572922313,...,,...,,falling like feathers and cherry blossoms,1572922313,2019-11-05T02:51:53.152Z,1572922313,2019-06-24T00:00:00.000Z,1572922313,1|1|1,1572922313,"When Mo XuanYu is sent home in disgrace, the last thing he expects is to find out that he now has a younger brother.
AKA, the one where Wei Ying reincarnates as Mo Ying.",1572922313,10874,1572922313,5,1572922313,1,1572922313,,2019-11-05T02:51:53.114Z,1572922313,0,1572922313
19376596,Cloudy_Day_9,1571624680,天官赐福 - 墨香铜臭 | Tiān Guān Cì Fú - Mòxiāng Tóngxiù,1571624680,...,,...,,Take Me Apart,1571624680,2019-10-21T02:24:40.072Z,1571624680,2019-06-27T00:00:00.000Z,1571624680,1|1|1,1571624680,"Hua Cheng and Xie Lian decide to try something new during their nighttime activities. 
Just some no context, self-indulgent smut.",1571624680,2086,1571624680,3,1571624680,1,1571624680,,2019-10-21T02:24:40.044Z,1571624680,0,1571624680
19401697,MellonLord,1572813130,魔道祖师 - 墨香铜臭 | Módào Zǔshī - Mòxiāng Tóngxiù,1572813130,...,,...,,here's how mo xuanyu can still win,1572813130,2019-11-03T20:32:09.655Z,1572813130,2019-06-29T00:00:00.000Z,1572813130,1|1|1,1572813130,"Mo XuanYu deserves better!! If I have to bs time travel Wei WuXian back from the future to make it happen, then so be it! ""But if he could time travel why would he save Mo XuanYu and not his Shijie,"" ""but if Mo XuanYu lives then won't Wei WuXian have no body,"" that's just tough beans for Wei WuXian! This ain't about him!*It's ten seconds after Mo XuanYu was supposed to die. Instead, he blinks blearily up at the ghost strolling towards him. 'Shit,' he thinks, 'I'm in trouble now.'",1572813130,2822,1572813130,1,1572813130,1,1572813130,,2019-11-03T20:32:09.630Z,1572813130,0,1572813130
19402414,Missy,1566993182,The Adventures of Brisco County Jr.,1565055843,...,,...,,Apple Pie Perfect,1565055843,2019-09-22T21:37:44.280Z,1569188264,2019-06-29T00:00:00.000Z,1565055843,1|1|1,1569188264,"Brisco and Bowler spend a special, romantic afternoon...chasing down villains who have muscled a widow out of her pie shop.",1565055843,1207,1565055843,1,1565055843,1,1569188264,,2019-09-22T21:37:44.183Z,1569188264,0,1565055843
19404262,OngNiel9596,1572871507,魔道祖师 - 墨香铜臭 | Módào Zǔshī - Mòxiāng Tóngxiù,1572871507,...,,...,,Bubble Tea,1572871507,2019-11-04T12:45:06.758Z,1572871507,2019-06-29T00:00:00.000Z,1572871507,1|1|1,1572871507,Wei Wuxian is a bubble tea fanatic.But that was fine. Bubble tea helped him get Lan Wangji after all.,1572871507,4122,1572871507,-1,1572871507,0,1572871507,,2019-11-04T12:45:06.710Z,1572871507,0,1572871507
19413058,thecelestialcow,1572800804,魔道祖师 - 墨香铜臭 | Módào Zǔshī - Mòxiāng Tóngxiù,1572800804,...,,...,,as he pleases,1572800804,2019-11-03T17:06:43.838Z,1572800804,2019-06-30T00:00:00.000Z,1572800804,1|1|1,1572800804,"“I’m not that smart,” Mo Xuanyu says with a laugh. 
Xue Yang lays a hand on his shoulder, pushing him back so that he can climb on top of him, kissing him possessively. 
“No, you’re not,” Xue Yang murmurs. “But you’re still mine.” 
Mo Xuanyu’s body warms at that. It should be frightening, but it only makes Mo Xuanyu feel cared for, especially since he knows Xue Yang isn’t good with words and social niceties. He says what he feels and Mo Xuanyu admires how blunt he is, how he can just say what’s on his mind.",1572800804,4079,1572800804,1,1572800804,1,1572800804,,2019-11-03T17:06:43.812Z,1572800804,0,1572800804
19420699,Sath,1566010305,人渣反派自救系统 - 墨香铜臭 | The Scum Villain's Self-Saving System - Mòxiāng Tóngxiù,1566010305,...,,...,,Reverse Mode,1566010305,2019-08-17T02:51:45.100Z,1566010305,2019-06-30T00:00:00.000Z,1566010305,1|1|1,1566010305,"“You know what gets me hot?” Shen Qingqiu said, immediately cringing at what he’d said. It was the wine! 
Even in the dark, Shen Qingqiu could see that Luo Binghe’s eyes were shining. “What, Shizun?” 
Oh no, Shen Qingqiu couldn’t say it. He was drunk, but not that drunk! As he stared up at Luo Binghe, he realized that he either had to lie and come up with something boring (“Your congee makes me horny,” Shen Qingqiu could say) or tell the truth. Because… he really wanted it right now.",1566010305,2051,1566010305,5,1566010305,1,1566010305,,2019-08-17T02:51:45.068Z,1566010305,0,1566010305
19715242,shenyuan_reallynb,1570967767,天官赐福 - 墨香铜臭 | Tiān Guān Cì Fú - Mòxiāng Tóngxiù,1570967767,...,,...,,【花怜】铜炉山开万鬼躁 （续）,1570967767,2019-10-13T11:56:07.446Z,1570967767,2019-07-07T00:00:00.000Z,1570967767,1|1|1,1570967767,躁动大花×失去记忆的17岁小怜时间线为婚后n久是万鬼躁的后续 一发完结,1570967767,6946,1570967767,-1,1570967767,0,1570967767,,2019-10-13T11:56:07.409Z,1570967767,0,1570967767
19725931,Xiaoyao,1575139577,魔道祖师 - 墨香铜臭 | Módào Zǔshī - Mòxiāng Tóngxiù,1575139577,...,,...,,怀刃,1575139577,2019-11-30T18:46:16.890Z,1575139577,2019-07-22T00:00:00.000Z,1575139577,16|16|1,1575139577,原著向，聂怀桑中心。十年藏锋并敛芒，一朝抽刀试刃光——聂二复仇记全文18W,1575139577,154426,1575139577,-1,1575139577,0,1575139577,,2019-11-30T18:46:16.873Z,1575139577,0,1575139577
19726591,synonemous (sussiekitten),1572422408,"魔道祖师 - 墨香铜臭 | Módào Zǔshī - Mòxiāng Tóngxiù, 魔道祖师 | Módào Zǔshī (Cartoon)",1572422408,...,,...,,you and i,1572422408,2019-10-30T08:00:08.132Z,1572422408,2019-10-27T00:00:00.000Z,1572422408,6|8|0,1572422408,"Outtakes and extra scenes from in every time, every life, every universe; there’s you.Including but not limited to: Mo XuanYu's internal panicking, Lan WangJi's gay panic, and Wei WuXian making an even bigger fool of himself.",1572422408,9911,1572422408,-1,1572422408,0,1572422408,,2019-10-30T08:00:08.102Z,1572422408,0,1572422408
19729027,Merwild,1571375979,天官赐福 - 墨香铜臭 | Tiān Guān Cì Fú - Mòxiāng Tóngxiù,1571375979,...,,...,,Daring Prince Betrays his Vow; Demon King gets Repaid,1571375979,2019-10-18T05:19:39.274Z,1571375979,2019-07-08T00:00:00.000Z,1571375979,1|1|1,1571375979,Xie Lian and Hua Cheng's first time went well... But nothing is easy when you're a 800 year old virgin.,1571375979,7211,1571375979,1,1571375979,1,1571375979,,2019-10-18T05:19:39.226Z,1571375979,0,1571375979
19739968,ClearAutumnVibes,1572790376,"人渣反派自救系统 - 墨香铜臭 | The Scum Villain's Self-Saving System - Mòxiāng Tóngxiù, 魔道祖师 - 墨香铜臭 | Módào Zǔshī - Mòxiāng Tóngxiù",1572790376,...,,...,,Gold Amidst Snow,1572790376,2019-11-03T14:12:55.866Z,1572790376,2019-07-09T00:00:00.000Z,1572790376,1|1|1,1572790376,"Jin Guangyao dies and hopes that the next life is kinder on him. Sadly it was not meant to be when he's reincarnated as Shen Jiu, the slave of the Qiu family. This time, he vows, he'll do better and learn from past mistakes. But when all he sees around him are the ghosts of the past, regrets pile up and even he isn't sure he can keep up that charade. Cue Liu Qingge who finds out about his sordid past life and vows to help the man who saved his life.",1572790376,9769,1572790376,-1,1572790376,0,1572790376,,2019-11-03T14:12:55.829Z,1572790376,0,1572790376
19744105,Ginger_Elle,1575139734,魔道祖师 - 墨香铜臭 | Módào Zǔshī - Mòxiāng Tóngxiù,1575139734,...,,...,,Дурная слава,1575139734,2019-11-30T18:48:54.262Z,1575139734,2019-07-09T00:00:00.000Z,1575139734,1|1|1,1575139734,"В Башне Кои Вэй Ин встречает тех, кто был близко знаком с его телом, когда то ещё принадлежало Мо Сюяньюю. Пытаясь объяснить Лань Ванцзи, что произошло, Вэй Ин объясняет тому кое-что другое.Таймлайн главы 47.",1575139734,4205,1575139734,-1,1575139734,0,1575139734,,2019-11-30T18:48:54.231Z,1575139734,0,1575139734
19751920,gintokitas,1570621847,天官赐福 - 墨香铜臭 | Tiān Guān Cì Fú - Mòxiāng Tóngxiù,1570621847,...,,...,,dearest san lang,1570621847,2019-10-09T11:50:47.359Z,1570621847,2019-07-10T00:00:00.000Z,1570621847,1|1|1,1570621847,"“This is perfectly fine,” Xie Lian whispers to himself as he nervously paces around his room. One hand holds tightly onto a thin package of tights while the other hand is curled into a fist at his side. The packaged tights are black and sheer, conveniently matching Hua Cheng’s general weight and height group. He would love to say he had no idea what possessed him to buy them at the department store earlier, but that would a big ol’ blatant lie.
♡
in which xie lian is big horny thinking about hua cheng wearing tights",1570621847,3779,1570621847,-1,1570621847,0,1570621847,,2019-10-09T11:50:47.335Z,1570621847,0,1570621847
19756339,Anonymous,1565324250,Original Work,1565324250,...,,...,,Conquered,1565324250,2019-08-09T04:17:29.761Z,1565324250,2019-07-11T00:00:00.000Z,1565324250,1|1|1,1565324250,"He had seen forty winters, and he’d led armies into battle during the Reclamations. So yes – he’d seen some things in his time. Perhaps he should have suspected. Perhaps he should have known.
  But fact of the matter is – he didn’t. Not at all. Not until their wedding night and they were alone in the royal bedchamber.
  Not until the blushing virgin bride he’d just taken to wife before God tried to stab him through the heart.",1565324250,1234,1565324250,1,1565324250,1,1565324250,,2019-08-09T04:17:29.707Z,1565324250,0,1565324250
19760062,ninho_emy,1571999294,魔道祖师 - 墨香铜臭 | Módào Zǔshī - Mòxiāng Tóngxiù,1571999294,...,,...,,Marriage of duty,1571999294,2019-10-25T10:28:13.862Z,1571999294,2019-08-04T00:00:00.000Z,1571999294,20|20|1,1571999294,Wei Ying knew what his duty was - to marry in the Gusu Lan Sect. That doesn't mean he will behave like the proper omega everyone expects him to be!,1571999294,33396,1571999294,-1,1571999294,0,1571999294,,2019-10-25T10:28:13.829Z,1571999294,0,1571999294
19762102,Gileonnen,1570920246,天官赐福 - 墨香铜臭 | Tiān Guān Cì Fú - Mòxiāng Tóngxiù,1570920246,...,,...,,The Moon-Edged Roof of Paradise,1570920246,2019-10-12T22:44:06.224Z,1570920246,2019-07-11T00:00:00.000Z,1570920246,1|1|1,1570920246,"Beyond Heaven's walls, Xie Lian finds himself learning to feel at home in the Ghost City--and in Hua Cheng's arms.",1570920246,1444,1570920246,5,1570920246,1,1570920246,,2019-10-12T22:44:06.196Z,1570920246,0,1570920246
19769164,RennieOnIceCream (Hitsugi_Zirkus),1571002673,天官赐福 - 墨香铜臭 | Tiān Guān Cì Fú - Mòxiāng Tóngxiù,1571002673,...,,...,,blessings of a white flower,1571002673,2019-10-13T21:39:50.420Z,1571002790,2019-07-11T00:00:00.000Z,1571002673,1|1|1,1571002790,Hua Cheng smirked. “I don’t know if that’s guaranteed. Gege already made such a mess of me.”“...I can make an even bigger mess of you.”The boldness and promise held in that velvet-sweet voice sent a bolt of anticipation right down Hua Cheng’s spine.---In which Xie Lian's body has some interesting reactions after 800 years of abstinence and Hua Cheng is more than happy to take the edge off for him.,1571002673,7440,1571002673,5,1571002673,1,1571002790,,2019-10-13T21:39:50.225Z,1571002790,0,1571002673
19790650,synonemous (sussiekitten),1574224186,"魔道祖师 - 墨香铜臭 | Módào Zǔshī - Mòxiāng Tóngxiù, 魔道祖师 | Módào Zǔshī (Cartoon)",1574224186,...,,...,,undying,1574224186,2019-11-20T04:29:46.456Z,1574224186,2019-08-08T00:00:00.000Z,1574224186,6|6|1,1574224186,...,1574224186,24512,1574224186,3,1574224186,6,1574224186,,2019-11-20T04:29:46.425Z,1574224186,0,1574224186
19811593,Starishadow,1572617987,魔道祖师 - 墨香铜臭 | Módào Zǔshī - Mòxiāng Tóngxiù,1572617987,...,,...,,A warm welcome,1572617987,2019-11-01T14:19:47.378Z,1572617987,2019-07-15T00:00:00.000Z,1572617987,1|1|1,1572617987,"Frowning, the Sect Leader lowered his arm, letting the tiny paper man get on the palm of his hand, and then bringing it close to his face, carefully looking at it. «A-Yu?», he asked then, in a soft voice, smiling a bit. The tiny paper man seemed to nod at that, jumping a bit in triumph.Huaisang chuckled and shook his head, carefully patting the tiny thing on the head with the tip of his finger:«Didn’t your Sect Leader tell you not to use this dangerous technique until you got better at controlling it?».
After a minor accident during his training as a demonic cultivator, Mo Xuanyu is sent to Qinghe to rest and recover. But, of course, YilingWei Sect disciples have never been famous for easily following orders...",1572617987,3914,1572617987,1,1572617987,1,1572617987,,2019-11-01T14:19:47.339Z,1572617987,0,1572617987
19824856,HawkHusband,1571607916,天官赐福 - 墨香铜臭 | Tiān Guān Cì Fú - Mòxiāng Tóngxiù,1571607916,...,,...,,The Art of Giving ( And Loving ) According To Ghost City's Denizens,1571607916,2019-10-20T21:45:15.889Z,1571607916,2019-07-16T00:00:00.000Z,1571607916,1|1|1,1571607916,Hua Cheng just might be an event coordinator. Or the #1 husband in the world. Your choice!Happy Birthday Dianxia!!!,1571607916,1085,1571607916,1,1571607916,1,1571607916,,2019-10-20T21:45:15.850Z,1571607916,0,1571607916
19842040,Crowkidart,1564140817,Dishonored (Video Games),1564140817,...,,...,,Sail To The Moon,1564140817,2019-07-26T11:33:39.333Z,1564140819,2019-07-20T00:00:00.000Z,1564140817,2|3|0,1564140819,"Months after the events from the first game Corvo goes back to the Hound Pits Pub, drinks a little too much and tries to dance.",1564140817,3380,1564140817,1,1564140819,3,1564140819,,2019-07-26T11:33:39.282Z,1564140819,0,1564140817
19847392,Subtleladybird,1571836940,魔道祖师 - 墨香铜臭 | Módào Zǔshī - Mòxiāng Tóngxiù,1571836940,...,,...,,Lost in Diplomacy,1571836940,2019-10-23T13:22:19.795Z,1571836940,2019-10-18T00:00:00.000Z,1571836940,15|?|0,1571836940,"A spark of conflict was ready to ignite the fire of war, and the shadow of an ambitious dynasty loomed over the world; leaving kingdoms scrambling for allies in preparation for an uncertain future. It was a sparkle that burned the order of their lives, their worlds crumbling around them, leaving them with no escape, taking away any semblance of peace. They were left stranded in a cruel world, their lives dictated by fate and destiny. Their future ordained by uncertainty. Wei Wuxian could only comply and accept his fortune of marrying into the Lan Dynasty as the Empress of the righteous, Lan Wangji. He was prepared for a lonely and dull life, so why was he seeking to capture the attention of the boring and unyielding Jade Emperor?",1571836940,67955,1571836940,-1,1571836940,0,1571836940,,2019-10-23T13:22:19.770Z,1571836940,0,1571836940
19859719,"arahir, Pomyluna",1571696208,魔道祖师 - 墨香铜臭 | Módào Zǔshī - Mòxiāng Tóngxiù,1571696208,...,,...,,to long for something that will not return,1571696208,2019-10-21T22:16:47.776Z,1571696208,2019-07-19T00:00:00.000Z,1571696208,1|1|1,1571696208,"Fatherhood isn't easy. Lan Wangji does his best.

  “It's a song for asking questions.”
  “Oh. Asking who?”
  “...The dead.”
  The boy shuffles back and forth and then reaches out as if he’s going to pluck a string before he pulls back his hand. Lan Wangji holds it out to him in offer and he makes one hesitant note with his little finger before he asks, “Who died?”",1571696208,2409,1571696208,5,1571696208,1,1571696208,,2019-10-21T22:16:47.743Z,1571696208,0,1571696208
19859878,arahir,1571743874,魔道祖师 - 墨香铜臭 | Módào Zǔshī - Mòxiāng Tóngxiù,1571743874,...,,...,,fire and other things you shouldn't trust,1571743874,2019-10-22T11:31:13.640Z,1571743874,2019-07-24T00:00:00.000Z,1571743874,1|1|1,1571743874,"Wei Wuxian is teacher of the year.
  “What are you doing?” Jin Ling asks, against his better judgment.
  “Shortening the fuse,” Wei Wuxian says after a moment, implying both that there is a fuse long enough to be shortened and that this is a thing anyone would want to do.
  “I don’t think that’s—”
  “Jin Ling. Please. He’s an expert.”",1571743874,5840,1571743874,5,1571743874,1,1571743874,,2019-10-22T11:31:13.612Z,1571743874,0,1571743874
19865437,IndigoVoice,1575139648,魔道祖师 - 墨香铜臭 | Módào Zǔshī - Mòxiāng Tóngxiù,1575139648,...,,...,,A break,1575139648,2019-11-30T18:47:28.254Z,1575139648,2019-07-18T00:00:00.000Z,1575139648,1|1|1,1575139648,"Lo único que deseaba era escapar, incluso si era tan solo por un día. De cualquier forma su difunta madre no lloraría ninguna de las ropas que iba a tomar.
""Un respiro, sólo necesito un respiro.",1575139648,313,1575139648,-1,1575139648,0,1575139648,,2019-11-30T18:47:28.231Z,1575139648,0,1575139648
19865569,IndigoVoice,1575139646,魔道祖师 - 墨香铜臭 | Módào Zǔshī - Mòxiāng Tóngxiù,1575139646,...,,...,,Goodbye.,1575139646,2019-11-30T18:47:25.947Z,1575139646,2019-07-18T00:00:00.000Z,1575139646,1|1|1,1575139646,"Aquella fue la última vez que vió a dos de las personas más importantes de su vida. Incluso a veces se preguntaba ""¿Qué pensarían de mi si me vieran ahora?""Entonces comenzaría a reír como un desquiciado mientras las personas  se apartaban como si portara la peste. No era necesario pensar: Demente.",1575139646,603,1575139646,-1,1575139646,0,1575139646,,2019-11-30T18:47:25.915Z,1575139646,0,1575139646
19879426,eniwhere_but_here,1575139629,魔道祖师 - 墨香铜臭 | Módào Zǔshī - Mòxiāng Tóngxiù,1575139629,...,,...,,blight,1575139629,2019-11-30T18:47:09.476Z,1575139629,2019-07-20T00:00:00.000Z,1575139629,1|1|1,1575139629,Mo Xuanyu learns of the Head Shaker's grudge against his brother. He has no hard feelings.,1575139629,100,1575139629,3,1575139629,1,1575139629,,2019-11-30T18:47:09.443Z,1575139629,0,1575139629
19885624,backspacedintooblivion (Evil_and_I_know_it),1575822096,"魔道祖师 - 墨香铜臭 | Módào Zǔshī - Mòxiāng Tóngxiù, 魔道祖师 | Módào Zǔshī (Cartoon)",1575822096,...,,...,,MDZS Drabble Trash Can,1575822096,2019-12-08T16:21:35.712Z,1575822096,2019-12-08T00:00:00.000Z,1575822096,19|?|0,1575822096,"A series of drabbles from the MDZS universe. Tags, summaries and relationships will be updated with every drabble! Most of them will stand alone, but some will have continuations :31.“A-Ying knows A-Than’s house! Mommy confused A-Ying!”“Okay, you brat.” She set Wei Ying down and smoothened his hair. “Be good for gege and I’ll come pick you up at five, okay?”Wei Ying nodded and kissed her on the cheek, before barrelling past Xichen screaming for his A-Than.",1575822096,14098,1575822096,-1,1575822096,0,1575822096,,2019-12-08T16:21:35.702Z,1575822096,0,1575822096
19890529,chiqi,1572784721,魔道祖师 - 墨香铜臭 | Módào Zǔshī - Mòxiāng Tóngxiù,1572784721,...,,...,,and the world was gone,1572784721,2019-11-03T12:38:40.680Z,1572784721,2019-07-21T00:00:00.000Z,1572784721,1|1|1,1572784721,"The sun was shining, made honey glisten. Nie Huaisang wouldn’t cry with Mo Xuanyu—such a sight lived only in dreams. But the glitters were different. There was no joy in his smile, no crinkle met his steady gaze.",1572784721,2370,1572784721,1,1572784721,1,1572784721,,2019-11-03T12:38:40.652Z,1572784721,0,1572784721
19898476,Sath,1566010729,人渣反派自救系统 - 墨香铜臭 | The Scum Villain's Self-Saving System - Mòxiāng Tóngxiù,1566010729,...,,...,,Taking Care,1566010729,2019-08-17T02:58:48.969Z,1566010729,2019-07-21T00:00:00.000Z,1566010729,1|1|1,1566010729,"“You did what?” Yue Qingyuan asked. “It’s what we normally do,” the An Ding Peak disciple replied. “When two people get hit by succubi poison we just… stick them in a room together until they work things out. I’m sorry, but you really shouldn’t be here, even as a head disciple.” “But Liu Qingge and Shen Qingqiu? Do you want one of them to come out dead?”",1566010729,2199,1566010729,1,1566010729,1,1566010729,,2019-08-17T02:58:48.942Z,1566010729,0,1566010729
19951834,tothemovies (jarofactonbell),1572799838,魔道祖师 - 墨香铜臭 | Módào Zǔshī - Mòxiāng Tóngxiù,1572799838,...,,...,,The sufferings of Meng Yao,1572799838,2019-11-03T16:50:38.114Z,1572799838,2019-07-24T00:00:00.000Z,1572799838,1|1|1,1572799838,"How to get through your 20s, in tact - a guide by Meng Yao:1. Don't have a lousy family who insist who ruining your life and hide Important Life Events from you, at any given moment2. Definitely do not have children. Don't take in kids, don't birth kids, don't indefinitely foster kids because you will love them and keep them forever3. Avoid rescuing the collapsed man on the outcrop of a cliff face and definitely close your doors if you do, he'll stay in your house, rip his shirt, cook you food and steal your heart4. Never pine for a short time. You are below that. Pull a six year pining concert gig. Solo your dramatic soliloquies to your brother's Twitter followers( 4.5 - Please don't chase storms in vague recollection of a pair of eyes. You Will Actually Die)5. Deny yourself happiness and nice things because you are a Big Coward6. Put away Jin Guangyao for weekdays and be Meng Yao in your free timeGood luck. You'll need it",1572799838,17345,1572799838,-1,1572799838,0,1572799838,,2019-11-03T16:50:38.093Z,1572799838,0,1572799838
19969546,magnvseffect,1575157370,魔道祖师 - 墨香铜臭 | Módào Zǔshī - Mòxiāng Tóngxiù,1575157370,...,,...,,here we go again,1575157370,2019-11-30T23:42:50.183Z,1575157370,2019-07-25T00:00:00.000Z,1575157370,1|?|0,1575157370,"“So, let me get this straight,” Jin Ling says slowly. “You found the guy you think is your dad, looked up his family's company, read their entire website, made a new email to write to them like you were an actual advertiser for the hotel and now they're having their company holidays here?”When put like that, it certainly sounds more convoluted (and borderline crazy) than Wei Yuan intended it to be. “...Yes?”or, wei yuan's plan to (hopefully) meet his biological father backfires in the best way possible.",1575157370,3703,1575157370,-1,1575157370,0,1575157370,,2019-11-30T23:42:50.165Z,1575157370,0,1575157370
19971172,flwerpath,1572799990,魔道祖师 - 墨香铜臭 | Módào Zǔshī - Mòxiāng Tóngxiù,1572799990,...,,...,,someday the dream will end,1572799990,2019-11-03T16:53:10.383Z,1572799990,2019-10-06T00:00:00.000Z,1572799990,4|?|0,1572799990,"In a world where peace and calm is never sure, Summoner Lan Wangji finally begins his pilgrimage meeting new friends, guardians, and along the way, the ones he once lost.",1572799990,18854,1572799990,-1,1572799990,0,1572799990,,2019-11-03T16:53:10.360Z,1572799990,0,1572799990
19994929,Sath,1566006233,杀破狼 | Sha Po Lang - priest,1566006233,...,,...,,Technicality,1566006233,2019-08-17T01:43:53.040Z,1566006233,2019-08-05T00:00:00.000Z,1566006233,1|1|1,1566006233,Chang Geng looks for loopholes in Chen Qing Xu's medical advice.,1566006233,1563,1566006233,5,1566006233,1,1566006233,,2019-08-17T01:43:53.010Z,1566006233,0,1566006233
20002618,Anonymous,1565349121,Original Work,1565349121,...,,...,,Desert Butterfly,1565349121,2019-08-09T11:12:01.727Z,1565349122,2019-07-27T00:00:00.000Z,1565349121,1|1|1,1565349122,"Perhaps Aqil’s doubts will never fade, but Faris has never let anyone tie down his wings.",1565349121,1508,1565349121,1,1565349122,1,1565349122,,2019-08-09T11:12:01.683Z,1565349122,0,1565349121
20003596,Anonymous,1565387932,Original Work,1565387932,...,,...,,Under A Golden Sky,1565387932,2019-08-09T21:58:52.380Z,1565387932,2019-07-27T00:00:00.000Z,1565387932,1|1|1,1565387932,"Caught on the brink of destruction under the overwhelming force of the invading Eastern Empire, Prince Valerian makes the hard decision to accept a peace treaty instead. That it means he'll now be a hostage married to the man he swore to fight to his last dying breath is only the start of everything he finds offensive about it, but his people come first.
He tells himself that he will never stop hating the man who forced this choice upon him. He tells himself a lot of things, and can only hope that all of them stay true.",1565387932,14864,1565387932,1,1565387932,1,1565387932,,2019-08-09T21:58:52.316Z,1565387932,0,1565387932
20003983,Anonymous,1565425990,Original Work,1565425990,...,,...,,No Ending Now,1565425990,2019-08-10T08:33:10.293Z,1565425990,2019-07-27T00:00:00.000Z,1565425990,1|1|1,1565425990,"When one had known a friend since they were in short pants there was little secrecy in the friendship. Felton and Miles knew everything about one another and were brothers in all but blood. After all the general inquiries had been satisfied Felton drew closer and dropped his voice. “Barrington, I’m not entirely sure how to tell you this, but Ezra Harcourt is in a bad way. He might not make the winter.” 

 
 
  “Thorne, I,” Miles began, but could scarce draw breath. Surely Felton had to be exaggerating or he had gotten the news wrong somehow. “Tell me everything.”
 
Miles Barrington was not going to let Ezra Harcourt put himself into an early grave, even if he has to marry the man.",1565425990,9066,1565425990,1,1565425990,1,1565425990,,2019-08-10T08:33:10.230Z,1565425990,0,1565425990
20004001,Anonymous,1565055110,Sins of the Cities Series - K. J. Charles,1565055110,...,,...,,Cleaning House,1565055110,2019-08-07T12:10:19.995Z,1565179820,2019-07-27T00:00:00.000Z,1565055110,1|1|1,1565179820,"Nathaniel revisits the seance room, after Justin's return from Crowmarsh.",1565055110,1818,1565055110,5,1565055496,1,1565179820,,2019-08-07T12:10:19.669Z,1565179820,0,1565055110
20005024,olddarkmachine,1571696496,天官赐福 - 墨香铜臭 | Tiān Guān Cì Fú - Mòxiāng Tóngxiù,1571696496,...,,...,,Black Ink,1571696496,2019-10-21T22:21:36.323Z,1571696496,2019-07-27T00:00:00.000Z,1571696496,1|1|1,1571696496,"It’s a slow demise as Xie Lian lets his mind track the thoughtful strokes that Hua Cheng leaves on his body, connecting them into imaginary images he tries to find in the gold watching over them. Made by the same hands, he wouldn’t be shocked if he found the same words of devotion etched into the very beams supporting the temple’s walls.Xie Lian had always found something poetic in the way Hua Cheng had built a house for his divinity with the strength of his own worship. Time and time again, he was reminded that there were many more gods with many more temples and followers, but Xie Lian couldn’t help but think that he’d only ever needed the one if it meant that one was Hua Cheng.The wet drag of bristles catching his nipple pulls his from the depths of his thoughts with a gasp.",1571696496,3057,1571696496,-1,1571696496,0,1571696496,,2019-10-21T22:21:36.293Z,1571696496,0,1571696496
20016265,Befallings,1572421626,魔道祖师 - 墨香铜臭 | Módào Zǔshī - Mòxiāng Tóngxiù,1572421626,...,,...,,The Legendary Carp,1572421626,2019-10-30T07:47:06.032Z,1572421626,2019-09-09T00:00:00.000Z,1572421626,9|?|0,1572421626,"Legends has it that the Five Great Clans symbolise the peace and harmony of the material realm. Each governing a Cardinal Direction, their bloodline derived directly from the Heavens, their purpose was to create eternal peace upon the Mortal Realm. But this was not a mission to be completed within a year, or even one lifetime. Gone were the great Celestial Beings that founded the clans, and in their place, descendants who continue to flourish in the Mortal Realm. So in saunters a child, orphaned by Fate, human by blood, who was about to shake the very foundations of the world they live in. For better or for worse, only time could tell.",1572421626,15590,1572421626,-1,1572421626,0,1572421626,,2019-10-30T07:47:06.002Z,1572421626,0,1572421626
20021302,newamsterdam,1572072683,魔道祖师 - 墨香铜臭 | Módào Zǔshī - Mòxiāng Tóngxiù,1572072683,...,,...,,the meaning of the ritual,1572072683,2019-10-26T06:51:23.269Z,1572072683,2019-07-29T00:00:00.000Z,1572072683,1|1|1,1572072683,"“Lan Zhan… wants to bed me?”
  The hand on his chest is shaking, slightly. “Mn.”
  “Oh,” Wei Wuxian breaths out. 
  There’s something— something powerful, about that. Lan Wangji wants to bed him. Lan Wangji wants to sleep with him. Lan Wangji wants to touch him, and kiss him. The immovable, implacable Second Master of Lan, with a face and principles both carved from jade, wants him.
  “Is this a fantasy of yours?” Wei Wuxian asks. “Forcing all the demonic energy out of me with your—” 
  Lan Wangji claps a hand over his mouth. “Silence, now.”
When the entire cultivation world turns against the Yiling Patriarch, Wei Wuxian makes a risky gamble— he'll agree to participate in an ancient ritual for cleansing the spirit, so that his character can no longer be called into question. The catch? He has no idea who his partner for the ritual will be.",1572072683,8241,1572072683,1,1572072683,1,1572072683,,2019-10-26T06:51:23.239Z,1572072683,0,1572072683
20021584,gintokitas,1570879573,天官赐福 - 墨香铜臭 | Tiān Guān Cì Fú - Mòxiāng Tóngxiù,1570879573,...,,...,,mxtx smut prompts,1570879573,2019-10-12T11:26:13.328Z,1570879573,2019-07-29T00:00:00.000Z,1570879573,1|?|0,1570879573,"compiling the mxtx smut prompts i posted about on twitter!
1. xie lian + wet t-shirt",1570879573,1976,1570879573,-1,1570879573,0,1570879573,,2019-10-12T11:26:13.296Z,1570879573,0,1570879573
20031565,"acernor, Sath",1566871949,人渣反派自救系统 - 墨香铜臭 | The Scum Villain's Self-Saving System - Mòxiāng Tóngxiù,1566871949,...,,...,,Tapping the Icebox,1566871949,2019-08-27T02:12:29.455Z,1566871949,2019-07-29T00:00:00.000Z,1566871949,1|1|1,1566871949,"“Sometimes when Luo Binghe and Shen Qingqiu make love-” Shang Qinghua thinks of the right way to phrase it, drawing on his extensive experience- “Shen Qingqiu’s heavenly pillar descends to Luo Binghe’s ravine, if you understand me,” he says, moving his eyebrows in a way that is meant to convey deep meaning.Mobei-Jun does not make an expression of understanding, but he’s watching Shang Qinghua very, very closely.“Shang Qinghua,” he says. “You want to be inside me?”",1566871949,7373,1566871949,5,1566871949,1,1566871949,,2019-08-27T02:12:29.421Z,1566871949,0,1566871949
20043772,Jackson_J,1574224530,魔道祖师 - 墨香铜臭 | Módào Zǔshī - Mòxiāng Tóngxiù,1574224530,...,,...,,Cuarzo cristalino,1574224530,2019-11-20T04:35:30.154Z,1574224530,2019-11-17T00:00:00.000Z,1574224530,17|?|0,1574224530,"Donde el revoltoso Wei Wuxian vive por el dibujo, pintando paisajes de una manera que sólo él es capaz de hacer y retratando la belleza y firmeza de las mujeres en el papel. Sin embargo, un viaje a Yun Shen, la residencia de la secta Gusu Lan, y un fortuito encuentro con un hermoso joven terminará por desbarajustar completamente sus ideales y deseos, creando así una frustración que no sabe cómo controlar.¿Podrán esos sentimientos convertirse en algo más que simple admiración por el rostro inexpresivo pero cautivador del Segundo Jade de Lan?",1574224530,52605,1574224530,-1,1574224530,0,1574224530,,2019-11-20T04:35:30.136Z,1574224530,0,1574224530
20049280,Nom_NomHomo,1572799978,魔道祖师 - 墨香铜臭 | Módào Zǔshī - Mòxiāng Tóngxiù,1572799978,...,,...,,Boy meets Boy,1572799978,2019-11-03T16:52:58.136Z,1572799978,2019-08-12T00:00:00.000Z,1572799978,5|?|0,1572799978,"Jin Zixuan meets a kid, gets a crush and repeatedly meets him. Said boy loves Kirby and signs nonstop.
A kid meets Jin Zixuan, and he just keeps meeting him until they become friends and marry, view the process here.
 
(Gift for Anonymous, whoever they are)",1572799978,2079,1572799978,-1,1572799978,0,1572799978,,2019-11-03T16:52:58.103Z,1572799978,0,1572799978
20059489,lanjingyeets,1571024493,天官赐福 - 墨香铜臭 | Tiān Guān Cì Fú - Mòxiāng Tóngxiù,1571024493,...,,...,,For this fire within,1571024493,2019-10-14T03:41:32.864Z,1571024493,2019-07-31T00:00:00.000Z,1571024493,1|1|1,1571024493,"There’s a God, deep in Paradise Manor.Or so say the rumors, at least.",1571024493,3356,1571024493,3,1571024493,1,1571024493,,2019-10-14T03:41:32.829Z,1571024493,0,1571024493
20068750,Anonymous,1565429593,Original Work,1565429593,...,,...,,Klemmata,1565429593,2019-08-10T09:33:13.049Z,1565429593,2019-08-01T00:00:00.000Z,1565429593,1|1|1,1565429593,"King Melanthios is well aware that Prince Hesperos has other intentions than pure love when he starts courting him, but it's difficult to resist him nonetheless.",1565429593,13959,1565429593,5,1565429593,1,1565429593,,2019-08-10T09:33:12.985Z,1565429593,0,1565429593
20076337,"dornishsphinx, InkSplatterM, MrMissMrsRandom",1572799737,"人渣反派自救系统 - 墨香铜臭 | The Scum Villain's Self-Saving System - Mòxiāng Tóngxiù, 魔道祖师 - 墨香铜臭 | Módào Zǔshī - Mòxiāng Tóngxiù",1572799737,...,,...,,Ensnared,1572799737,2019-11-03T16:48:56.767Z,1572799737,2019-08-26T00:00:00.000Z,1572799737,4|4|1,1572799737,"Collection of one-shots from various Alternate Universes where the real Peak Lord of Qing Jing and an unfavored son of the Lanling Jin Sect end up involved, in one form or another.",1572799737,2917,1572799737,-1,1572799737,0,1572799737,,2019-11-03T16:48:56.751Z,1572799737,0,1572799737
20081860,avenqelic,1572422092,"魔道祖师 - 墨香铜臭 | Módào Zǔshī - Mòxiāng Tóngxiù, 陈情令 | The Untamed (TV)",1572422092,...,,...,,your lipstick on my fingertips,1572422092,2019-10-30T07:54:51.595Z,1572422092,2019-08-02T00:00:00.000Z,1572422092,1|1|1,1572422092,"The other man had the most perfect lips in existence (no, Lan Wangji was not at all biased, it was just a fact), but they somehow looked even more perfect now, reflecting the light with slight shimmers, as if they were wet.  Wei Wuxian likes to wear lipstick. Lan Wangji likes to observe.",1572422092,6612,1572422092,-1,1572422092,0,1572422092,,2019-10-30T07:54:51.577Z,1572422092,0,1572422092
20087098,OngNiel9596,1572871476,魔道祖师 - 墨香铜臭 | Módào Zǔshī - Mòxiāng Tóngxiù,1572871476,...,,...,,The Memories of Another,1572871476,2019-11-04T12:44:36.234Z,1572871476,2019-08-03T00:00:00.000Z,1572871476,1|1|1,1572871476,"Wei Wuxian found himself dreaming of a past that wasn’t his, and one that he had never known.",1572871476,2207,1572871476,3,1572871476,1,1572871476,,2019-11-04T12:44:36.206Z,1572871476,0,1572871476
20094562,Gotcocomilk,1570967512,天官赐福 - 墨香铜臭 | Tiān Guān Cì Fú - Mòxiāng Tóngxiù,1570967512,...,,...,,All Tied Up,1570967512,2019-10-13T11:51:51.682Z,1570967512,2019-08-03T00:00:00.000Z,1570967512,1|1|1,1570967512,"“San Lang, please,” Xie Lian pleaded, feeling a terrible mix of embarrassment and arousal curl in his skin. He was blushing a deep cherry red, he could tell, heat building across his cheeks relentless as the dawn. But he could not look away. Hua Cheng had let himself be bound and laid bare. Here, the great ghost king was at his mercy and in their bed. In the light of the lanterns of Paradise Manor, there was no greater sight.",1570967512,4763,1570967512,3,1570967512,1,1570967512,,2019-10-13T11:51:51.652Z,1570967512,0,1570967512
20100916,Naamah_Beherit,1571834631,天官赐福 - 墨香铜臭 | Tiān Guān Cì Fú - Mòxiāng Tóngxiù,1571834631,...,,...,,A Cracked and Broken Path,1571834631,2019-10-23T12:44:55.246Z,1571834695,2019-08-04T00:00:00.000Z,1571834631,1|1|1,1571834695,"Ling Wen has seen many gods ascend - prodigies and geniuses, those proficient in the blade and those who shape their fate with words. But never a god like him, never like this; never with madness in his eye and blood on his face.There’s a new god in the Heavens and he brings destruction.",1571834631,2365,1571834631,5,1571834631,1,1571834695,,2019-10-23T12:44:55.054Z,1571834695,0,1571834631
20122561,hanacity,1571545490,天官赐福 - 墨香铜臭 | Tiān Guān Cì Fú - Mòxiāng Tóngxiù,1571545490,...,,...,,Secret Murals; Proposal in the Cave of Ten Thousand Gods,1571545490,2019-10-20T04:24:50.793Z,1571545491,2019-08-05T00:00:00.000Z,1571545490,1|1|1,1571545491,"It's been over a year, but Xie Lian still wonders what it was on those murals that Feng Xin and Mu Qing wanted to hide from him so badly. 
Hua Cheng finally gives in and let's him take a look.",1571545490,1493,1571545490,5,1571545491,1,1571545491,,2019-10-20T04:24:50.772Z,1571545491,0,1571545490
20129245,lanjingyeets,1574135046,"魔道祖师 - 墨香铜臭 | Módào Zǔshī - Mòxiāng Tóngxiù, 魔道祖师 | Módào Zǔshī (Cartoon)",1574135046,...,,...,,Taste the wine off your lips,1574135046,2019-11-19T03:44:05.706Z,1574135046,2019-08-06T00:00:00.000Z,1574135046,1|1|1,1574135046,"A light pat lands against his back, and a cup of water is pushed in front of his face. “Not even Zi Shi, and you’re already tipsy?,” asks a teasing voice, while a thin hand puts down the cup.Jiang Cheng coughs a little more, shaking his head, and sends a dirty look at his host. “I am not tipsy.”“Hm, and yet your cheeks are all red. What would your disciples think, if they saw you in this state?”“They’d think about running away while they can. I can break legs more easily than I can drink alcohol.”A smile curves the edges of Nie Huaisang’s mouth, and he closes his fan with a curt jerk, sitting across the table. He’s wearing lighter clothes, Jiang Cheng notices, compared to the ones he had during the Discussion Conference. Where those had been tight and rigid against his body, these now fall softly on him, the large sleeves sweeping delicately as Nie Huaisang moves to pour himself a cup.",1574135046,2352,1574135046,-1,1574135046,0,1574135046,,2019-11-19T03:44:05.685Z,1574135046,0,1574135046
20137963,Joythea,1572421607,魔道祖师 - 墨香铜臭 | Módào Zǔshī - Mòxiāng Tóngxiù,1572421607,...,,...,,as we thread through the seasons《一年四季》,1572421607,2019-10-30T07:46:47.464Z,1572421607,2019-09-09T00:00:00.000Z,1572421607,4|4|1,1572421607,"As a Cloudweaver, work is never-ending. It has been a while since she sewed Wei Wuxian’s forehead ribbon, so Lan Lianyi is not surprised when he arrives at the Cloudweavers’ Abode, eager to discuss potential arrays to put on the Gusu Lan robes. On another day, she also receives a personal request from Hanguang-jun to teach him how to sew. And a stroke of serendipity allows a certain ghost general to get a new set of clothes.Ah, indeed, work is never-ending no matter the season.",1572421607,25667,1572421607,-1,1572421607,0,1572421607,,2019-10-30T07:46:47.447Z,1572421607,0,1572421607
20139943,mercyandmagic,1574104386,魔道祖师 - 墨香铜臭 | Módào Zǔshī - Mòxiāng Tóngxiù,1574104386,...,,...,,The Teenage Girl's Self-Saving System,1574104386,2019-11-18T19:13:06.008Z,1574104386,2019-10-04T00:00:00.000Z,1574104386,20|20|1,1574104386,"When she prayed to Xie Lian not to let her die one fateful night, she certainly didn’t imagining her prayers would be answered...by transmigrating not just into the world of MDZS, but into the body of Wang LingJiao. Now she is guided by a Self-Saving System that requires she save one of the most the most odious characters in the entire MXTX universe.",1574104386,108259,1574104386,-1,1574104386,0,1574104386,,2019-11-18T19:13:05.972Z,1574104386,0,1574104386
20140666,KimoTherapy,1572814880,魔道祖师 - 墨香铜臭 | Módào Zǔshī - Mòxiāng Tóngxiù,1572814880,...,,...,,Sacrifice,1572814880,2019-11-03T21:01:19.591Z,1572814880,2019-08-06T00:00:00.000Z,1572814880,1|1|1,1572814880,"When Jiang Yanli and Jin Zixuan can't have a baby of their own, Wei Wuxian offers to help.",1572814880,2330,1572814880,-1,1572814880,0,1572814880,,2019-11-03T21:01:19.571Z,1572814880,0,1572814880
20142121,RunawayFantasy,1572790588,魔道祖师 - 墨香铜臭 | Módào Zǔshī - Mòxiāng Tóngxiù,1572790588,...,,...,,Beauty Guru Meng Yao and His Apprentices,1572790588,2019-11-03T14:16:27.585Z,1572790588,2019-08-06T00:00:00.000Z,1572790588,1|1|1,1572790588,"After getting a call from a distressed Nie Mingjue, Meng Yao decides to give the little ones a lesson in makeup while babysitting",1572790588,1100,1572790588,-1,1572790588,0,1572790588,,2019-11-03T14:16:27.547Z,1572790588,0,1572790588
20167495,KimoTherapy,1572814877,魔道祖师 - 墨香铜臭 | Módào Zǔshī - Mòxiāng Tóngxiù,1572814877,...,,...,,Unintended,1572814877,2019-11-03T21:01:17.342Z,1572814877,2019-08-08T00:00:00.000Z,1572814877,1|1|1,1572814877,"When Wei Wuxian goes missing, Lan Wangji won't rest until he has answers. Even if those answers lead him to finding Wei Wuxian pregnant and hiding out at Koi Tower.",1572814877,2310,1572814877,-1,1572814877,0,1572814877,,2019-11-03T21:01:17.318Z,1572814877,0,1572814877
20168167,EonaSPN,1572870352,魔道祖师 - 墨香铜臭 | Módào Zǔshī - Mòxiāng Tóngxiù,1572870352,...,,...,,The Hidden Weaver,1572870352,2019-11-04T12:25:51.876Z,1572870352,2019-09-24T00:00:00.000Z,1572870352,3|6|0,1572870352,...,1572870352,6553,1572870352,-1,1572870352,0,1572870352,,2019-11-04T12:25:51.846Z,1572870352,0,1572870352
20171080,Hamliet,1572422293,"魔道祖师 - 墨香铜臭 | Módào Zǔshī - Mòxiāng Tóngxiù, 陈情令 | The Untamed (TV)",1572422293,...,,...,,"Who Looks Inside, Awakes",1572422293,2019-10-30T07:58:12.899Z,1572422293,2019-08-11T00:00:00.000Z,1572422293,4|4|1,1572422293,"Jin GuangYao has spent years hiding one secret. Now, he has two to hide.",1572422293,23767,1572422293,-1,1572422293,0,1572422293,,2019-10-30T07:58:12.860Z,1572422293,0,1572422293
20172949,STsuki,1575139536,魔道祖师 - 墨香铜臭 | Módào Zǔshī - Mòxiāng Tóngxiù,1575139536,...,,...,,Second Changes,1575139536,2019-11-30T18:45:35.508Z,1575139536,2019-08-09T00:00:00.000Z,1575139536,1|?|0,1575139536,"Cuando un pequeño gesto inesperado, hace que las cosas sean diferentes, Jiang Cheng piensa que esta vez la felicidad no le será arrebatada tan fácilmente.----When an unexpected little gesture makes things different, Jiang Cheng thinks that this time happiness will not be so easily taken away.",1575139536,2700,1575139536,-1,1575139536,0,1575139536,,2019-11-30T18:45:35.472Z,1575139536,0,1575139536
20187913,sadisticbottom,1572422405,魔道祖师 - 墨香铜臭 | Módào Zǔshī - Mòxiāng Tóngxiù,1572422405,...,,...,,Happy Little Accident,1572422405,2019-10-30T08:00:04.999Z,1572422405,2019-08-11T00:00:00.000Z,1572422405,4|4|1,1572422405,"What Lan Zhan doesn't know, works in Lan Huan's favour.Aka Wei Ying has amnesia, Lan Huan takes Wei Ying home where he belongs.",1572422405,5200,1572422405,-1,1572422405,0,1572422405,,2019-10-30T08:00:04.958Z,1572422405,0,1572422405
20209441,0_Heta_0,1571999596,魔道祖师 - 墨香铜臭 | Módào Zǔshī - Mòxiāng Tóngxiù,1571999596,...,,...,,The Gods of Love,1571999596,2019-10-25T10:33:16.245Z,1571999596,2019-10-20T00:00:00.000Z,1571999596,11|15|0,1571999596,"Lan XiChen stepped forward, “Greeting mortals! As you can tell by our sudden arrival, we have something major to discuss with you all. I’m sure you have all noticed that, over these past few years, Olympus has been in peril. Since our best efforts have proven futile, we have come to request your assistance in this matter.”Confused silence was the reply he got. After shaking his head, Jiang WanYin stepped forward, “Basically, what he’s saying is ‘Olympus is fucked and you need to fix it.’” Alternatively:It's been almost ten years since the last humans fell in love, and they want to know why.",1571999596,50284,1571999596,-1,1571999596,0,1571999596,,2019-10-25T10:33:16.232Z,1571999596,0,1571999596
20220295,CCitrus,1570967770,"天官赐福 - 墨香铜臭 | Tiān Guān Cì Fú - Mòxiāng Tóngxiù, 花怜 - Fandom",1570967770,...,,...,,[花怜］心跳过度（上）,1570967770,2019-10-13T11:56:09.503Z,1570967770,2019-08-12T00:00:00.000Z,1570967770,1|1|1,1570967770,...,1570967770,4705,1570967770,-1,1570967770,0,1570967770,,2019-10-13T11:56:09.491Z,1570967770,0,1570967770
20222686,lostincostco,1571833477,天官赐福 - 墨香铜臭 | Tiān Guān Cì Fú - Mòxiāng Tóngxiù,1571833477,...,,...,,heartlines,1571833477,2019-10-23T12:24:36.994Z,1571833477,2019-08-12T00:00:00.000Z,1571833477,1|1|1,1571833477,"Xie Lian used to think he was secure as a city protected by a wall of metal and a moat of boiling water, imperturbable in body and mind.Until Hua Cheng.",1571833477,4431,1571833477,1,1571833477,1,1571833477,,2019-10-23T12:24:36.960Z,1571833477,0,1571833477
20234359,ethereal (gaebolg),1571576440,天官赐福 - 墨香铜臭 | Tiān Guān Cì Fú - Mòxiāng Tóngxiù,1571576440,...,,...,,the devil’s kiss,1571576440,2019-10-20T13:00:40.224Z,1571576440,2019-08-13T00:00:00.000Z,1571576440,1|1|1,1571576440,"For certain he’s too close. Xie Lian feels as if he’s in control, but ultimately he’s not. Certainly not with the way his heart and body are in agreement for once, completely set on ruining him.",1571576440,1302,1571576440,5,1571576440,1,1571576440,,2019-10-20T13:00:40.183Z,1571576440,0,1571576440
20234914,KimoTherapy,1572814875,魔道祖师 - 墨香铜臭 | Módào Zǔshī - Mòxiāng Tóngxiù,1572814875,...,,...,,Accord,1572814875,2019-11-03T21:01:15.000Z,1572814875,2019-08-13T00:00:00.000Z,1572814875,1|1|1,1572814875,Three years of playing uncle to Jin Ling leaves Wei Wuxian wanting a child of his own.,1572814875,4499,1572814875,-1,1572814875,0,1572814875,,2019-11-03T21:01:14.967Z,1572814875,0,1572814875
20239570,jiggypuffismysonbaby,1575138679,魔道祖师 - 墨香铜臭 | Módào Zǔshī - Mòxiāng Tóngxiù,1575138679,...,,...,,MODAOZUSHI MINECRAFT,1575138679,2019-11-30T18:31:18.979Z,1575138679,2019-10-05T00:00:00.000Z,1575138679,10|50|0,1575138679,written by depressed_wanyin & hyegguk on instagrammodaozushi but it's Minecraft and creeper aw man discord memein which wei wuxian accidentally falls through a worm hole into an alternative world where everyone is alive aka the modern world but he's actually stuck in Minecraft while everyone else isn'tThere is smut,1575138679,7285,1575138679,-1,1575138679,0,1575138679,,2019-11-30T18:31:18.956Z,1575138679,0,1575138679
20261701,Kuro_Neko4869,1574224844,魔道祖师 - 墨香铜臭 | Módào Zǔshī - Mòxiāng Tóngxiù,1574224844,...,,...,,Cradle (Traducción),1574224844,2019-11-20T04:40:44.395Z,1574224844,2019-11-15T00:00:00.000Z,1574224844,15|?|0,1574224844,"Después de apenas sobrevivir al intento de asesinato en QiongQi Path, Wei WuXian y los remanentes de la Secta Wen son dejados para averiguar como protegerse a si mismos y a sus nuevas vidas. Mientras tanto, los hermanos Jiang y un ileso Jin ZiXuan tratan de averiguar de quien fue la brillante idea de esa estúpida emboscada. En Gusu, Lan WanJi entra en pánico ante la idea de la muerte de Wei WuXian y trata de decidir si insistir en quedarse al lado del Patriarca Yiling o quedarse en los Recesos de la Nube.
Y Wei WuXian lucha con la idea de que convertirse en maestro, enseñar el cultivo demoníaco y establecer su propia secta podría no ser una mala idea después de todo...",1574224844,95321,1574224844,-1,1574224844,0,1574224844,,2019-11-20T04:40:44.369Z,1574224844,0,1574224844
20261824,zacechild,1570621530,天官赐福 - 墨香铜臭 | Tiān Guān Cì Fú - Mòxiāng Tóngxiù,1570621530,...,,...,,Dear Heart,1570621530,2019-10-09T11:45:30.225Z,1570621530,2019-09-01T00:00:00.000Z,1570621530,3|?|0,1570621530,"It's easy for Mu Qing to bury his love for Xie Lian and pretend it's dead. And then Hua Cheng and Xie Lian dig it up for him. (Warning: takes place post-canon, so beware of possible spoilers!)",1570621530,16631,1570621530,-1,1570621530,0,1570621530,,2019-10-09T11:45:30.190Z,1570621530,0,1570621530
20272495,"alluringcookies, Leachy",1570968077,天官赐福 - 墨香铜臭 | Tiān Guān Cì Fú - Mòxiāng Tóngxiù,1570968077,...,,...,,Ragdoll,1570968077,2019-10-13T12:01:17.262Z,1570968077,2019-08-17T00:00:00.000Z,1570968077,1|1|1,1570968077,"Use me as you'd like, gege."" Hua Cheng offers his body to be used like a ragdoll by Xie Lian, who finds it terribly awkward and embarrassing. Nevertheless, if Hua Cheng is willing to do it, then Xie Lian will be willing to try.",1570968077,1391,1570968077,1,1570968077,1,1570968077,,2019-10-13T12:01:17.231Z,1570968077,0,1570968077
20284132,Gotcocomilk,1572053708,魔道祖师 - 墨香铜臭 | Módào Zǔshī - Mòxiāng Tóngxiù,1572053708,...,,...,,"Bind Me, Heal Me, Break Me",1572053708,2019-10-26T01:35:07.949Z,1572053708,2019-08-17T00:00:00.000Z,1572053708,2|2|1,1572053708,"Lan Zhan looked too old, sometimes, staring into the blinding sun of dawn. He looked like he had gone somewhere Wei Wuxian couldn’t follow, beyond the scope of the horizon. Resentful energy swirled black and terrible at that thought, and Wei Wuxian laughed it to shattering pieces. Lan Zhan had stayed, but that didn’t mean he would forever.",1572053708,11684,1572053708,1,1572053708,2,1572053708,,2019-10-26T01:35:07.914Z,1572053708,0,1572053708
20286943,GoldenVendetta,1572814037,魔道祖师 - 墨香铜臭 | Módào Zǔshī - Mòxiāng Tóngxiù,1572814037,...,,...,,Wet,1572814037,2019-11-03T20:47:16.586Z,1572814037,2019-08-17T00:00:00.000Z,1572814037,1|1|1,1572814037,"Jin GuangYao returns a drunken Jin GuangShan back to Koi Tower after yet another night out at the brothels. Cleaning up before bed, the sect leader encounters Mo XuanYu who is more than eager to help.",1572814037,2327,1572814037,-1,1572814037,0,1572814037,,2019-11-03T20:47:16.548Z,1572814037,0,1572814037
20288641,ibreatheakaashi,1572422433,魔道祖师 - 墨香铜臭 | Módào Zǔshī - Mòxiāng Tóngxiù,1572422433,...,,...,,kiss me hard before you go,1572422433,2019-10-30T08:00:33.183Z,1572422433,2019-08-17T00:00:00.000Z,1572422433,1|1|1,1572422433,"They had rules. No, they weren’t rules, but simply suggestions to maneuver their way into their relationship. It wasn’t even a relationship, as Wei Wuxian contemplates their whole dynamic. What were they? There was a word for their peculiar friendship- yes, they were friends, with a few exceptions. Friends don’t kiss or shove their tongues together rather passionately. They don’t hug intimately or fall in love. Wei Wuxian contemplates the true meaning behind ""friends with benefits"" or Five times Lan Wangji leaves and one time he stays",1572422433,6173,1572422433,-1,1572422433,0,1572422433,,2019-10-30T08:00:33.168Z,1572422433,0,1572422433
20308216,Silver_Flame_2724,1575824040,"魔道祖师 - 墨香铜臭 | Módào Zǔshī - Mòxiāng Tóngxiù, 魔道祖师 | Módào Zǔshī (Cartoon)",1575824040,...,,...,,Restart,1575824040,2019-12-08T16:53:59.591Z,1575824040,2019-11-17T00:00:00.000Z,1575824040,26|26|1,1575824040,Wei Wuxian and five other people were given a second chance at life. Will they be able to prevent the past tragedies from occurring again?,1575824040,100189,1575824040,-1,1575824040,0,1575824040,,2019-12-08T16:53:59.555Z,1575824040,0,1575824040
20311834,Einhorn,1570879473,天官赐福 - 墨香铜臭 | Tiān Guān Cì Fú - Mòxiāng Tóngxiù,1570879473,...,,...,,for what you truly are,1570879473,2019-10-12T11:24:32.771Z,1570879473,2019-08-19T00:00:00.000Z,1570879473,1|2|0,1570879473,"The unicorn lived in an autumn wood, and he lived all alone.",1570879473,6532,1570879473,-1,1570879473,0,1570879473,,2019-10-12T11:24:32.729Z,1570879473,0,1570879473
20312848,Shakja,1575139470,魔道祖师 - 墨香铜臭 | Módào Zǔshī - Mòxiāng Tóngxiù,1575139470,...,,...,,Lammas Night,1575139470,2019-11-30T18:44:30.439Z,1575139470,2019-08-19T00:00:00.000Z,1575139470,1|1|1,1575139470,"Mo Xuanyu is an unfortunate person.
Outcast by her coven and family for her lacking powers and unfounded rumors the male born witch finds herself alone in the world. When she is given the chance for a fresh start in a small village she accepts it gladly. But why is there the feeling of being watched since she moved into the abandoned house of the last wizard who died here thirteen years ago?",1575139470,2445,1575139470,-1,1575139470,0,1575139470,,2019-11-30T18:44:30.415Z,1575139470,0,1575139470
20315335,"Kenilvort, MXTXLonghaired",1575139443,"魔道祖师 - 墨香铜臭 | Módào Zǔshī - Mòxiāng Tóngxiù, Grandmaster of Demonic Cultivation",1575139443,...,,...,,Герой своего же романа,1575139443,2019-11-30T18:44:02.731Z,1575139443,2019-08-19T00:00:00.000Z,1575139443,1|1|1,1575139443,"Даже самое запутанное дело об убийстве не столь запутано, как чувства",1575139443,53107,1575139443,-1,1575139443,0,1575139443,,2019-11-30T18:44:02.700Z,1575139443,0,1575139443
20315965,WashedAshore,1572655489,"魔道祖师 - 墨香铜臭 | Módào Zǔshī - Mòxiāng Tóngxiù, 魔道祖师 | Módào Zǔshī (Cartoon)",1572655489,...,,...,,interlude,1572655489,2019-11-02T00:44:48.765Z,1572655489,2019-08-19T00:00:00.000Z,1572655489,1|1|1,1572655489,Huaisang decides to take a day off. Shenanigans ensue.,1572655489,2856,1572655489,1,1572655489,1,1572655489,,2019-11-02T00:44:48.738Z,1572655489,0,1572655489
20318779,ThetenthtenbeingofTen,1572422329,魔道祖师 - 墨香铜臭 | Módào Zǔshī - Mòxiāng Tóngxiù,1572422329,...,,...,,Promise,1572422329,2019-10-30T07:58:48.885Z,1572422329,2019-08-20T00:00:00.000Z,1572422329,1|1|1,1572422329,"Lan Zhan is a teacher at his family’s Music Academy, and one of his new pupils happens to bring him back in touch with one certain person…",1572422329,4063,1572422329,-1,1572422329,0,1572422329,,2019-10-30T07:58:48.857Z,1572422329,0,1572422329
20321932,ThetenthtenbeingofTen,1572787482,魔道祖师 - 墨香铜臭 | Módào Zǔshī - Mòxiāng Tóngxiù,1572787482,...,,...,,Wei-Ge,1572787482,2019-11-03T13:27:46.118Z,1572787666,2019-08-20T00:00:00.000Z,1572787482,1|1|1,1572787666,"A-Yu is fine most of the time, really.He doesn’t cry, doesn’t stutter, doesn’t even think about the things that scare him most of the time.
 
  But sometimes…
 
A look into Wei Ying and Mo Xuanyu's life together.",1572787482,1549,1572787482,-1,1572787666,0,1572787666,,2019-11-03T13:27:46.101Z,1572787666,0,1572787666
20330641,ethereal (gaebolg),1570968751,天官赐福 - 墨香铜臭 | Tiān Guān Cì Fú - Mòxiāng Tóngxiù,1570968751,...,,...,,inappropriate use of coffins,1570968751,2019-10-13T12:12:30.730Z,1570968751,2019-08-20T00:00:00.000Z,1570968751,1|1|1,1570968751,To say the coffin is cramped is certainly an understatement.,1570968751,843,1570968751,5,1570968751,1,1570968751,,2019-10-13T12:12:30.706Z,1570968751,0,1570968751
20331046,ThetenthtenbeingofTen,1572790187,魔道祖师 - 墨香铜臭 | Módào Zǔshī - Mòxiāng Tóngxiù,1572790187,...,,...,,Loyal Friend,1572790187,2019-11-03T14:09:49.206Z,1572790189,2019-08-20T00:00:00.000Z,1572790187,1|1|1,1572790189,"Mo Xuanyu never had friends. He had Yao-Gege, sure... but that went... not good.
Now that even his family has given up on him and shoved him into the next-best clinic he doesn't have high hopes to ever find anyone to truly rely on.
But then... he stumbles across a person who is crying so hard, curled up in a corner. And for some reason this person smiled at him.",1572790187,2758,1572790187,-1,1572790189,0,1572790189,,2019-11-03T14:09:49.186Z,1572790189,0,1572790187
20335783,Anonymous,1574224605,"天官赐福 - 墨香铜臭 | Tiān Guān Cì Fú - Mòxiāng Tóngxiù, 魔道祖师 - 墨香铜臭 | Módào Zǔshī - Mòxiāng Tóngxiù",1574224605,...,,...,,Ashes and Moonlight,1574224605,2019-11-20T04:36:44.722Z,1574224605,2019-11-17T00:00:00.000Z,1574224605,19|?|0,1574224605,"For a long time, what separated gods and demons was defined only by where they went: up or down.",1574224605,107273,1574224605,-1,1574224605,0,1574224605,,2019-11-20T04:36:44.696Z,1574224605,0,1574224605
20336299,SilverWingedPhoenix,1570622311,天官赐福 - 墨香铜臭 | Tiān Guān Cì Fú - Mòxiāng Tóngxiù,1570622311,...,,...,,Festival In The Ghost City,1570622311,2019-10-09T11:58:30.918Z,1570622311,2019-08-21T00:00:00.000Z,1570622311,1|2|0,1570622311,One day there was a festival happening at the ghost city. It was the lantern festival.,1570622311,6452,1570622311,-1,1570622311,0,1570622311,,2019-10-09T11:58:30.881Z,1570622311,0,1570622311
20338426,Luka_Crosszeria,1575139096,魔道祖师 - 墨香铜臭 | Módào Zǔshī - Mòxiāng Tóngxiù,1575139096,...,,...,,La esposa es primero.,1575139096,2019-11-30T18:38:16.425Z,1575139096,2019-09-30T00:00:00.000Z,1575139096,3|?|0,1575139096,"¿Renacer un año antes de que el apocalipsis comience?¡Eso es genial! Dado que lo último que recuerdas es tu espantosa y trágica muerte. ¿Qué es lo que usualmente harías en esta situación? ¡Obviamente prepararte para el comienzo del apocalipsis! ¿No?¿Vaciar el supermercado local y los pequeños negocios, acaparando toda la comida y agua que puedas? ¿Buscar un refugio cerca de las zonas que, más tarde, serían inaccesibles por su alta seguridad? ¿Alertar a todo mundo? ¿Mantener a salvo a tus padres adoptivos, de los cuales, perdiste todo rastro en los últimos cinco años en el apocalipsis? ¡Por supuesto, NO!Lan Yuan: ""¡La esposa es primero! ¡Deprisa, encuentrala!""La adorable esposa que no sabía nada; Lan Jingyi: ""...",1575139096,4893,1575139096,-1,1575139096,0,1575139096,,2019-11-30T18:38:16.409Z,1575139096,0,1575139096
20341714,IceBreeze,1570967589,天官赐福 - 墨香铜臭 | Tiān Guān Cì Fú - Mòxiāng Tóngxiù,1570967589,...,,...,,Maybe the real friendship was the fierce corpses we made along the way.,1570967589,2019-10-13T11:53:08.784Z,1570967589,2019-08-21T00:00:00.000Z,1570967589,1|1|1,1570967589,"“No! No, you don’t get to walk away from me anymore,” Shi Qingxuan said, and in that moment she looked more like Shi WuDu than she ever has. She looks like the brother she so adored, the one she would have chosen over anything (over the world, over He Xuan, over herself even), and He Xuan wishes she could hate her like she did Shi WuDu. It would be so much easier, then- would allow her to move on without every step feeling like it was through water, able to hold her head high and heart cold without the steady drip, drip, drip of longing filling every waking moment.
  (It would be so much easier if she was as much of a demon as everyone believed her to be, the Yiling patriarch more than just a name she never wanted).
He Xuan disappeared after the burning of Lotus Pier and returned different. Shi Qingxuan wants to know why. Shi Wu Du is still Shi Wu Dead.(An MDZS AU where He Xuan is Wei Wuxian but not, Shi Qingxuan is Lan Wangji but also kind of Jiang Cheng, and both are lesbians).Beafleaf week day 6: Love/hate",1570967589,5751,1570967589,-1,1570967589,0,1570967589,,2019-10-13T11:53:08.757Z,1570967589,0,1570967589
20346865,ServerGoneError,1572814017,魔道祖师 - 墨香铜臭 | Módào Zǔshī - Mòxiāng Tóngxiù,1572814017,...,,...,,THE WEAVER'S FATE,1572814017,2019-11-03T20:46:56.889Z,1572814017,2019-10-11T00:00:00.000Z,1572814017,2|2|1,1572814017,Basically Jiang Cheng is secretly weaver and god immortal knowing the fate ever since he was born and child. Let say he knows.,1572814017,5169,1572814017,-1,1572814017,0,1572814017,,2019-11-03T20:46:56.855Z,1572814017,0,1572814017
20350177,Verse,1572813868,魔道祖师 - 墨香铜臭 | Módào Zǔshī - Mòxiāng Tóngxiù,1572813868,...,,...,,"Scanf (""%s"", &action)",1572813868,2019-11-03T20:44:28.018Z,1572813868,2019-11-01T00:00:00.000Z,1572813868,14|?|0,1572813868,"You know how it goes: people are born, live, die. Then they're born again, live again, die again. Over and over, again and again.... Usually.Sometimes, it goes... wrong.Ah, but please, ignore this old one's rambling. Select your player. Select an action. I'll try to keep you alive from here.",1572813868,22071,1572813868,-1,1572813868,0,1572813868,,2019-11-03T20:44:27.956Z,1572813868,0,1572813868
20353954,Bakaizer,1572790444,魔道祖师 - 墨香铜臭 | Módào Zǔshī - Mòxiāng Tóngxiù,1572790444,...,,...,,just like a lighthouse in the storm.,1572790444,2019-11-03T14:14:04.379Z,1572790444,2019-09-12T00:00:00.000Z,1572790444,3|?|0,1572790444,"Lan Xichen used to see him all the time. Jiang Cheng was his family and became part of his life so when he disappeard overnight, Xichen couldn't help but feel lost. In the end, life kept going but he never really forgot the boy he used to watch over. Until one day, he is given an opportunity to reconnect with him only to be met by a cold stranger. Only this time, Xichen won't let them grow apart and will do everything to get the answers he deserves.",1572790444,6385,1572790444,-1,1572790444,0,1572790444,,2019-11-03T14:14:04.341Z,1572790444,0,1572790444
20360782,ThetenthtenbeingofTen,1572422369,魔道祖师 - 墨香铜臭 | Módào Zǔshī - Mòxiāng Tóngxiù,1572422369,...,,...,,Dark Nights,1572422369,2019-10-30T07:59:29.447Z,1572422369,2019-08-25T00:00:00.000Z,1572422369,2|2|1,1572422369,Lan Zhan asks Wei Ying to babysit Lan Yuan...,1572422369,7500,1572422369,-1,1572422369,0,1572422369,,2019-10-30T07:59:29.408Z,1572422369,0,1572422369
20380948,chocolatebun,1571649469,天官赐福 - 墨香铜臭 | Tiān Guān Cì Fú - Mòxiāng Tóngxiù,1571649469,...,,...,,Spoilt Rotten,1571649469,2019-10-21T09:17:48.625Z,1571649469,2019-08-25T00:00:00.000Z,1571649469,1|1|1,1571649469,"“San Lang…” Xie Lian whispers, the whimper barely audible, his voice long gone hoarse.“What does Gege want?” Hua Cheng sighs by his ear, hot breath and heady tone making Xie Lian’s head spin uselessly as he grasps for words, voicelessly pleading for Hua Cheng to give him release. He’s so close, and yet every time when he’s just about to reach, Hua Cheng’s touch leaves him stuttering on the edge.Anyone could walk in and see Xie Lian like this, one of the ghosts who served as Hua Cheng’s subordinates or the blushing maids of Paradise Manor, to see the former proud crown prince, the strongest martial god renowned throughout the three realms in such a shameless position.",1571649469,2776,1571649469,1,1571649469,1,1571649469,,2019-10-21T09:17:48.592Z,1571649469,0,1571649469
20405932,Hamliet,1574134143,"人渣反派自救系统 - 墨香铜臭 | The Scum Villain's Self-Saving System - Mòxiāng Tóngxiù, 魔道祖师 - 墨香铜臭 | Módào Zǔshī - Mòxiāng Tóngxiù, 天官赐福 - 墨香铜臭 | Tiān Guān Cì Fú - Mòxiāng Tóngxiù, 陈情令 | The Untamed (TV)",1574134143,...,,...,,Heaven's Grandmaster of Self-Saving,1574134143,2019-11-19T03:29:03.146Z,1574134143,2019-11-11T00:00:00.000Z,1574134143,34|34|1,1574134143,"You cannot outrun time or your sins. Not now, or ever. No matter what, you will always end up back in this place.""Jin GuangYao is dead, throat crushed by the brother he killed and the weight of his lies. But when a fallen god seeking redemption himself persuades a hopelessly lost mortal to free his soul from the casket, Jin GuangYao is given one last chance: travel back, relive it all, and change the fates of three worlds. Or, Jun Wu tasks Jin GuangYao with the task of redeeming himself, Shen Jiu, and Jun Wu.",1574134143,156768,1574134143,-1,1574134143,0,1574134143,,2019-11-19T03:29:03.134Z,1574134143,0,1574134143
20407954,MrMissMrsRandom,1572813623,魔道祖师 - 墨香铜臭 | Módào Zǔshī - Mòxiāng Tóngxiù,1572813623,...,,...,,A Touch of Lightness,1572813623,2019-11-03T20:40:22.612Z,1572813623,2019-08-27T00:00:00.000Z,1572813623,1|1|1,1572813623,"Mo Xuanyu almost convinced himself that a solitary life may be his lot, but friendship always comes from the oddest circumstances.",1572813623,2425,1572813623,-1,1572813623,0,1572813623,,2019-11-03T20:40:22.581Z,1572813623,0,1572813623
20409166,GirlApart5,1570796218,天官赐福 - 墨香铜臭 | Tiān Guān Cì Fú - Mòxiāng Tóngxiù,1570796218,...,,...,,Ever After,1570796218,2019-10-11T12:16:58.459Z,1570796218,2019-08-27T00:00:00.000Z,1570796218,1|1|1,1570796218,"Xie Lian did a lot of thinking, and came to a decision faster than one would expect of someone who had spent 800 years celibate without regret. But when he thought about it, the decision was easy. After all, he wasn't breaking his vow for just anyone. He was breaking it for the man who loved all of him.",1570796218,8315,1570796218,3,1570796218,1,1570796218,,2019-10-11T12:16:58.413Z,1570796218,0,1570796218
20415127,RoseusJaeger,1571999371,魔道祖师 - 墨香铜臭 | Módào Zǔshī - Mòxiāng Tóngxiù,1571999371,...,,...,,"Pearls, Shark Teeth, and Other Baubles",1571999371,2019-10-25T10:29:31.275Z,1571999371,2019-10-21T00:00:00.000Z,1571999371,9|?|0,1571999371,"Sirens believe in soulmates; they find compatible mates through song and often mate for life.  Alphas are naturally deaf and can only hear the song of their Omega soulmate, with those being unable to produce offspring or are uninterested in mating being considered Betas. Wei WuXian is an Omega of breeding age out to find a mate. With many Alphas trying to court him, he considers it a fun game to see who can bring him the best gifts. None of them hear his singing voice so they have no chance of winning him over. He wants a mate who won't tie him down to pod life.At least, he believes that until he meets Lan WangJi, a wandering Alpha who seems more interested in his company than actually mating with him.",1571999371,25979,1571999371,-1,1571999371,0,1571999371,,2019-10-25T10:29:31.256Z,1571999371,0,1571999371
20420840,havisham,1570675260,Original Work,1570675260,...,,...,,Forever Young,1570675260,2019-12-29T10:36:16.262Z,1577615776,2019-12-19T00:00:00.000Z,1576811115,6|8|0,1577615776,"Neil meets a long-lost relative, Samuel provides invaluable assistance and Delaney finally admits his feelings -- to the disinterest of all involved.",1577614320,32374,1576811115,5,1570675260,8,1577615776,,2019-12-29T10:36:16.129Z,1577615776,0,1570675260
20426315,CCitrus,1570967782,天官赐福 - 墨香铜臭 | Tiān Guān Cì Fú - Mòxiāng Tóngxiù,1570967782,...,,...,,心跳过度（下）,1570967782,2019-10-13T11:56:21.782Z,1570967782,2019-08-28T00:00:00.000Z,1570967782,1|1|1,1570967782,...,1570967782,9809,1570967782,-1,1570967782,0,1570967782,,2019-10-13T11:56:21.751Z,1570967782,0,1570967782
20451359,ThetenthtenbeingofTen,1572787674,魔道祖师 - 墨香铜臭 | Módào Zǔshī - Mòxiāng Tóngxiù,1572787674,...,,...,,The Heart of Lan-Er-Gege,1572787674,2019-11-03T13:27:53.695Z,1572787674,2019-08-30T00:00:00.000Z,1572787674,1|1|1,1572787674,"Wei Ying and Mo Xuanyu were only supposed to stay until Friday. Okay, Saturday.
Okay, Sunday.
 
Fine. Just stay forever.",1572787674,6762,1572787674,-1,1572787674,0,1572787674,,2019-11-03T13:27:53.678Z,1572787674,0,1572787674
20490308,atomicmuffin,1570799658,天官赐福 - 墨香铜臭 | Tiān Guān Cì Fú - Mòxiāng Tóngxiù,1570799658,...,,...,,let your dreams be dreams,1570799658,2019-10-11T13:14:18.449Z,1570799658,2019-09-24T00:00:00.000Z,1570799658,7|8|0,1570799658,...,1570799658,38909,1570799658,1,1570799658,8,1570799658,,2019-10-11T13:14:18.404Z,1570799658,0,1570799658
20496242,Dayan,1574225169,"魔道祖师 - 墨香铜臭 | Módào Zǔshī - Mòxiāng Tóngxiù, 魔道祖师 | Módào Zǔshī (Cartoon)",1574225169,...,,...,,Sacrificio,1574225169,2019-11-20T04:46:09.118Z,1574225169,2019-11-11T00:00:00.000Z,1574225169,10|?|0,1574225169,"Cuando los cielos se abrieron, la tierra se quebró, alzando océanos y quebrantando almas, nació la segunda naturaleza que equilibraría el mundo, con ello, arrastrando a Wei Wuxian en el trayecto. Jiang Fengmian lo sabía. 
Lo sabía con tanta certeza así como sabe que desea ser cómo él.
Advertencias dentro.",1574225169,46029,1574225169,-1,1574225169,0,1574225169,,2019-11-20T04:46:09.081Z,1574225169,0,1574225169
20504732,mici_micelle,1571025731,天官赐福 - 墨香铜臭 | Tiān Guān Cì Fú - Mòxiāng Tóngxiù,1571025731,...,,...,,Offering to the Demon,1571025731,2019-10-14T04:02:11.046Z,1571025731,2019-09-03T00:00:00.000Z,1571025731,1|1|1,1571025731,"Are you really not afraid of what I can do to you?"" Xie Lian became one of the Four Great Calamities, promising revenge to those who had wronged him while Hua Cheng ascended to stand among the gods he despised so much. Xie Lian, fueled by revenge, turned the mortal realm inside out and if it wasn't for Jun Wu, Xie Lian would've continued until the gods themselves would directly feel his wrath. By the skin of his teeth, or maybe with someone’s help, Xie Lian escaped and from then on was never heard of again. After that though, Hua Cheng also vanished, until more than a decade later Heaven heard his voice once again.",1571025731,3254,1571025731,3,1571025731,1,1571025731,,2019-10-14T04:02:11.008Z,1571025731,0,1571025731
20506790,lanjingyeets,1570921010,天官赐福 - 墨香铜臭 | Tiān Guān Cì Fú - Mòxiāng Tóngxiù,1570921010,...,,...,,"Love me, cherish me (and never let me go)",1570921010,2019-10-12T22:56:49.677Z,1570921010,2019-09-03T00:00:00.000Z,1570921010,1|1|1,1570921010,"Sand warmed quickly under his naked feet, water a fresh caress against his calves. The small waves kissed at the hem of his trousers, seeping through the delicate silk and making it heavier, enough to be noticed but not enough to make it hard to move around.Hua Cheng watched as another wave approached, bigger this time; it hit his knees and almost made him stumble, his heel sinking in the wet sand and arms opening wide.The wind blew up his shirt as he breathed, in, out, in, out.The sea breathed with him",1570921010,2342,1570921010,1,1570921010,1,1570921010,,2019-10-12T22:56:49.635Z,1570921010,0,1570921010
20508707,Iamtheuwunow,1572787769,"陈情令 | The Untamed (TV), 魔道祖师 - 墨香铜臭 | Módào Zǔshī - Mòxiāng Tóngxiù, 魔道祖师 | Módào Zǔshī (Cartoon)",1572787769,...,,...,,"My heart belonged to you, long before I met you.",1572787769,2019-11-03T13:29:29.413Z,1572787769,2019-10-28T00:00:00.000Z,1572787769,3|?|0,1572787769,"When souls bond to one another, it's a connection which starts by destiny but once it's awakened nothing will ever be the same. With hearts beating in the same rhythm and minds that strangely have meddled into one, confusion but new-found fondness and passion grows. Soulmates are rare and powerful in the world of cultivators. When trained and acquainted well, they can rise to heights no other cultivator ever dared to reach for. 
When the day comes that a thunderstorm roars louder than any beast that ever stepped into this world, an unknown force rushes through them at the mere contact of their blades clashing. But neither Lan Wangji nor Wei Wuxian would have thought that once their skin touches, their world would turn upside down. 
The always controlled ice-cold pride of the Lan Sect, one part of the Jade Twins Lan Wangji and the wild, free-spirited and sometimes utter shameless Wei Wuxian turn out to be just exactly what each other needed.",1572787769,7879,1572787769,-1,1572787769,0,1572787769,,2019-11-03T13:29:29.403Z,1572787769,0,1572787769
20536247,kaijuerotica,1570622020,天官赐福 - 墨香铜臭 | Tiān Guān Cì Fú - Mòxiāng Tóngxiù,1570622020,...,,...,,sweet taste,1570622020,2019-10-09T11:53:40.445Z,1570622020,2019-09-05T00:00:00.000Z,1570622020,1|1|1,1570622020,"Xie Lian realizes too late just how much he's attracted to Shi QingXuan.Luckily for the two of them, their husbands are very understanding.",1570622020,5183,1570622020,-1,1570622020,0,1570622020,,2019-10-09T11:53:40.402Z,1570622020,0,1570622020
20538308,helahound,1572814189,魔道祖师 - 墨香铜臭 | Módào Zǔshī - Mòxiāng Tóngxiù,1572814189,...,,...,,ships that pass in the night,1572814189,2019-11-03T20:49:49.298Z,1572814189,2019-09-07T00:00:00.000Z,1572814189,3|?|0,1572814189,A collection of MDZS ficlets and AU ideas.,1572814189,1208,1572814189,-1,1572814189,0,1572814189,,2019-11-03T20:49:49.281Z,1572814189,0,1572814189
20539202,sophie_jenkins,1575139335,魔道祖师 - 墨香铜臭 | Módào Zǔshī - Mòxiāng Tóngxiù,1575139335,...,,...,,Он не вернется,1575139335,2019-11-30T18:42:14.851Z,1575139335,2019-09-06T00:00:00.000Z,1575139335,1|1|1,1575139335,"Правдивая история о возвращении Старейшины, рассказанная непосредственным участником.",1575139335,931,1575139335,-1,1575139335,0,1575139335,,2019-11-30T18:42:14.827Z,1575139335,0,1575139335
20562239,Okiray,1570967723,天官赐福 - 墨香铜臭 | Tiān Guān Cì Fú - Mòxiāng Tóngxiù,1570967723,...,,...,,C.C.Lemon,1570967723,2019-10-13T11:55:22.835Z,1570967723,2019-09-08T00:00:00.000Z,1570967723,1|1|1,1570967723,谢怜有点不高兴,1570967723,8050,1570967723,-1,1570967723,0,1570967723,,2019-10-13T11:55:22.786Z,1570967723,0,1570967723
20569760,zacechild,1570621825,天官赐福 - 墨香铜臭 | Tiān Guān Cì Fú - Mòxiāng Tóngxiù,1570621825,...,,...,,My Darling Desire,1570621825,2019-10-09T11:50:24.566Z,1570621825,2019-09-08T00:00:00.000Z,1570621825,1|1|1,1570621825,"Xie Lian considers himself to be fairly old-fashioned. So when his boyfriend Hua Cheng asks to see his ""sword,"" he goes to Shi Qing Xuan for help.""Help"" involves shopping for thigh high stockings.",1570621825,8419,1570621825,-1,1570621825,0,1570621825,,2019-10-09T11:50:24.539Z,1570621825,0,1570621825
20570282,Dayan,1575139163,"魔道祖师 - 墨香铜臭 | Módào Zǔshī - Mòxiāng Tóngxiù, 魔道祖师 | Módào Zǔshī (Cartoon)",1575139163,...,,...,,Iridiscente,1575139163,2019-11-30T18:39:22.653Z,1575139163,2019-09-15T00:00:00.000Z,1575139163,3|?|0,1575139163,"Meng Yao es un chico a punto de cumplir dieciocho años, pronto postulará para una prestigiosa universidad con el ahorro de todos los años que estuvo trabajando. Ahí conocerá amigos, hermanos, y mucho sufrimiento que deberá pagar debido a causas que sucedieron antes de su nacimiento.",1575139163,4068,1575139163,-1,1575139163,0,1575139163,,2019-11-30T18:39:22.633Z,1575139163,0,1575139163
20572055,chocolatebun,1570621577,天官赐福 - 墨香铜臭 | Tiān Guān Cì Fú - Mòxiāng Tóngxiù,1570621577,...,,...,,together,1570621577,2019-10-09T11:46:17.009Z,1570621577,2019-09-09T00:00:00.000Z,1570621577,1|1|1,1570621577,"In the myriad of silk blankets and pillows he’s woven around to fortify himself, tucked securely away from prying eyes with crimson brocade curtains cloaking their canopy bed, Xie Lian stirs.",1570621577,3109,1570621577,-1,1570621577,0,1570621577,,2019-10-09T11:46:16.972Z,1570621577,0,1570621577
20573801,putsch,1575139294,"魔道祖师 - 墨香铜臭 | Módào Zǔshī - Mòxiāng Tóngxiù, 魔道祖师 | Módào Zǔshī (Cartoon)",1575139294,...,,...,,willing to work for this (just show me where to dig),1575139294,2019-11-30T18:41:33.913Z,1575139294,2019-09-09T00:00:00.000Z,1575139294,1|1|1,1575139294,"Nie Huaisang leans over, and ugh, there's his most annoying smirk. ""Did you meet somebody?""Unbidden, Lan Huan's smile, his easy going nature, the way he said Nie Mingjue's name all come to mind. It makes him stop for a second - they didn't even speak for that long, and parted ways with nothing special between them. It wasn't an average meeting, but Nie Mingjue is sure it wouldn't warrant him being in a better mood than normal.( a college professors living, working, and getting together in nyc au )",1575139294,39406,1575139294,-1,1575139294,0,1575139294,,2019-11-30T18:41:33.881Z,1575139294,0,1575139294
20578586,hypermoyashi,1570879418,天官赐福 - 墨香铜臭 | Tiān Guān Cì Fú - Mòxiāng Tóngxiù,1570879418,...,,...,,Red and White,1570879418,2019-10-12T11:23:38.338Z,1570879418,2019-09-09T00:00:00.000Z,1570879418,1|1|1,1570879418,"His world was four painfully white walls.This had been true for most of his living memory, the world proven cold and uncaring as he was used as little more than a blood sack. That is, until a shining figure in white descended and broke his cage.",1570879418,3915,1570879418,-1,1570879418,0,1570879418,,2019-10-12T11:23:38.304Z,1570879418,0,1570879418
20583854,ethereal (gaebolg),1570974496,天官赐福 - 墨香铜臭 | Tiān Guān Cì Fú - Mòxiāng Tóngxiù,1570974496,...,,...,,endlessly,1570974496,2019-10-13T13:48:16.058Z,1570974496,2019-09-09T00:00:00.000Z,1570974496,1|1|1,1570974496,I want to worship you forever.,1570974496,3127,1570974496,1,1570974496,1,1570974496,,2019-10-13T13:48:16.031Z,1570974496,0,1570974496
20585492,persicae,1571124615,天官赐福 - 墨香铜臭 | Tiān Guān Cì Fú - Mòxiāng Tóngxiù,1571124615,...,,...,,a little bit lost (without you),1571124615,2019-10-15T07:30:16.349Z,1571124616,2019-09-10T00:00:00.000Z,1571124615,1|1|1,1571124616,"When Xie Lian is hurt, Hua Cheng keeps his hands to himself in penance. Xie Lian, however, insists on finding a resolution. After all - only a god should punish their most beloved worshipper.",1571124615,4322,1571124615,5,1571124616,1,1571124616,,2019-10-15T07:30:16.333Z,1571124616,0,1571124615
20593805,LadyCroft_Undead19,1571766593,魔道祖师 - 墨香铜臭 | Módào Zǔshī - Mòxiāng Tóngxiù,1571766593,...,,...,,A Game for the Fool,1571766593,2019-10-22T17:49:52.860Z,1571766593,2019-10-22T00:00:00.000Z,1571766593,58|?|0,1571766593,"How do you want to be remembered?Obviously one will always want to be remembered as a good person, someone great whose virtues outweigh the flaws, of course they'd want to be remembered as someone who did something in life, who accomplished something with the time they were given, someone others could be proud of, or remember fondly of, years down the road.Everyone always wants to be remembered when they were at their best and not at their lowest.
I like to believe I was a good person, funny and smart and kind, someone who proved to be a good role model for future generations.I died content.I wonder why, then, did I find myself in such a peculiar situation?
""Quest: Grandmaster of Demonic Cultivation""""Will you accept this Quest?""[YES] [NO]",1571766593,163860,1571766593,-1,1571766593,0,1571766593,,2019-10-22T17:49:52.843Z,1571766593,0,1571766593
20598215,silvercistern,1570572697,天官赐福 - 墨香铜臭 | Tiān Guān Cì Fú - Mòxiāng Tóngxiù,1570572697,...,,...,,perfected by trial,1570572697,2019-10-08T22:11:36.690Z,1570572697,2019-09-11T00:00:00.000Z,1570572697,1|1|1,1570572697,"Hua Cheng has wanted Dianxia for so long he doesn’t know how to survive knowing that Dianxia is his at long last. Worse still, Dianxia doesn’t seem to have any interest in consummating their relationship, leaving Hua Cheng in the midst of his greatest trial yet: keeping his lust from consuming them whole.
But a gem cannot be polished without friction, nor a man perfected without trials - and after everything, Hua Cheng will not let this trial be the one that defeats him.",1570572697,8553,1570572697,5,1570572697,1,1570572697,,2019-10-08T22:11:36.670Z,1570572697,0,1570572697
20600804,XieLiansBambooHat,1570982820,"tian guan ci fu, Heaven's Official Blessing, 天官赐福 - 墨香铜臭 | Tiān Guān Cì Fú - Mòxiāng Tóngxiù",1570982820,...,,...,,单独在一起 (Dāndú zài yīqǐ Alone Together),1570982820,2019-10-13T16:06:59.834Z,1570982820,2019-09-11T00:00:00.000Z,1570982820,1|1|1,1570982820,...,1570982820,2563,1570982820,-1,1570982820,0,1570982820,,2019-10-13T16:06:59.798Z,1570982820,0,1570982820
20618951,KimoTherapy,1572814851,魔道祖师 - 墨香铜臭 | Módào Zǔshī - Mòxiāng Tóngxiù,1572814851,...,,...,,Confines,1572814851,2019-11-03T21:00:51.295Z,1572814851,2019-09-12T00:00:00.000Z,1572814851,1|1|1,1572814851,Thirteen years pass slowly for Wen Ning in Koi Tower.,1572814851,3021,1572814851,5,1572814851,1,1572814851,,2019-11-03T21:00:51.269Z,1572814851,0,1572814851
20625368,lanjingyeets,1574135035,"魔道祖师 - 墨香铜臭 | Módào Zǔshī - Mòxiāng Tóngxiù, 魔道祖师 | Módào Zǔshī (Cartoon)",1574135035,...,,...,,Hush now (kiss me softly),1574135035,2019-11-19T03:43:54.548Z,1574135035,2019-09-13T00:00:00.000Z,1574135035,1|1|1,1574135035,"“Hmm,” she hushes him softly, and tugs at Wen Ning’s hair to make him raise his head. “A-Ning? Why don’t you show baobei what you did for him?”",1574135035,4542,1574135035,-1,1574135035,0,1574135035,,2019-11-19T03:43:54.512Z,1574135035,0,1574135035
20627138,"Dayan, zuttecita",1574225702,"魔道祖师 - 墨香铜臭 | Módào Zǔshī - Mòxiāng Tóngxiù, 魔道祖师 | Módào Zǔshī (Cartoon)",1574225702,...,,...,,Inherente,1574225702,2019-11-20T04:55:01.525Z,1574225702,2019-10-13T00:00:00.000Z,1574225702,2|?|0,1574225702,"Serie de One-Shots que relatarán la vida sexual, humorística y pervertida de la gran mayoría de los personajes que compone el universo de Mo Dao Zu Shi.Advertencias dentro.OS 1: Deseo Lan WangJi/Wei WuXianOS 2: Arte Jin Guangshan/Mo XuanyuResumen random: Mo Xuanyu y Jin Guangshan beben en el jardín exterior de la Torre Koi con dolorosos resultados sexuales.Próximo OS. Jiang Fengmian/Wei WuXian",1574225702,14439,1574225702,-1,1574225702,0,1574225702,,2019-11-20T04:55:01.486Z,1574225702,0,1574225702
20636972,CCitrus,1570804503,天官赐福,1570804503,...,,...,,Martini（下）,1570804503,2019-10-11T14:35:02.718Z,1570804503,2019-09-14T00:00:00.000Z,1570804503,1|1|1,1570804503,...,1570804503,4760,1570804503,-1,1570804503,0,1570804503,,2019-10-11T14:35:02.672Z,1570804503,0,1570804503
20655881,SetsuntaMew,1575139279,魔道祖师 - 墨香铜臭 | Módào Zǔshī - Mòxiāng Tóngxiù,1575139279,...,,...,,Usefulness in Loyalty,1575139279,2019-11-30T18:41:19.347Z,1575139279,2019-09-15T00:00:00.000Z,1575139279,1|1|1,1575139279,"Every touch and shred of affection is perfectly measured, and it's not Jin Guangyao's fault that his disgrace of a brother never learned the art of subtlety.",1575139279,309,1575139279,1,1575139279,1,1575139279,,2019-11-30T18:41:19.312Z,1575139279,0,1575139279
20671022,Luka_Crosszeria,1575139158,魔道祖师 - 墨香铜臭 | Módào Zǔshī - Mòxiāng Tóngxiù,1575139158,...,,...,,The Day I Disappeared.,1575139158,2019-11-30T18:39:17.760Z,1575139158,2019-09-20T00:00:00.000Z,1575139158,2|2|1,1575139158,"Porque incluso si yo estoy casándome con la persona que amó, eso no significa que Lan Sizhui sienta lo mismo.",1575139158,5815,1575139158,-1,1575139158,0,1575139158,,2019-11-30T18:39:17.731Z,1575139158,0,1575139158
20675291,VieyrPop,1570967726,天官赐福,1570967726,...,,...,,花烛,1570967726,2019-10-13T11:55:26.318Z,1570967726,2019-09-17T00:00:00.000Z,1570967726,1|1|1,1570967726,...,1570967726,3641,1570967726,-1,1570967726,0,1570967726,,2019-10-13T11:55:26.305Z,1570967726,0,1570967726
20680943,aldentemacaroni,1570804493,天官赐福 - 墨香铜臭 | Tiān Guān Cì Fú - Mòxiāng Tóngxiù,1570804493,...,,...,,completely undertowed,1570804493,2019-10-11T14:34:53.234Z,1570804493,2019-09-17T00:00:00.000Z,1570804493,1|1|1,1570804493,another pwp hualian fic bc im still frustrated there wasnt smut in the novel,1570804493,938,1570804493,-1,1570804493,0,1570804493,,2019-10-11T14:34:53.192Z,1570804493,0,1570804493
20681912,akanezora,1572422352,"魔道祖师 - 墨香铜臭 | Módào Zǔshī - Mòxiāng Tóngxiù, 魔道祖师 | Módào Zǔshī (Cartoon)",1572422352,...,,...,,Broken Mirror,1572422352,2019-10-30T07:59:11.729Z,1572422352,2019-10-06T00:00:00.000Z,1572422352,4|7|0,1572422352,"When Jiang Cheng left Lan Xichen life, he brought a secret with him. Years later, Lan Xichen caught up with that secret.",1572422352,18228,1572422352,-1,1572422352,0,1572422352,,2019-10-30T07:59:11.692Z,1572422352,0,1572422352
20693213,marizousbooty,1572814031,"陈情令 | The Untamed (TV), 魔道祖师 - 墨香铜臭 | Módào Zǔshī - Mòxiāng Tóngxiù, 魔道祖师 | Módào Zǔshī (Cartoon)",1572814031,...,,...,,Ghosts of Yiling,1572814031,2019-11-03T20:47:10.686Z,1572814031,2019-09-19T00:00:00.000Z,1572814031,1|7|0,1572814031,"[He opened his eyes and reached out to clasp the first hand he found within the writhing masses and Lan Zhan, his body pressed firmly to so many people, his hair stuck to someone’s sweaty arm, so many different breaths and screams were running down his neck, felt his hand grabbed by Wei Ying’s clammy one and for a moment he didn’t care he was in the most uncomfortable spot he’s ever been in his life. None of that mattered with the hot press of metal from Wei Ying’s rings, the itch of black lace from his sleeve scraping Lan Zhan’s skin, the firmness of Wei Ying’s palms, his wide, sparkling eyes looking into the crowd and noticed who’s hand he was holding. Lan Zhan’s breath caught in his throat when their eyes met and recognition flashed across Wei Ying’s face. ]---Lan Zhan finds him amongst the stars far above his head.",1572814031,6181,1572814031,-1,1572814031,0,1572814031,,2019-11-03T20:47:10.639Z,1572814031,0,1572814031
20703209,tinygrunt,1575157348,魔道祖师 - 墨香铜臭 | Módào Zǔshī - Mòxiāng Tóngxiù,1575157348,...,,...,,gimme sugar,1575157348,2019-11-30T23:42:27.720Z,1575157348,2019-10-07T00:00:00.000Z,1575157348,4|?|0,1575157348,"At the tender age of twenty-five, Wei Ying's aunt cuts him off. When his friend suggests a quick fix in the form of a dubious dating app, Wei Ying knows he has to give it a shot. Enter Bichen, an absurdly wealthy, absurdly lonely young attorney, whose sparse words and penchant for gift-giving have Wei Ying falling before he can turn tail and run. It's a match made in heaven. Or, more specifically, Seeking Arrangement.",1575157348,7663,1575157348,-1,1575157348,0,1575157348,,2019-11-30T23:42:27.701Z,1575157348,0,1575157348
20708597,Taer01,1572814026,"魔道祖师 - 墨香铜臭 | Módào Zǔshī - Mòxiāng Tóngxiù, 魔道祖师 | Módào Zǔshī (Cartoon)",1572814026,...,,...,,The God of Chaos,1572814026,2019-11-03T20:47:05.635Z,1572814026,2019-09-28T00:00:00.000Z,1572814026,3|?|0,1572814026,"Wei Wuxian reigned as the God of Chaos. And the God of Chaos has his sights on the God of Light. However, there is something powerful and sinister that has awakened, and its hungry. It wants power, it wants to rule over all.Will Wei Wuxian be able to stop it? With tensions growing high between the Gods, if they don't watch their steps, a war could be brewing.If they focus on infighting and not the rising enemy, it could be their downfall. But who knows what the future holds?",1572814026,4904,1572814026,-1,1572814026,0,1572814026,,2019-11-03T20:47:05.616Z,1572814026,0,1572814026
20721686,dreamingofdragons,1572924279,"陈情令 | The Untamed (TV), Mo Dao Zu Shi",1572924279,...,,...,,But For You...,1572924279,2019-11-05T03:24:39.259Z,1572924279,2019-10-06T00:00:00.000Z,1572924279,2|?|0,1572924279,...,1572924279,5942,1572924279,3,1572924279,,1572924279,,2019-11-05T03:24:39.231Z,1572924279,0,1572924279
20723807,ItsaPseudonym8,1574134074,魔道祖师 - 墨香铜臭 | Módào Zǔshī - Mòxiāng Tóngxiù,1574134074,...,,...,,Mo Xuanyu Drabble,1574134074,2019-11-19T03:27:54.015Z,1574134074,2019-09-21T00:00:00.000Z,1574134074,1|1|1,1574134074,"With those thoughts he took the knife in his hands and made the required cuts on his inner arms. As the blood began to spill out and Xuanyu started writing with it, he felt a bit of relief.It would soon be all over.",1574134074,908,1574134074,1,1574134074,1,1574134074,,2019-11-19T03:27:53.983Z,1574134074,0,1574134074
20753552,jellybabiestomanual,1579284438,女将军和长公主 | Female General and Eldest Princess,1579284438,...,,...,,i felt it shelter to speak to you,1579284438,2020-01-17T18:07:17.734Z,1579284438,2019-09-24T00:00:00.000Z,1579284438,1|1|1,1579284438,"“Your heavy injury is just healing, I will have Ah-Yin and Yu Wan boil medicine and serve food, once you’ve drank the medicine and had your meal, please have a good rest, I will be leaving.”

 
Li Xian turned to leave the tent, her nobility written in every aspect of her posture, incongruous with the dirty, bloody camp full of soldiers that surrounded her. She had important places to be, surely. Important things to do other than sitting at Lin Wanyue’s bedside, speaking soft words that ignited Lin Wanyue’s heart. It was far from Lin Wanyue’s place to detain her, no matter how much she wanted her to stay, and she knew it.
But, half-delirious, her mouth worked faster than her brain could. “Princess, please-”
****
Set during chapter 30: Lin Wanyue wanted Li Xian to stay with her, even just a little while longer. What if she did?",1579284438,1206,1579284438,3,1579284438,1,1579284438,,2020-01-17T18:07:17.715Z,1579284438,0,1579284438
20764352,pearliegrimm,1575823474,"魔道祖师 - 墨香铜臭 | Módào Zǔshī - Mòxiāng Tóngxiù, 魔道祖师 | Módào Zǔshī (Cartoon), 陈情令 | The Untamed (TV)",1575823474,...,,...,,Ace of Spades,1575823474,2019-12-08T16:44:33.714Z,1575823474,2019-12-07T00:00:00.000Z,1575823474,5|?|0,1575823474,"The end of the goddamn world was decidedly not how Wei Ying saw his Sunday morning going.Luckily, as it turns out; the zombie apocalypse is a hell of a lot easier if you can control the stupid bastards. Wei Ying’s creepy affinity with the dead may have its perks, after all.",1575823474,6605,1575823474,-1,1575823474,0,1575823474,,2019-12-08T16:44:33.678Z,1575823474,0,1575823474
20771546,takuu,1571588330,天官赐福 - 墨香铜臭 | Tiān Guān Cì Fú - Mòxiāng Tóngxiù,1571588330,...,,...,,a testament to love,1571588330,2019-10-20T16:18:49.887Z,1571588330,2019-10-01T00:00:00.000Z,1571588330,1|?|0,1571588330,"Xie Lian drifts through life. He drifts through university, and the set of odd jobs that he's somehow managed to keep separate from one another. His bad luck is practically criminal, but he manages - with a quirky social circle and a new, clingy course mate that he doesn't really mind keeping around.",1571588330,3782,1571588330,-1,1571588330,0,1571588330,,2019-10-20T16:18:49.860Z,1571588330,0,1571588330
20776892,synonemous (sussiekitten),1572422157,"魔道祖师 - 墨香铜臭 | Módào Zǔshī - Mòxiāng Tóngxiù, 魔道祖师 | Módào Zǔshī (Cartoon)",1572422157,...,,...,,modus operandi,1572422157,2019-10-30T07:55:56.956Z,1572422157,2019-10-20T00:00:00.000Z,1572422157,4|4|1,1572422157,"aw, r u worried bout me~?dont worry, bby, I gots it covered<3[Sent]Yiling.[Received]*kisses*[Sent] Mark your words.[Received] Wei WuXian shivered. That was a new one.",1572422157,21120,1572422157,-1,1572422157,0,1572422157,,2019-10-30T07:55:56.919Z,1572422157,0,1572422157
20806868,chiqi,1574129993,魔道祖师 - 墨香铜臭 | Módào Zǔshī - Mòxiāng Tóngxiù,1574129993,...,,...,,"YOU IDIOT, I LIKE YOU",1574129993,2019-11-19T02:19:53.102Z,1574129993,2019-09-28T00:00:00.000Z,1574129993,1|1|1,1574129993,it doesnt deserve one,1574129993,335,1574129993,-1,1574129993,0,1574129993,,2019-11-19T02:19:53.069Z,1574129993,0,1574129993
20813039,griffinflights,1572814155,魔道祖师 - 墨香铜臭 | Módào Zǔshī - Mòxiāng Tóngxiù,1572814155,...,,...,,Sounds From An Alcove,1572814155,2019-11-03T20:49:15.081Z,1572814155,2019-09-29T00:00:00.000Z,1572814155,1|1|1,1572814155,"Lan Zhan began thrusting into her at a quick pace, his hold on her hips relaxing so they would move with each thrust, fucking Wei Ying’s face. Wei Ying’s fingers dug into her thighs as he moved forward into each thrust, taking her cock harder, rougher. 

 
 
Semi-public threesome",1572814155,2453,1572814155,-1,1572814155,0,1572814155,,2019-11-03T20:49:15.065Z,1572814155,0,1572814155
20824121,someonesaveme,1572841021,"魔道祖师 - 墨香铜臭 | Módào Zǔshī - Mòxiāng Tóngxiù, 魔道祖师 | Módào Zǔshī (Cartoon)",1572841021,...,,...,,the beginning of the end,1572841021,2019-11-04T04:17:02.971Z,1572841023,2019-09-30T00:00:00.000Z,1572841021,1|1|1,1572841023,"Nie Huaisang had approached Mo Xuanyu with a plea. It was a request, it was a plan, it was a moment of madness. He'd hoped it'd work. He'd hoped it wouldn't. More than anything, he'd just hoped that the young man wouldn't immediately sell him out to his half brother. Jin GuanYao's half brother... what had he been thinking? Huaisang was completely unsure of what he expected to come out of it.Then, he received a letter.",1572841021,1019,1572841021,3,1572841023,1,1572841023,,2019-11-04T04:17:02.676Z,1572841023,1,1572841023
20842829,ElsyAnimetronik,1575139055,魔道祖师 - 墨香铜臭 | Módào Zǔshī - Mòxiāng Tóngxiù,1575139055,...,,...,,Road To Madness,1575139055,2019-11-30T18:37:35.090Z,1575139055,2019-10-01T00:00:00.000Z,1575139055,1|1|1,1575139055,"Habrán quienes crean que fui tonto y débil por recurrir a esto, pero...Ellos no saben lo desquebrajado que estoy, traté de verle el lado bueno, traté de pensar que se trataba de mi familia... pero fueron ellos quienes se encargaron de que me hartara de esto, de ellos, de mi, de la vida, de todo... yo no tengo la fuerza para hacerles sufrir, pero tú sí. -Con este ritual de sacrificio, yo... Mò XuánYǔ, te pido... ¡QUE CUMPLAS MI DESEO, PATRIARCA YÍLÍNG, WÈI WÙXIÁN!",1575139055,2933,1575139055,-1,1575139055,0,1575139055,,2019-11-30T18:37:35.070Z,1575139055,0,1575139055
20850686,Hamliet,1574134132,"人渣反派自救系统 - 墨香铜臭 | The Scum Villain's Self-Saving System - Mòxiāng Tóngxiù, 魔道祖师 - 墨香铜臭 | Módào Zǔshī - Mòxiāng Tóngxiù, 天官赐福 - 墨香铜臭 | Tiān Guān Cì Fú - Mòxiāng Tóngxiù, 陈情令 | The Untamed (TV)",1574134132,...,,...,,The Official's System of Cultivation,1574134132,2019-11-19T03:28:52.479Z,1574134132,2019-11-10T00:00:00.000Z,1574134132,12|12|1,1574134132,"While A-Yao was traveling between three worlds trying to redeem every MXTX villain ever, these ships were studying the blade.Just kidding; they were studying each other.Side chapters for Heaven's Grandmaster of Self-Saving, or one-shots of the listed ships, depending on what you're looking for!",1574134132,42626,1574134132,-1,1574134132,0,1574134132,,2019-11-19T03:28:52.455Z,1574134132,0,1574134132
20851178,Syorein,1575139052,魔道祖师 - 墨香铜臭 | Módào Zǔshī - Mòxiāng Tóngxiù,1575139052,...,,...,,"three guys walk into a brothel, and one of them says ""what if we fucked his mom?",1575139052,2019-11-30T18:37:31.654Z,1575139052,2019-10-01T00:00:00.000Z,1575139052,1|1|1,1575139052,"Where Mo Xuanyu has lived a long time with another soul attached to his, until someone else hijacks their body and makes them use a Self-Sacrificial Summoning Ritual. (Snippets of a SI/OC AU, Double Soul Fic)",1575139052,1069,1575139052,-1,1575139052,0,1575139052,,2019-11-30T18:37:31.624Z,1575139052,0,1575139052
20855624,takuu,1570879641,天官赐福 - 墨香铜臭 | Tiān Guān Cì Fú - Mòxiāng Tóngxiù,1570879641,...,,...,,TRICK OR TREAT!!!!! get y'all's candies (cummies),1570879641,2019-10-12T11:27:20.767Z,1570879641,2019-10-05T00:00:00.000Z,1570879641,1|?|0,1570879641,Kinktober 20191. HuaLian: creampie + cockwarming,1570879641,1688,1570879641,-1,1570879641,0,1570879641,,2019-10-12T11:27:20.747Z,1570879641,0,1570879641
20856425,silversshadow,1572922352,魔道祖师 - 墨香铜臭 | Módào Zǔshī - Mòxiāng Tóngxiù,1572922352,...,,...,,operation matchmaker,1572922352,2019-11-05T02:52:31.676Z,1572922352,2019-10-02T00:00:00.000Z,1572922352,1|1|1,1572922352,"What Jin Ling knows about Wei Yings failed marriage is this: One, they met at the same shitty Gusu summer camp Jin Ling is currently stuck at. Two, they adopted a kid before they got married? Somehow? And three, after some sort of thing happened Wei Ying went back to living with Jiang Cheng in Yunmeng.Number four is the fact that for some reason one of his roommates here has a picture of Wei Ying and some other guy in wedding robes and holding a kid???",1572922352,4289,1572922352,-1,1572922352,0,1572922352,,2019-11-05T02:52:31.644Z,1572922352,0,1572922352
20859575,Nem (Himeji),1572813708,"魔道祖师 - 墨香铜臭 | Módào Zǔshī - Mòxiāng Tóngxiù, 陈情令 | The Untamed (TV)",1572813708,...,,...,,Misunderstandings,1572813708,2019-11-03T20:41:48.288Z,1572813708,2019-10-02T00:00:00.000Z,1572813708,1|1|1,1572813708,"It was a suggestion spoken as dare by his idiot brother and his pride wouldn’t let him not rise to the challenge.Or Jiang Cheng becomes a nude model for one of the university's art classes, oh and Nie Huaisang happens to be in it, oops.",1572813708,7156,1572813708,-1,1572813708,0,1572813708,,2019-11-03T20:41:48.264Z,1572813708,0,1572813708
20861270,jellynebula,1575139036,魔道祖师 - 墨香铜臭 | Módào Zǔshī - Mòxiāng Tóngxiù,1575139036,...,,...,,The Art of War,1575139036,2019-11-30T18:37:16.354Z,1575139036,2019-10-02T00:00:00.000Z,1575139036,1|?|0,1575139036,"In a mid-twenty-first century technologically advanced society where members of the public now have cybernetic brains, Jin Guangyao strives to win his father’s approval to become the leader of the Five Families, China’s most powerful criminal underground network. Futuristic mobster AU.",1575139036,4974,1575139036,-1,1575139036,0,1575139036,,2019-11-30T18:37:16.326Z,1575139036,0,1575139036
20874008,ElsyAnimetronik,1575138998,魔道祖师 - 墨香铜臭 | Módào Zǔshī - Mòxiāng Tóngxiù,1575138998,...,,...,,Blind Maiden,1575138998,2019-11-30T18:36:37.507Z,1575138998,2019-10-03T00:00:00.000Z,1575138998,1|1|1,1575138998,"Lo que había comenzado como un simple viaje a QíShān para reforzar los tratados de paz entre la secta Wēn y las demás sectas, terminó convirtiéndose en una situación... ""extraña"" pero a la vez -aunque Xuē Yáng no lo admita- excitante... y a la vez preocupante...",1575138998,14680,1575138998,-1,1575138998,0,1575138998,,2019-11-30T18:36:37.481Z,1575138998,0,1575138998
20874797,ricken,1575157291,魔道祖师 - 墨香铜臭 | Módào Zǔshī - Mòxiāng Tóngxiù,1575157291,...,,...,,boyfriend material,1575157291,2019-11-30T23:41:30.887Z,1575157291,2019-11-12T00:00:00.000Z,1575157291,10|10|1,1575157291,"Lan Xichen would do anything if it meant his brother was happy, which is what lead him to eavesdropping on the Jiang brothers as they discussed their requirements for a partner. Or; Lan Wangji attempts to woo an already infatuated Wei Ying using bad pickup lines, and a few more things.",1575157291,41689,1575157291,-1,1575157291,0,1575157291,,2019-11-30T23:41:30.862Z,1575157291,0,1575157291
20887151,An0therWerid0,1574134200,"陈情令 | The Untamed (TV) RPF, 魔道祖师 - 墨香铜臭 | Módào Zǔshī - Mòxiāng Tóngxiù, 魔道祖师 | Módào Zǔshī (Cartoon)",1574134200,...,,...,,The Heartless Founder of  Demonic Love.,1574134200,2019-11-19T03:29:59.647Z,1574134200,2019-11-12T00:00:00.000Z,1574134200,5|?|0,1574134200,"“Are we talking about the same Nie Huaisang?”“Mn.” Hanguang-Jun answered to him as he left his sword bichen at his side before to full Wei Ying's cup again with wine. “A Qi Deviation, six years after your death.”“How he could have died by a qi deviation if he barely held his saber from the beginning? Even when the war was among to start he didn’t do that! It’s make no sense!”“His golden core was weakened by an unknown disease, it made him unable to handle the saber spirit, or that’s what Nie Mingjue and brother Xichen could figured out.““Lan Zhan… Are you thinking the same as me?”“Mn.” Hanguang-Jun made a pause and looked over the slender arm wrapped in white cloth. “Someone murdered Nie Huaisang, and there is another person who wants to bring it out.”",1574134200,37423,1574134200,-1,1574134200,0,1574134200,,2019-11-19T03:29:59.618Z,1574134200,0,1574134200
20895437,Haserl,1570967551,天官赐福 - 墨香铜臭 | Tiān Guān Cì Fú - Mòxiāng Tóngxiù,1570967551,...,,...,,Sacred Heart,1570967551,2019-10-13T11:52:30.513Z,1570967551,2019-10-10T00:00:00.000Z,1570967551,2|?|0,1570967551,"Just like many others, Hua Cheng was someone born in the old empire, resistant against the impositions and the holy supremacy of the new emperor.---After being chased and violently punished by the empire guards, Hua Cheng is saved and nursed back to health by Xie Lian. Time mends his wounds, but Xie Lian’s transcending love mends his heart.",1570967551,7233,1570967551,-1,1570967551,0,1570967551,,2019-10-13T11:52:30.482Z,1570967551,0,1570967551
20900012,cinnasins,1570622124,天官赐福 - 墨香铜臭 | Tiān Guān Cì Fú - Mòxiāng Tóngxiù,1570622124,...,,...,,Every Lantern Comes Home,1570622124,2019-10-09T11:55:24.200Z,1570622124,2019-10-05T00:00:00.000Z,1570622124,1|?|0,1570622124,"After Hua Cheng returns in a blaze of glory, all he wants to do is elope with Xie Lian, and maybe piss off Heaven while he's at it. Xie Lian has other ideas and is determined to (force) Hua Cheng to make friends. Inspired by the series Natsume's Book of Friends, Hualian learns how to socialize with people other than themselves. Investigating ghosts and spirits that can't seem to pass onto the next life, all whIle juggling friendships and complicated feelings for each other, shenanigans and hijinks ensue! Aka self indulgent fic of me making sure Hua Cheng and Xie Lian know they're loved and spreading that to others, never to be lonely and afraid again. Please check out the anime/light novel Natsume's Book of Friends if you'd like to know what inspired this fic! It's a really sweet story of a boy who can see spirits, inherits a book of names from his grandmother with the same power, and helps release yokai who have too firm a grip on this world. Touching story of a once lonely boy who makes friends through empathizing with ghosts and demons.",1570622124,4426,1570622124,-1,1570622124,0,1570622124,,2019-10-09T11:55:24.062Z,1570622124,0,1570622124
20904698,Narialam,1575138656,魔道祖师 - 墨香铜臭 | Módào Zǔshī - Mòxiāng Tóngxiù,1575138656,...,,...,,Cepillo,1575138656,2019-11-30T18:30:55.519Z,1575138656,2019-10-06T00:00:00.000Z,1575138656,1|1|1,1575138656,"Después del continuo maltrato sobre su persona Mo Xuanyu no estaba seguro de si se encontraba ante su salvador o ante la continuación de su pesadilla"". One-Shot.",1575138656,2579,1575138656,-1,1575138656,0,1575138656,,2019-11-30T18:30:55.487Z,1575138656,0,1575138656
20907710,TricksterKat,1574225417,魔道祖师 - 墨香铜臭 | Módào Zǔshī - Mòxiāng Tóngxiù,1574225417,...,,...,,seduce every man,1574225417,2019-11-20T04:50:16.655Z,1574225417,2019-10-31T00:00:00.000Z,1574225417,31|31|1,1574225417,Kinktober 2019 feat. Wen Xu because im a thirsty bitch,1574225417,9381,1574225417,-1,1574225417,0,1574225417,,2019-11-20T04:50:16.639Z,1574225417,0,1574225417
20920754,Luka_Crosszeria,1575138687,魔道祖师 - 墨香铜臭 | Módào Zǔshī - Mòxiāng Tóngxiù,1575138687,...,,...,,El día que lo encontré.,1575138687,2019-11-30T18:31:26.678Z,1575138687,2019-10-13T00:00:00.000Z,1575138687,2|?|0,1575138687,"De hecho, fue un largo, largo, largo sueño, uno doloroso y aterrador, un sueño donde me casaba con mi pequeño bollo al vapor,  lo lastimé y lo hice infeliz en mi feliz ignorancia, un sueño en donde también lo perdí.",1575138687,3572,1575138687,-1,1575138687,0,1575138687,,2019-11-30T18:31:26.656Z,1575138687,0,1575138687
20928185,smutbunni10,1575138980,Mo Dao Zu Shi,1575138980,...,,...,,Kinktober 2019 Day 12 - Licking/ Rimming,1575138980,2019-11-30T18:36:19.648Z,1575138980,2019-10-12T00:00:00.000Z,1575138980,1|1|1,1575138980,"Mo Xuanyu, crazy lunatic, and his father Jin Guangshan makr the perfect - couple for disgusting pervy sex. Guangshan loves licking and Xuanyu likes to be eaten.",1575138980,1466,1575138980,-1,1575138980,0,1575138980,,2019-11-30T18:36:19.620Z,1575138980,0,1575138980
20937593,Chisie,1574225516,魔道祖师 - 墨香铜臭 | Módào Zǔshī - Mòxiāng Tóngxiù,1574225516,...,,...,,Family Is The Heart of Our Home,1574225516,2019-11-20T04:51:56.335Z,1574225516,2019-10-26T00:00:00.000Z,1574225516,5|?|0,1574225516,"A modern AU where the children are all in the kindergarten and WangXian is just being Wangxian. Wen Yuan wants to be adopted by Wei Wuxian and Lan Wangji, but will he be adopted in the end?",1574225516,16727,1574225516,-1,1574225516,0,1574225516,,2019-11-20T04:51:56.298Z,1574225516,0,1574225516
20945852,AverageTrailerTrash,1574225668,"魔道祖师 - 墨香铜臭 | Módào Zǔshī - Mòxiāng Tóngxiù, 魔道祖师 | Módào Zǔshī (Cartoon)",1574225668,...,,...,,The Puppetmaster of Shunfu,1574225668,2019-11-20T04:54:28.159Z,1574225668,2019-10-17T00:00:00.000Z,1574225668,5|?|0,1574225668,"What if Xue Yang failed to recreate the Stygian Tiger Seal? What if the pieces were stolen and embedded in a body to create a living weapon for the late Yiling Patriarch? What if there was something else lurking inside the seal, something desperate for a master's orders?
or: the consequence of Nie Huaisang and Mo Xuanyu repeatedly fucking everything up (feat: Wei Wuxian avoiding his responsibilities).
or: how the cultivation world came to fear a tired teenager and his possessive keeper (feat: unsupportive friends who eventually get over it).",1574225668,18323,1574225668,-1,1574225668,0,1574225668,,2019-11-20T04:54:28.143Z,1574225668,0,1574225668
20950454,Jamilton_and_Lams,1574115225,Mo Dao Zu Shi,1574115225,...,,...,,I cant do this anymore,1574115225,2019-11-18T22:13:45.256Z,1574115225,2019-10-08T00:00:00.000Z,1574115225,1|1|1,1574115225,"A tear rolled down his cheek and he angrily bushed it away before it could ruin his makeup. I can't do this anymore, theres no other way....",1574115225,231,1574115225,1,1574115225,1,1574115225,,2019-11-18T22:13:45.221Z,1574115225,0,1574115225
20953178,Jamilton_and_Lams,1574225725,Mo Dao Zu Shi,1574225725,...,,...,,Maybe it's too late,1574225725,2019-11-20T04:55:25.046Z,1574225725,2019-10-08T00:00:00.000Z,1574225725,1|1|1,1574225725,A folder was thrown at him. He bent down to pick it up and flipped it over to see the photo. He dropped it and glanced up at his friend to see the muzzle of a gun being pointed at him and the tear streaked face behind it,1574225725,525,1574225725,-1,1574225725,0,1574225725,,2019-11-20T04:55:25.016Z,1574225725,0,1574225725
20979176,Sianera,1570968917,天官赐福 - 墨香铜臭 | Tiān Guān Cì Fú - Mòxiāng Tóngxiù,1570968917,...,,...,,What happens when the Ghost King is lonely...,1570968917,2019-10-13T12:15:16.903Z,1570968917,2019-10-10T00:00:00.000Z,1570968917,1|1|1,1570968917,"Some little, self-indulgent fun I had planned to write for quite some time now~",1570968917,923,1570968917,5,1570968917,1,1570968917,,2019-10-13T12:15:16.883Z,1570968917,0,1570968917
20988290,Jamilton_and_Lams,1572799843,Mo Dao Zu Shi,1572799843,...,,...,,Don't leave me,1572799843,2019-11-03T16:50:43.445Z,1572799843,2019-10-11T00:00:00.000Z,1572799843,1|1|1,1572799843,Wei Ying was dying.,1572799843,443,1572799843,-1,1572799843,0,1572799843,,2019-11-03T16:50:43.426Z,1572799843,0,1572799843
20995106,Lunayfirefly,1575823440,"魔道祖师 - 墨香铜臭 | Módào Zǔshī - Mòxiāng Tóngxiù, 陈情令 | The Untamed (TV)",1575823440,...,,...,,Bueno…quizás estoy enamorado,1575823440,2019-12-08T16:43:59.540Z,1575823440,2019-12-07T00:00:00.000Z,1575823440,17|?|0,1575823440,"Que Wei Wu Xian le dijera “tonto” le tenía sin cuidado.  Que Wen Qing lo llamara así le molestaba, pero trataba de ignorarlo. Pero que su jie, junto con una sonrisa dulce, opinara igual que los otros dos, no hacía más que confundirlo.  Así que Jiang Cheng fue en busca de la única persona que todavía parecía respetarlo y que quizás le pudiera explicar por qué de pronto había sido nombrado así. Lo que no se esperaba era encontrar a Nie Huaisang riendo coquetamente junto con el estudiante más popular de la facultad de arte.",1575823440,24669,1575823440,-1,1575823440,0,1575823440,,2019-12-08T16:43:59.512Z,1575823440,0,1575823440
21016280,Sath,1571482682,人渣反派自救系统 - 墨香铜臭 | The Scum Villain's Self-Saving System - Mòxiāng Tóngxiù,1571482682,...,,...,,Endowed,1571482682,2019-10-19T10:58:01.621Z,1571482682,2019-10-13T00:00:00.000Z,1571482682,1|1|1,1571482682,Shen Qingqiu was going to have a qi deviation if people didn’t stop staring at her shijie’s breasts! Didn’t Yue Qingyuan realize their effect on others—even Shen Qingqiu?,1571482682,2043,1571482682,3,1571482682,1,1571482682,,2019-10-19T10:58:01.596Z,1571482682,0,1571482682
21017822,persicae,1571376245,天官赐福 - 墨香铜臭 | Tiān Guān Cì Fú - Mòxiāng Tóngxiù,1571376245,...,,...,,by five thunderbolts,1571376245,2019-10-18T05:24:06.129Z,1571376246,2019-10-14T00:00:00.000Z,1571376245,1|3|0,1571376246,"In the mafia, Hua Cheng is Jun Wu's most prized weapon, and the only one he trusts to watch over Xie Lian as he returns to the triad that raised him.
But as the triad itself gets caught up in the war between cruelty and kindness, Hua Cheng's loyalty to Bai Wu Xiang might be what saves them all.",1571376245,6414,1571376245,-1,1571376246,0,1571376246,,2019-10-18T05:24:06.106Z,1571376246,0,1571376245
21019295,etheriums,1571833631,天官赐福 - 墨香铜臭 | Tiān Guān Cì Fú - Mòxiāng Tóngxiù,1571833631,...,,...,,get closer to me,1571833631,2019-10-23T12:27:10.624Z,1571833631,2019-10-13T00:00:00.000Z,1571833631,1|1|1,1571833631,"He can imagine the picture he makes — hair a complete mess, lips red and swollen, legs spread open. They're sitting right in front of his statue, the one Hua Cheng made of him. The same person who's now worshipping him in a way only he can.",1571833631,3407,1571833631,1,1571833631,1,1571833631,,2019-10-23T12:27:10.598Z,1571833631,0,1571833631
21029582,mercyandmagic,1576731275,魔道祖师 - 墨香铜臭 | Módào Zǔshī - Mòxiāng Tóngxiù,1576731275,...,,...,,Red Blades Hidden in the Overgrowth,1576731275,2019-12-19T04:54:37.865Z,1576731278,2019-10-14T00:00:00.000Z,1576731275,12|12|1,1576731278,"Lan XiChen is initially relieved when the Stygian Tiger Seal restores Nie MingJue's consciousness, allowing all three sworn brothers to emerge from the GuanYin Temple alive. But now Jin GuangYao is imprisoned to await surefire execution, and Nie MingJue struggles to accept life as a demonic creature he would have previously purged.Becoming his father’s son and marrying A-Yao might just be XiChen's best option, even if it breaks Nie MingJue’s undead heart. XiYao, with copious brotherly 3Zun feels. Written for 3Zun Week 2019.
            
            Nie Mingyue asks Nie HuaiSang for the full story.
          
            Lan QiRen finds himself drawn to a scarred prostitute who seems to have the strongest moral code of anyone he knows.",1576731275,72575,1576731275,1,1576731278,12,1576731278,,2019-12-19T04:54:37.822Z,1576731278,0,1576731275
21036743,malkinmalkout,1575826712,魔道祖师 - 墨香铜臭 | Módào Zǔshī - Mòxiāng Tóngxiù,1575826712,...,,...,,Deviations,1575826712,2019-12-08T17:38:49.722Z,1575826730,2019-10-15T00:00:00.000Z,1575826712,1|1|1,1575826730,AU in which qi deviation is used as a plot device to get Meng Yao and Nie Mingjue laid.,1575826712,5565,1575826712,3,1575826712,1,1575826730,,2019-12-08T17:38:49.618Z,1575826730,0,1575826712
21036920,Haserl,1571376537,天官赐福 - 墨香铜臭 | Tiān Guān Cì Fú - Mòxiāng Tóngxiù,1571376537,...,,...,,Don't Think,1571376537,2019-10-18T05:29:02.283Z,1571376542,2019-10-15T00:00:00.000Z,1571376537,1|1|1,1571376542,"Unexpectedly, that blind devotion made Xie Lian’s body react. However, instead of his ridiculous rites of the past, where he would chant sutras and meditate, Xie Lian decided to indulge that feeling. He didn’t care anymore about keeping his body pure. After all, was there anything more blemished than his body?",1571376537,730,1571376537,3,1571376542,1,1571376542,,2019-10-18T05:29:02.259Z,1571376542,0,1571376537
21044966,JemTheKingOfSass,1574225458,"人渣反派自救系统 - 墨香铜臭 | The Scum Villain's Self-Saving System - Mòxiāng Tóngxiù, 魔道祖师 - 墨香铜臭 | Módào Zǔshī - Mòxiāng Tóngxiù, 天官赐福 - 墨香铜臭 | Tiān Guān Cì Fú - Mòxiāng Tóngxiù",1574225458,...,,...,,MXTX Kinktober 2019 Collection,1574225458,2019-11-20T04:50:58.422Z,1574225458,2019-10-31T00:00:00.000Z,1574225458,31|31|1,1574225458,"31 chapters of prompt-based kink ficlets, one chapter per prompt. Each chapter title will have the pairing and the kink. Each chapter's top notes will contain all additional tags appropriate for the content. Everything in this fic is safe, sane(ish), consensual, and all in good fun! Please don't take any of this too seriously or as a how-to guide for any of the included kinks. Beware: my angst kink is present in every chapter.",1574225458,45517,1574225458,-1,1574225458,0,1574225458,,2019-11-20T04:50:58.400Z,1574225458,0,1574225458
21053036,TumblingTroublesomeTumbleweeds,1572790607,魔道祖师 - 墨香铜臭 | Módào Zǔshī - Mòxiāng Tóngxiù,1572790607,...,,...,,Braincells. Who needs them?,1572790607,2019-11-03T14:16:47.029Z,1572790607,2019-10-16T00:00:00.000Z,1572790607,1|1|1,1572790607,"When Nie Mingjue loses his brother in the mall, he’s ready to tear it apart to find him. Fortunately for the mall, but unfortunately for his brain, a pretty teenage boy offers to help him.",1572790607,2215,1572790607,-1,1572790607,0,1572790607,,2019-11-03T14:16:47.008Z,1572790607,0,1572790607
21093185,skinandbones,1571575994,天官赐福 - 墨香铜臭 | Tiān Guān Cì Fú - Mòxiāng Tóngxiù,1571575994,...,,...,,Silver Writings on Your Skin,1571575994,2019-10-20T12:53:14.395Z,1571575994,2019-10-20T00:00:00.000Z,1571575994,1|1|1,1571575994,Xie Lian gives his everything to his San Lang.,1571575994,6114,1571575994,-1,1571575994,0,1571575994,,2019-10-20T12:53:14.361Z,1571575994,0,1571575994
21095333,Haserl,1571576517,天官赐福 - 墨香铜臭 | Tiān Guān Cì Fú - Mòxiāng Tóngxiù,1571576517,...,,...,,Rebel,1571576517,2019-10-20T13:01:57.423Z,1571576517,2019-10-19T00:00:00.000Z,1571576517,1|1|1,1571576517,"Xie Lian has always been, and he will always be weak to the rebel Ghost King.",1571576517,1812,1571576517,-1,1571576517,0,1571576517,,2019-10-20T13:01:57.388Z,1571576517,0,1571576517
21098855,Silver_Flame_2724,1572799642,魔道祖师 - 墨香铜臭 | Módào Zǔshī - Mòxiāng Tóngxiù,1572799642,...,,...,,MDZS Story Ideas,1572799642,2019-11-03T16:47:22.499Z,1572799642,2019-11-03T00:00:00.000Z,1572799642,23|?|0,1572799642,Just a bunch of story ideas I had for this fandom.,1572799642,5698,1572799642,-1,1572799642,0,1572799642,,2019-11-03T16:47:22.462Z,1572799642,0,1572799642
21107351,chiqi,1574224839,魔道祖师 - 墨香铜臭 | Módào Zǔshī - Mòxiāng Tóngxiù,1574224839,...,,...,,Teeny Twitter Drabble Requests,1574224839,2019-11-28T01:14:42.911Z,1574903683,2019-11-16T00:00:00.000Z,1574224839,11|11|1,1574903683,"cross-posting to Ao3 for posterity -3-1 - SangYu / Running2 - Jin Guangyao / Validation3 - RuoYao / Sleep4 - NieYao / Late-Night Working5 - SangCheng / Rest6 - WZL+Meng Yao / Caring7 - XiYao / Forgive8 - SuXun / Protect9 - XiYao / Feel10 - Wen Ning / Rest11 - SangCheng / Giggle
            
            MXY wants to share his favorite time of day with NHS.",1574736300,6745,1574224839,1,1574224839,11,1574903683,,2019-11-28T01:14:42.763Z,1574903683,0,1574224839
21120785,gixi_ninja,1572580323,"陈情令 | The Untamed (TV), 魔道祖师 - 墨香铜臭 | Módào Zǔshī - Mòxiāng Tóngxiù",1572580323,...,,...,,Orioles Singing in the Willows 柳浪聞鶯,1572580323,2019-11-08T10:46:43.067Z,1573210003,2019-10-21T00:00:00.000Z,1572580323,1|1|1,1573210003,"This Golden Oriole isn’t Mo Xuanyu. Huaisang was sure of that as soon as he had entered the pleasure house and seen the famed courtesan on stage. There’s nothing in the way he looks or the way he moves that even remotely resembles Xuanyu. His smile is more hard polished porcelain than frayed cloth.  He’s far too refined, far too elegant to be that messy-haired youth of his summer days. And yet— And yet.Or, twenty years after Mo Xuanyu dies, Nie Huaisang meets someone else who reminds him of him.",1572580323,10457,1572580323,5,1572580323,1,1573210003,,2019-11-08T10:46:42.935Z,1573210003,0,1572580323
21125375,Jeguabito,1574225618,魔道祖师 - 墨香铜臭 | Módào Zǔshī - Mòxiāng Tóngxiù,1574225618,...,,...,,21. Almuerzo,1574225618,2019-11-20T04:53:38.385Z,1574225618,2019-10-21T00:00:00.000Z,1574225618,1|1|1,1574225618,"Mo Xuanyu es cada vez más consciente de Xue Yang y de todo lo que éste hace. No entiende bien por qué, pero está conforme.",1574225618,2105,1574225618,-1,1574225618,0,1574225618,,2019-11-20T04:53:38.365Z,1574225618,0,1574225618
21127451,Naamah_Beherit,1577325138,天官赐福 - 墨香铜臭 | Tiān Guān Cì Fú - Mòxiāng Tóngxiù,1577325138,...,,...,,"Take my hand, take my whole unlife too",1577325138,2019-12-26T01:52:18.396Z,1577325138,2019-10-22T00:00:00.000Z,1577325138,1|1|1,1577325138,"“One day,” Xie Lian’s mother told him when he was eight years old and had a head full of dreams, “under an auspicious date, you will take the crown from your father and begin your rule with a beautiful queen at your side. And the whole country shall rejoice on the day you wear red.”

  Xie Lian might have been just an 8-year-old, but that day he looked into his heart and it told him, “HEAVENS, NO.”
 ***A story in which a certain prince is very, very gay, and very, very affection starved—so much that he decides to pretend he's getting married just to know what it feels like. After all, it's not like he's ever going to meet that particular ghost again, isn't he?",1577325138,6825,1577325138,5,1577325138,1,1577325138,,2019-12-26T01:52:18.366Z,1577325138,0,1577325138
21134987,Bae_Suzy_biatches,1572813736,魔道祖师 - 墨香铜臭 | Módào Zǔshī - Mòxiāng Tóngxiù,1572813736,...,,...,,Happy family,1572813736,2019-11-03T20:42:15.971Z,1572813736,2019-10-22T00:00:00.000Z,1572813736,1|1|1,1572813736,A-yuan will do his best so his mama won't be sad and his daddy won't be angry at him and punished him again. He will paint his happy family,1572813736,1102,1572813736,-1,1572813736,0,1572813736,,2019-11-03T20:42:15.936Z,1572813736,0,1572813736
21148823,Jamilton_and_Lams,1574225606,Mo Dao Zu Shi,1574225606,...,,...,,Why do you care?,1574225606,2019-11-20T04:53:25.925Z,1574225606,2019-10-23T00:00:00.000Z,1574225606,1|1|1,1574225606,"It was the aftermath of Mo village and the events on Dafen Mountain and Lan Sizhui was restless. There was a nagging voice that told him he was missing something vital. He watches from afar as Mo XuanYu trails after his father, there is something familiar (at least he thinks it's familiar) about the slight swagger. Mo XuanYu laughs at something (no doubt teasing his father) and his heartstrings clench.",1574225606,779,1574225606,-1,1574225606,0,1574225606,,2019-11-20T04:53:25.898Z,1574225606,0,1574225606
21149069,elepantsonfire,1750203451,"Real Person Fiction, American Frontier RPF, American Revolution RPF, Lewis and Clark RPF",1750203451,...,,...,,Coming for Me,1750203451,2025-06-17T23:37:57.424Z,1750203477,2019-10-23T00:00:00.000Z,1750203451,1|1|1,1750203477,"Reflecting on his life, Meriwether Lewis pines for his fellow explorer William Clark. Based on real reports about Lewis's life and last words.",1750203451,1775,1750203451,5,1750203451,1,1750203477,,2025-06-17T23:37:57.422Z,1750203477,0,1750203451
21161198,ZodiacRiver,1574115145,魔道祖师 - 墨香铜臭 | Módào Zǔshī - Mòxiāng Tóngxiù,1574115145,...,,...,,Sunshine,1574115145,2019-11-18T22:12:25.155Z,1574115145,2019-10-24T00:00:00.000Z,1574115145,1|1|1,1574115145,"Mo XuanYu is referring to the flower, but Nie HuaiSang answers, “Sunshine.”",1574115145,545,1574115145,1,1574115145,1,1574115145,,2019-11-18T22:12:25.115Z,1574115145,0,1574115145
21172703,ryneisaterriblefan,1572790554,魔道祖师 - 墨香铜臭 | Módào Zǔshī - Mòxiāng Tóngxiù,1572790554,...,,...,,rule number one (is that you gotta have fun),1572790554,2019-11-03T14:15:53.849Z,1572790554,2019-10-25T00:00:00.000Z,1572790554,1|1|1,1572790554,Wei Wuxian sends out a distress signal and gets more than he bargained for.(or: in which wei wuxian has a terrible date and everyone shows up to crash the party.),1572790554,2304,1572790554,-1,1572790554,0,1572790554,,2019-11-03T14:15:53.821Z,1572790554,0,1572790554
21180749,909090909,1574225524,魔道祖師,1574225524,...,,...,,『all瑶』伪开车,1574225524,2019-11-20T04:52:04.339Z,1574225524,2019-10-26T00:00:00.000Z,1574225524,1|1|1,1574225524,...,1574225524,1005,1574225524,-1,1574225524,0,1574225524,,2019-11-20T04:52:04.322Z,1574225524,0,1574225524
21182435,sophie_jenkins,1574225520,魔道祖师 - 墨香铜臭 | Módào Zǔshī - Mòxiāng Tóngxiù,1574225520,...,,...,,Ночные разговоры,1574225520,2019-11-20T04:51:59.829Z,1574225520,2019-10-26T00:00:00.000Z,1574225520,1|1|1,1574225520,"Ночью всё не то, чем кажется.",1574225520,871,1574225520,-1,1574225520,0,1574225520,,2019-11-20T04:51:59.802Z,1574225520,0,1574225520
21199079,heefa171,1574225018,魔道祖师 - 墨香铜臭 | Módào Zǔshī - Mòxiāng Tóngxiù,1574225018,...,,...,,As Bright As His Smile,1574225018,2019-11-20T04:43:38.427Z,1574225018,2019-11-15T00:00:00.000Z,1574225018,8|?|0,1574225018,"Wei Wuxian didn't expect that one sip he gave to Lan Wangji the night before the man left Yiling, changed everything",1574225018,43243,1574225018,-1,1574225018,0,1574225018,,2019-11-20T04:43:38.406Z,1574225018,0,1574225018
21201062,tetsuyacchi,1572617999,"魔道祖师 - 墨香铜臭 | Módào Zǔshī - Mòxiāng Tóngxiù, 魔道祖师 | Módào Zǔshī (Cartoon), 陈情令 | The Untamed (TV)",1572617999,...,,...,,Veneration of the Dead,1572617999,2019-11-01T14:19:59.382Z,1572617999,2019-10-27T00:00:00.000Z,1572617999,1|1|1,1572617999,"Mo Xuanyu might have died a vengeful, angry young man, but he was remembered by those that mattered as a saint; a bestower to their happy ending.Wei Wuxian and Lan Wangji would continue to visit the tablet, hoping to honour Mo Xuanyu’s memory until their last.",1572617999,1485,1572617999,1,1572617999,1,1572617999,,2019-11-01T14:19:59.355Z,1572617999,0,1572617999
21203111,yupetals,1572813638,"魔道祖师 - 墨香铜臭 | Módào Zǔshī - Mòxiāng Tóngxiù, 天官赐福 - 墨香铜臭 | Tiān Guān Cì Fú - Mòxiāng Tóngxiù",1572813638,...,,...,,my cup of tea,1572813638,2019-11-03T20:40:37.722Z,1572813638,2019-10-27T00:00:00.000Z,1572813638,1|?|0,1572813638,"my cup of tea (bubble tea!au / model!au)Have you heard? The Lan Law Firm’s Lan WangJi, HanGuang-Jun, is having an affair with the sponsored party, Bun-T’s co-owner Wei WuXian!pairings: wangxian (main), xicheng, hualian, fengqingrating: t but may go up as we progress through the storypreview:
  Warm light from the morning sun danced on Lan WangJi’s parted bangs and reached down to lay gently on his cheeks. He looked good in lighting of any kind. Wei WuXian suddenly remembered the night sky and the glow of a thousand fireflies reflected on Lan WangJi’s visage in the distance.",1572813638,5015,1572813638,-1,1572813638,0,1572813638,,2019-11-03T20:40:37.696Z,1572813638,0,1572813638
21204467,MrMissMrsRandom,1574225502,魔道祖师 - 墨香铜臭 | Módào Zǔshī - Mòxiāng Tóngxiù,1574225502,...,,...,,How Do the Petals Unfurl?,1574225502,2019-11-20T04:51:42.423Z,1574225502,2019-10-27T00:00:00.000Z,1574225502,1|1|1,1574225502,Lan Zhan's winter of romance begins to unfold into unexpected spring when he least expects it.,1574225502,2160,1574225502,-1,1574225502,0,1574225502,,2019-11-20T04:51:42.409Z,1574225502,0,1574225502
21219722,Lucky_Moony,1575157345,"陈情令 | The Untamed (TV), 魔道祖师 - 墨香铜臭 | Módào Zǔshī - Mòxiāng Tóngxiù",1575157345,...,,...,,Holding the world in my hands,1575157345,2019-11-30T23:42:25.104Z,1575157345,2019-11-30T00:00:00.000Z,1575157345,6|12|0,1575157345,"The Yiling Patriarch has often claimed that if he could bear a little Master Lan for his husband, he would do so.Does this mean that Lan Sizhui will finally get the siblings he has once asked for?",1575157345,11747,1575157345,-1,1575157345,0,1575157345,,2019-11-30T23:42:25.056Z,1575157345,0,1575157345
21225155,Jamilton_and_Lams,1572813805,Mo Dao Zu Shi,1572813805,...,,...,,Did I even ever matter to you?,1572813805,2019-11-03T20:43:24.952Z,1572813805,2019-10-29T00:00:00.000Z,1572813805,1|1|1,1572813805,A lie. It had all been a lie.(Why was he even surprised? When had life ever been fair to him?)He stands by the apartment door as he watches the money exchange hands and hears the groans of disbelief echoed through the group. He stands there watching the man he is in love with - the man he thought was in love with him - accepting the money with a grin,1572813805,658,1572813805,-1,1572813805,0,1572813805,,2019-11-03T20:43:24.932Z,1572813805,0,1572813805
21225986,Lynx_the_Defier,1575823572,"魔道祖师 - 墨香铜臭 | Módào Zǔshī - Mòxiāng Tóngxiù, Naruto",1575823572,...,,...,,Fans From My Previous Life (In The Shadows),1575823572,2019-12-08T16:46:12.361Z,1575823572,2019-12-07T00:00:00.000Z,1575823572,5|?|0,1575823572,"Nie HuaiSang reincarnates as Nara Shikamaru, and is not amused. Though, reflecting on the last years of his life, he rarely felt as such... Hmm... That probably said something about him, hasn't it?Having too much time to think, HuaiSang comes to many conclusions; being an adult in child's form is a horror; Chakra can be more useful than spiritual energy; he will enjoy this life!(Further years of Nara Shikamaru bring forth some porn, many cloud-watching sessions, experimenting with chakra and very confused parents)",1575823572,5716,1575823572,-1,1575823572,0,1575823572,,2019-12-08T16:46:12.323Z,1575823572,0,1575823572
21230531,sarrysar,1572871942,魔道祖师 - 墨香铜臭 | Módào Zǔshī - Mòxiāng Tóngxiù,1572871942,...,,...,,trees whisper in the evening,1572871942,2019-11-04T12:52:21.565Z,1572871942,2019-10-29T00:00:00.000Z,1572871942,1|1|1,1572871942,He wants Mo Xuanyu to know that he remembers him whenever he catches his reflection in the corner of his eye and doesn't look entirely like himself.,1572871942,1635,1572871942,5,1572871942,1,1572871942,,2019-11-04T12:52:21.539Z,1572871942,0,1572871942
21232859,tokki_bird,1572870876,魔道祖师 - 墨香铜臭 | Módào Zǔshī - Mòxiāng Tóngxiù,1572870876,...,,...,,The Head,1572870876,2019-11-04T12:35:01.127Z,1572870901,2019-10-30T00:00:00.000Z,1572870876,1|1|1,1572870901,"‘What would happen,’ Mo Xuanyu thinks, ‘if the head did have a body to attach to?’-He trembles, and his head feels worse. This isn’t his body. This isn’t his body at all.-The body-offering ritual works a bit differently, and Wei Wuxian's body was a bit less destroyed than the Jin Sect would have people believe.",1572870876,1715,1572870876,5,1572870876,1,1572870901,,2019-11-04T12:35:00.967Z,1572870901,0,1572870876
21240269,lanjingyeets,1574134939,"魔道祖师 - 墨香铜臭 | Módào Zǔshī - Mòxiāng Tóngxiù, 魔道祖师 | Módào Zǔshī (Cartoon)",1574134939,...,,...,,"Softly, brightly",1574134939,,,2019-10-30T00:00:00.000Z,1574134939,1|1|1,1574736331,Light paints Mo Xuanyu’s face with new shades and shadows.,1574134939,509,1574134939,1,1574134939,1,,,2019-11-26T02:45:30.734Z,1574736331,0,1574134939
21268175,Grissel,1574225401,"魔道祖师 - 墨香铜臭 | Módào Zǔshī - Mòxiāng Tóngxiù, 陈情令 | The Untamed (TV)",1574225401,...,,...,,Чересчур далеко все  зашло,1574225401,2019-11-20T04:50:01.240Z,1574225401,2019-11-01T00:00:00.000Z,1574225401,1|1|1,1574225401,"Лань Чжань не уверен, кого именно он любит.",1574225401,2769,1574225401,-1,1574225401,0,1574225401,,2019-11-20T04:50:01.215Z,1574225401,0,1574225401
21285329,Graymalkyn,1574224534,魔道祖师 - 墨香铜臭 | Módào Zǔshī - Mòxiāng Tóngxiù,1574224534,...,,...,,(Re)Collection,1574224534,2019-11-20T04:35:33.708Z,1574224534,2019-11-17T00:00:00.000Z,1574224534,3|?|0,1574224534,"A collection of stories (multichapter and one-shots) with different modern and an alternative settings of the Mo Dao Zu Shi universe. 1) Trigger --- Pet Shop assistant!Wei Ying & Musical prodigy!Wang Ji... But is that really his name? (And is that really the order of the couple?)2) This Time --- Heirs Lan Xichen and Jiang Cheng meet again during a speed dating experience to get elite wives.3) Me and Him or You and Me --- Lan Jingyi, Lan Sizhui, and Jin Ling face a particularly inquisitive demon.4) Concealed --- A slightly different take on the A/B/O setting for Lan Wangji, Wei Wuxian, and Mo Xuanyu.5) Under the Wisteria --- Song Lan & Xiao Xingchen take a break on a summer afternoon.6) Because of Him --- Jin Guangyao and Jiang Cheng bond over bad parenting and the cutest little nephew ever.7) (Readers' choice!)  (See note in the first chapter.)",1574224534,8049,1574224534,-1,1574224534,0,1574224534,,2019-11-20T04:35:33.685Z,1574224534,0,1574224534
21286034,krazieLeylines,1574905268,魔道祖师 - 墨香铜臭 | Módào Zǔshī - Mòxiāng Tóngxiù,1574905268,...,,...,,Murder at the Masquerade,1574905268,2019-11-28T01:41:08.285Z,1574905268,2019-11-23T00:00:00.000Z,1574905268,3|8|0,1574905268,"“You better behave tonight,” Jiang Cheng spoke up, poking a hole into Wei Wuxian’s thoughts. “Just because we’ll be in disguise does not mean your actions won’t have consequences. If I hear of any mischief, I will know exactly who to blame.”Wei Wuxian laughed again. “Well, that’s not fair,” he replied, “Is that not the whole purpose of a masquerade? To let ourselves be unrestrained, just for one night, with no strings attached?”(In which the Jin family hosts a masquerade.)",1574905268,20575,1574905268,1,1574905268,8,1574905268,,2019-11-28T01:41:08.258Z,1574905268,0,1574905268
21341053,shorimochi,1575824026,"陈情令 | The Untamed (TV), 魔道祖师 - 墨香铜臭 | Módào Zǔshī - Mòxiāng Tóngxiù, 陈情令 | The Untamed (TV) RPF",1575824026,...,,...,,Switched,1575824026,2019-12-08T16:53:46.142Z,1575824026,2019-11-30T00:00:00.000Z,1575824026,59|59|1,1575824026,"When an actor transmigrated into a fictional world, and a fictional character transmigrated into the real world.There are a lot of things Xiao Zhan could do - sing, dance, act, cook, draw - but not fighting cultivators, and definitely not summon an army of corpses! Most importantly, how can he handle being around Wang Yibo's fictional self when he knew the man had been fantasising about him since fifteen?Wei Wuxian swore just a few minutes ago he was still out there, destroying the Wens who had taken away his home, but when he opened his eyes he arrived at a dreamland where there are moving pictures, metal carriages, and people are so rich they poop in a beautiful white porcelain throne. Also, why does the Lan Zhan he saw smile so often and talk so much?",1575824026,95106,1575824026,-1,1575824026,0,1575824026,,2019-12-08T16:53:46.106Z,1575824026,0,1575824026
21355066,NA9e,1574225343,魔道祖师 - 墨香铜臭 | Módào Zǔshī - Mòxiāng Tóngxiù,1574225343,...,,...,,Lotus and Motorcycle,1574225343,2019-11-20T04:49:03.109Z,1574225343,2019-11-08T00:00:00.000Z,1574225343,1|1|1,1574225343,Lan Xichen falls hard for the women in leather jacket. Please note that this is hetero Xicheng.,1574225343,2946,1574225343,-1,1574225343,0,1574225343,,2019-11-20T04:49:03.070Z,1574225343,0,1574225343
21360367,dragonofeternal,1574134710,魔道祖师 - 墨香铜臭 | Módào Zǔshī - Mòxiāng Tóngxiù,1574134710,...,,...,,Don't Look Down,1574134710,2019-11-19T03:38:30.287Z,1574134710,2019-11-08T00:00:00.000Z,1574134710,1|1|1,1574134710,Mo Xuanyu had been plagued by a sense of foreboding long before he was exiled from Koi Tower.,1574134710,758,1574134710,5,1574134710,1,1574134710,,2019-11-19T03:38:30.263Z,1574134710,0,1574134710
21363322,havisham,1573270597,The Lighthouse (2019),1573270597,...,,...,,eternal gull enmity,1573270597,2019-11-09T03:38:05.436Z,1573270685,2019-11-09T00:00:00.000Z,1573270597,1|1|1,1573270685,"Like the Rime of the Ancient Mariner, but smaller and dirtier and also not like that at all: after his death, Ephraim Winslow is turned into a enemy gull. He deals with it the best way he knows how: by antagonizing the doomed humans who followed behind him.",1573270597,405,1573270597,3,1573270612,1,1573270685,,2019-11-09T03:38:05.282Z,1573270685,0,1573270597
21384055,linguamortua,1575158166,The King (2019),1575158166,...,,...,,Wormwood and Gall,1575158166,2019-12-08T16:10:57.937Z,1575821458,2019-11-10T00:00:00.000Z,1575158166,1|1|1,1575821458,"It didn’t do to be bitter. Only Hal was allowed to be bitter. Had John been a less obliging friend, and Hal not a prince, John might have made the observation that most of Hal’s tribulations were of his own devising. 


  He did devise, that boy.",1575158166,1796,1575158166,5,1575158166,1,1575821458,,2019-12-08T16:10:57.824Z,1575821458,0,1575158166
21389122,Ariana,1574133865,魔道祖师 - 墨香铜臭 | Módào Zǔshī - Mòxiāng Tóngxiù,1574133865,...,,...,,Winter Daydreams,1574133865,2019-11-19T03:24:25.010Z,1574133865,2019-11-11T00:00:00.000Z,1574133865,1|1|1,1574133865,"When he was eleven years old, Mo Xuanyu met a certain stranger on the outskirts of Mo Village.",1574133865,1406,1574133865,5,1574133865,1,1574133865,,2019-11-19T03:24:24.962Z,1574133865,0,1574133865
21394738,akaidemic,1574250645,魔道祖师 - 墨香铜臭 | Módào Zǔshī - Mòxiāng Tóngxiù,1574250645,...,,...,,Lay me down,1574250645,2019-11-20T11:50:44.828Z,1574250645,2019-11-11T00:00:00.000Z,1574250645,1|1|1,1574250645,Mo Xuanyu had always wanted to fall in love. It's just hard to see when you're asleep with eyes open.,1574250645,1725,1574250645,1,1574250645,1,1574250645,,2019-11-20T11:50:44.801Z,1574250645,0,1574250645
21406744,FayJay,1576026403,"陈情令 | The Untamed (TV), 魔道祖师 - 墨香铜臭 | Módào Zǔshī - Mòxiāng Tóngxiù, 魔道祖师 | Módào Zǔshī (Cartoon)",1576026403,...,,...,,Tall Once More In The Spring Wind,1576026403,2019-12-11T01:06:43.396Z,1576026403,2019-12-08T00:00:00.000Z,1576026403,15|?|0,1576026403,...,1576026403,31121,1576026403,-1,1576026403,0,1576026403,,2019-12-11T01:06:43.365Z,1576026403,0,1576026403
21425764,Miss_Writers_Block,1574225119,魔道祖师 - 墨香铜臭 | Módào Zǔshī - Mòxiāng Tóngxiù,1574225119,...,,...,,Marriage Negotiations,1574225119,2019-11-20T04:45:18.693Z,1574225119,2019-11-13T00:00:00.000Z,1574225119,1|1|1,1574225119,Wherein Jiang Yanli Uses Her Power of Negotiation and Badassery to Befriend the Venerated Triad and Fix the Timeline,1574225119,887,1574225119,-1,1574225119,0,1574225119,,2019-11-20T04:45:18.658Z,1574225119,0,1574225119
21428275,firesonic152,1574979953,魔道祖师 - 墨香铜臭 | Módào Zǔshī - Mòxiāng Tóngxiù,1574979953,...,,...,,The Resurrected Turnabout,1574979953,2019-11-28T22:25:53.184Z,1574979953,2019-11-14T00:00:00.000Z,1574979953,1|1|1,1574979953,"The entire Mo family – mother, father, son – had been wiped out in a single night, found dead in their beds the next morning. The cause of death was the same for all of them: loss of blood due to an amputated left arm.Mo Xuanyu is tried for their murders and Lan Wangji discovers some new evidence in the process.",1574979953,4065,1574979953,3,1574979953,1,1574979953,,2019-11-28T22:25:53.160Z,1574979953,0,1574979953
21454060,syriala,1574134237,"陈情令 | The Untamed (TV), 魔道祖师 - 墨香铜臭 | Módào Zǔshī - Mòxiāng Tóngxiù",1574134237,...,,...,,The Best Plan,1574134237,2019-11-19T03:30:37.423Z,1574134237,2019-11-16T00:00:00.000Z,1574134237,1|1|1,1574134237,"“How many people are you plotting to get together?” Mo Xuanyu wants to know and pushes Nie Huaisang away from him before he can do something stupid, like lean in and kiss that manic smile right off his damn kissable lips.",1574134237,1060,1574134237,-1,1574134237,0,1574134237,,2019-11-19T03:30:37.401Z,1574134237,0,1574134237
21486421,blahblahzhou,1574224515,"魔道祖师 - 墨香铜臭 | Módào Zǔshī - Mòxiāng Tóngxiù, 陈情令 | The Untamed (TV)",1574224515,...,,...,,【瑶薛/凌薛】金麟台上黄金屋,1574224515,2019-11-20T04:35:15.390Z,1574224515,2019-11-18T00:00:00.000Z,1574224515,3|?|0,1574224515,瑶哥观音庙撒手人寰，给金凌留下了金家和一只洋。本文主CP瑶薛，凌薛，有晓薛、曦瑶、宋薛、瑶愫、瑶羽、忘羡提及，混乱邪恶，三观不正，决不洗白，飙儿童车，婶婶文学，在线偷窥，BE预警，没有QJ。,1574224515,6625,1574224515,-1,1574224515,0,1574224515,,2019-11-20T04:35:15.349Z,1574224515,0,1574224515
21492349,Lumeriel,1574224393,魔道祖师 - 墨香铜臭 | Módào Zǔshī - Mòxiāng Tóngxiù,1574224393,...,,...,,Moments to collect,1574224393,2019-11-20T04:33:12.605Z,1574224393,2019-11-19T00:00:00.000Z,1574224393,6|6|1,1574224393,"Nie MingJue has to go take care of the family home while his parents are traveling. To advance work, he invites his secretary to accompany him. Explanatory note for everyone (Mo XuanYu and Nie HuaiSang): this is NOT a date.However, Nie MingJue's plans will be altered when he discovers his father is at home. Mr. Nie has things to say ... and to show the guest.
 
What would be the reaction of Nie MingJue's father to Meng Yao?
 
Twitter debate promoted by this humble me and with exquisite contributions from @sukaretorozu (see her art! She is a goddess!), @Rrbonapett (what to say about her art!) And someone else; but my memory is terrible.",1574224393,7768,1574224393,-1,1574224393,0,1574224393,,2019-11-20T04:33:12.585Z,1574224393,0,1574224393
21501637,Anonymous,1575377299,魔道祖师 - 墨香铜臭 | Módào Zǔshī - Mòxiāng Tóngxiù,1575377299,...,,...,,Distraction,1575377299,2019-12-03T12:48:18.636Z,1575377299,2019-11-20T00:00:00.000Z,1575377299,1|1|1,1575377299,"Mo Xuanyu knew it was wrong to fantasize over his half-brother (but you're only fantasizing, it's not like you'll ever act on it, what's the harm, right?), so when he starts noticing a mysterious handsome man hanging around Langling Jin (who's so beautiful, surely he can't be another bastard of Jin Guangshan's, right?), he lets his fantasies run away from him (maybe you'll finally get over your brother, and not be hopelessly in love with two unreachable men, right?)
When his half-brother approaches him with an opportunity to improve his cultivation, how could he refuse the potential to raise his standing in his brother's eyes? And who would've expected it would come with the chance to get to work with the other man who's been plaguing his fantasies too!
Unfortunately, Mo Xuanyu keeps getting distracted by the handsome man he's supposed to study with (and by thoughts of your brother), which eventually leads to Xue Yang proposing a way for Mo Xuanyu to get some more... practical experience with demonic cultivation. What could POSSIBLY go wrong?
(CW: rape and necrophilia)",1575377299,3702,1575377299,-1,1575377299,0,1575377299,,2019-12-03T12:48:18.591Z,1575377299,0,1575377299
21505258,Cedric_B,1575821727,"魔道祖师 - 墨香铜臭 | Módào Zǔshī - Mòxiāng Tóngxiù, 陈情令 | The Untamed (TV)",1575821727,...,,...,,falling in love with the right person,1575821727,2019-12-08T16:15:26.590Z,1575821727,2019-12-09T00:00:00.000Z,1575821727,4|?|0,1575821727,"ceo!xichen x social worker!jiang cheng. based off a tumblr au.~Jiang Cheng didn't have any regrets. No he didn't. Not until Jin Ling decided to run around with a particularly sharp butter knife, that he just knew Xue Yang had probably given the child. ""JIN LING YOU GET BACK HERE-I'm so sorry"" he stated towards the man, whose foot had been ran over by the child. ""YOU THREE GET BACK HERE"" his words may have been sharp, but the fondness in his gaze, made Xichen's heart race, he hadn't even gotten the man's name before he was running again.""Brother, are you okay?""""Of course, why would I not be?""""Your bleeding"" his younger brother gestured to the slight cut from the butter knife he had received from the child, but if he had to suffer another injury from the child, he would, he totally would, especially if it meant that angel in the dark purple velvet suit would speak to him again.""I will be"" he promised, gaze twinkling at the sight of the grumpy purple man holding three children in his arms.",1575821727,11872,1575821727,-1,1575821727,0,1575821727,,2019-12-08T16:15:26.558Z,1575821727,0,1575821727
21581224,Ilovexiexie666,1575822045,"魔道祖师 - 墨香铜臭 | Módào Zǔshī - Mòxiāng Tóngxiù, 魔道祖师 | Módào Zǔshī (Cartoon)",1575822045,...,,...,,【双聂ABO】铁血,1575822045,2019-12-08T16:20:45.367Z,1575822045,2019-12-08T00:00:00.000Z,1575822045,8|?|0,1575822045,乾元=Alpha  中庸=Beta  坤泽=Omega  雨露期=发情期  信香=信息素  清心丹=抑制剂  结契=标记,1575822045,25316,1575822045,-1,1575822045,0,1575822045,,2019-12-08T16:20:45.348Z,1575822045,0,1575822045
21591349,The_Sassiest_Trixster,1575823769,陈情令 | The Untamed (TV),1575823769,...,,...,,Supernatural Hospital,1575823769,2019-12-08T16:49:28.625Z,1575823769,2019-12-07T00:00:00.000Z,1575823769,10|?|0,1575823769,"At Supernatural General, Dr. Lan Wangji tackles health mysteries with his partner, Dr. Wei Wuxian and their team of brilliant supernatural doctors. While some of their methods may be unconventional, Dr. Lan, Dr. Wei, and their team strive to make sure that every patient under their care is well taken care of...and survives.",1575823769,14282,1575823769,-1,1575823769,0,1575823769,,2019-12-08T16:49:28.596Z,1575823769,0,1575823769
21619846,regshoe,1578195528,"Willie o Winsbury (Traditional Ballad), English and Scottish Popular Ballads - Francis James Child",1578195528,...,,...,,"No wonder, no wonder",1578195528,2020-01-05T03:38:48.146Z,1578195528,2019-12-17T00:00:00.000Z,1578195528,1|1|1,1578195528,"Like father, like daughter.",1578195528,1920,1578195528,1,1578195528,1,1578195528,,2020-01-05T03:38:48.126Z,1578195528,0,1578195528
21637897,FaramirsBlessing,1575823539,陈情令 | The Untamed (TV),1575823539,...,,...,,Of the Ice and Snow,1575823539,2019-12-08T16:45:39.388Z,1575823539,2019-12-07T00:00:00.000Z,1575823539,3|?|0,1575823539,Prompts for Untamed Fest 2019!!,1575823539,3298,1575823539,-1,1575823539,0,1575823539,,2019-12-08T16:45:39.348Z,1575823539,0,1575823539
21638764,shorimochi,1575823918,"陈情令 | The Untamed (TV), 陈情令 | The Untamed (TV) RPF, 魔道祖师 - 墨香铜臭 | Módào Zǔshī - Mòxiāng Tóngxiù, 人渣反派自救系统 - 墨香铜臭 | The Scum Villain's Self-Saving System - Mòxiāng Tóngxiù",1575823918,...,,...,,Switched - Extras,1575823918,2019-12-08T16:51:57.810Z,1575823918,2019-12-07T00:00:00.000Z,1575823918,12|?|0,1575823918,"A collection of extra chapters from previous fic, 'Switched'.In which characters and actors found themselves transmigrated out of their will into unexpected worlds.Luo Binghe travelled across dimensions to look for his love.Meanwhile, Xiao Zhan and Wang Yibo had already met the dimension-crossing demon's beloved master before.And Wei Wuxian is _____",1575823918,19719,1575823918,-1,1575823918,0,1575823918,,2019-12-08T16:51:57.781Z,1575823918,0,1575823918
21641446,malkinmalkout,1575825417,魔道祖师 - 墨香铜臭 | Módào Zǔshī - Mòxiāng Tóngxiù,1575825417,...,,...,,Deep in the Woods,1575825417,2019-12-09T05:04:47.965Z,1575867888,2019-12-02T00:00:00.000Z,1575825417,1|1|1,1575867888,Wei Wuxian discovers a new kind of pornography which makes him very curious. Luckily Lan Wangji is there to help.,1575825417,5371,1575825417,5,1575825417,1,1575867888,,2019-12-09T05:04:47.764Z,1575867888,0,1575825417
21646795,LanYiLan,1575823864,Mo Dao Zu Shi,1575823864,...,,...,,Musician between doctors,1575823864,2019-12-08T16:51:03.775Z,1575823864,2019-12-07T00:00:00.000Z,1575823864,2|2|1,1575823864,"Wei WuXian dissapeard from the eyes of his beloved. He is hiding from his family, from his lover and kids. The, the renown, pop star dissapeard with no trace. Everyone think he passed away.He returns after 20 years of being away, Wei WuXian comes back, as a teacher and the University of medicine, Cloud Recesses university, from Gusu, renoun because, because the medicine curriculum, they also have an art club and a music club, where Wei WuXian will become the teacher of. But he didn't thought that, there he will see, after 20 years from being apart, he ones he missed he loved.",1575823864,2177,1575823864,-1,1575823864,0,1575823864,,2019-12-08T16:51:03.758Z,1575823864,0,1575823864
21662386,Beyondthecanon,1579408730,女将军和长公主 - 请君莫笑 | Female General and Eldest Princess - Qǐng Jūn Mò Xiào,1579408730,...,,...,,In This Moment,1579408730,2020-01-19T04:38:50.118Z,1579408730,2019-12-03T00:00:00.000Z,1579408730,1|1|1,1579408730,"Li Xian finds herself surprisingly relaxed in sub-optimal conditions; Lin Wanyue, on the other hands, can't seem to stop her beating heart...",1579408730,1229,1579408730,1,1579408730,1,1579408730,,2020-01-19T04:38:50.093Z,1579408730,0,1579408730
21672256,faradheia,1578252707,"魔道祖师 | Módào Zǔshī (Cartoon), 魔道祖师 - 墨香铜臭 | Módào Zǔshī - Mòxiāng Tóngxiù, 陈情令 | The Untamed (TV)",1578252707,...,,...,,Comfort In Darkness,1578252707,2020-01-05T19:31:48.458Z,1578252708,2019-12-04T00:00:00.000Z,1578252707,1|1|1,1578252708,"After a night hunt alpha Lan Sizhui comforts his friend, omega Jin Ling.",1578252707,2540,1578252707,-1,1578252708,0,1578252708,,2020-01-05T19:31:48.423Z,1578252708,0,1578252707
21682933,girlmarauders,1578196314,A Charm of Magpies Series - K. J. Charles,1578196314,...,,...,,anonymous and sweet,1578196314,2020-01-05T03:51:53.658Z,1578196314,2019-12-05T00:00:00.000Z,1578196314,1|1|1,1578196314,"It was a glorious day, the sun hot and bright and the breeze spritely, enough to move skirts and sails but with no threat of storm; a good fisherman's wind.",1578196314,3054,1578196314,5,1578196314,1,1578196314,,2020-01-05T03:51:53.611Z,1578196314,0,1578196314
21699097,rivlee,1577628782,陈情令 | The Untamed (TV),1577628782,...,,...,,I Will Become What I Deserve,1577628782,2019-12-29T14:13:02.252Z,1577628782,2019-12-27T00:00:00.000Z,1577628782,9|?|0,1577628782,A series of ficlets focused on the Nie Brothers in the LAHL 'verse.,1577628782,13012,1577628782,-1,1577628782,0,1577628782,,2019-12-29T14:13:02.227Z,1577628782,0,1577628782
21700930,viktuuriousred,1575823873,"魔道祖师 - 墨香铜臭 | Módào Zǔshī - Mòxiāng Tóngxiù, 陈情令 | The Untamed (TV)",1575823873,...,,...,,music of the night (phantom of the opera AU),1575823873,2019-12-08T16:51:12.778Z,1575823873,2019-12-07T00:00:00.000Z,1575823873,1|16|0,1575823873,"Wei Wuxian of Yunmeng has unheard of talent. An actor, a singer, a musician, and a successful librettist/playwright to name a few of his many abilities. He has brought his continent-wide famous opera entitled, quite plainly, ""Opera Ghost"" to one of the most famous opera houses in the west, and much is riding on the reception the Europeans give him for the performances. Too nervous to perform in the premier of ""Opera Ghost"" as the androgynous lead, the captivating ""Christian"", he sends out his understudy Xue Yang, who, quite frankly, bombs his performance. Wei Wuxian is forced onto the stage at the beginning of the second act after an unexpected accident, where he stuns the Parisian audience and causes a young foreigner in the crowd, a Viscount of Chinese nobility, in European terms, to summon the courage to reunite with his childhood friend.While the Viscount (Lan Wangji) and Wei Wuxian realize their feelings for one another, there are a lot of strange goings-on at the opera house. How is it possible for Wei Wuxian to be so inhumanly talented, for one? Who is his great tutor? Who is responsible for these mysterious accidents impacting other talented actors? Why is Box 5 in the balcony always kept empty?",1575823873,1751,1575823873,-1,1575823873,0,1575823873,,2019-12-08T16:51:12.754Z,1575823873,0,1575823873
21702763,IllusoryCrystal,1577643319,"魔道祖师 - 墨香铜臭 | Módào Zǔshī - Mòxiāng Tóngxiù, 魔道祖师 | Módào Zǔshī (Cartoon)",1577643319,...,,...,,Rebirth,1577643319,2019-12-29T18:15:18.884Z,1577643319,2019-12-25T00:00:00.000Z,1577643319,4|?|0,1577643319,Another reincarnation fic no one asked for.,1577643319,8149,1577643319,-1,1577643319,0,1577643319,,2019-12-29T18:15:18.858Z,1577643319,0,1577643319
21707392,Hamliet,1575823764,"陈情令 | The Untamed (TV), 魔道祖师 - 墨香铜臭 | Módào Zǔshī - Mòxiāng Tóngxiù",1575823764,...,,...,,Phantom Pain,1575823764,2019-12-08T16:49:23.942Z,1575823764,2019-12-07T00:00:00.000Z,1575823764,1|13|0,1575823764,"Have you heard? Sect Leader Lan married his disgraced sworn brother! His brother eloped with the Yiling Patriarch, the new young Sect Leader Jin disrespects Sect Leader Jiang at every turn, and the Head-Shaker turned to demonic cultivation to revive his brother! After Jin Ling makes a decision with drastic consequences at the Guanyin Temple, the four sects find themselves caught up in chaos. When phantom attacks begin, no one is quite sure whether to blame one of the two known villains lurking in the Cloud Recesses, or if a new villain has emerged.",1575823764,3774,1575823764,-1,1575823764,0,1575823764,,2019-12-08T16:49:23.914Z,1575823764,0,1575823764
21707953,moonlightsubaki,1575823755,魔道祖师 - 墨香铜臭 | Módào Zǔshī - Mòxiāng Tóngxiù,1575823755,...,,...,,Plum Blossoms,1575823755,2019-12-08T16:49:15.088Z,1575823755,2019-12-08T00:00:00.000Z,1575823755,1|1|1,1575823755,“The fragrance of plum blossom comes from bitterness and coldness.”Getting turned into a vampire was not what Wei Wuxian meant when he asked for his last year of university to be eventful.,1575823755,2864,1575823755,-1,1575823755,0,1575823755,,2019-12-08T16:49:15.066Z,1575823755,0,1575823755
21711781,cereal_whore,1575822091,"魔道祖师 - 墨香铜臭 | Módào Zǔshī - Mòxiāng Tóngxiù, 陈情令 | The Untamed (TV)",1575822091,...,,...,,reality? (never heard of that server),1575822091,2019-12-08T16:21:30.517Z,1575822091,2019-12-08T00:00:00.000Z,1575822091,1|?|0,1575822091,"“Who the fuck is 'Wei Wuxian and Junk Cheng are Cool'?"" Jin Zixuan squints.""What the heck is a 'Junk Cheng' and how do I protect myself from it?"" Jin Rulan scrunches his nose.-Modern AU where a virtual reality game is more desirable than real-life (bc it suc ks), leaving players pulling a global warming by pretending like there's not a problem in ignoring reality.Wei Wuxian and Jiang Chen, amateurs playing to rack up money to pay off a debt from a loanshark, are unknowingly good at the game. Then, they hear about an official competition. The reward? A wish granted by the game's creators. Winning is a literal solution to their current financial and abusive living situation. Problem is? They need five members to enter, and that each team only gets one wish. With five assholes forced to work together, striving for an individual wish that’d fix their own tragic backstory written like they’re on b99, they might not even cooperate long enough to even reach the second problem. Or: the fic where Wei Wuxian, Jiang Chen, Lan Wangji, Jin Zixuan, and Nie Huaisang have to get along long enough without Yanlin Jiejie's hand-holding.",1575822091,8713,1575822091,-1,1575822091,0,1575822091,,2019-12-08T16:21:30.487Z,1575822091,0,1575822091
21716716,Ladybug_21,1579147561,The Bletchley Circle,1579147561,...,,...,,Wassail,1579147561,2020-01-16T04:06:00.946Z,1579147561,2019-12-08T00:00:00.000Z,1579147561,1|1|1,1579147561,"Caroling?""  Jean turned to Lucy.""Even during times of war, Christmas should be all about joy and harmony,"" Lucy said earnestly.",1579147561,2828,1579147561,3,1579147561,1,1579147561,,2020-01-16T04:06:00.918Z,1579147561,0,1579147561
21719029,Christian_Richtown,1575822014,"陈情令 | The Untamed (TV), 魔道祖师 - 墨香铜臭 | Módào Zǔshī - Mòxiāng Tóngxiù",1575822014,...,,...,,Multiverse Collection,1575822014,2019-12-08T16:20:13.880Z,1575822014,2019-12-08T00:00:00.000Z,1575822014,2|29|0,1575822014,"Mostly Xicheng and Wangxian drabbles from a prompt list that exploded on my tumblr. Wanted to give them a proper home here where I could categorize them more properly and make them easier to access/read in order. Will be updated daily with two chapters going up together.Featuring my Greek Gods AU, Psychic Detectives AU, Time Master and the Tailor AU, and Vampire!JC AU, among others.",1575822014,3520,1575822014,-1,1575822014,0,1575822014,,2019-12-08T16:20:13.839Z,1575822014,0,1575822014
21720853,bleustocking,1576336742,Original Work,1576336742,...,,...,,To a Green Thought in a Green Shade,1576336742,2019-12-15T07:52:21.021Z,1576396341,2019-12-11T00:00:00.000Z,1576336742,1|1|1,1576396341,"Kreios, a vampire, longs to die. He learns of a creature that can possibly end his long life and pursues every end to get what he wants.",1576336742,2956,1576336742,1,1576336742,1,1576396341,,2019-12-15T07:52:20.810Z,1576396341,0,1576336742
21733894,Naamah_Beherit,1577332409,天官赐福 - 墨香铜臭 | Tiān Guān Cì Fú - Mòxiāng Tóngxiù,1577332409,...,,...,,When It Hurts to Remember,1577332409,2019-12-26T03:53:29.199Z,1577332409,2019-12-09T00:00:00.000Z,1577332409,1|1|1,1577332409,"He comes to his senses in a dark, empty cave, amidst the rocks and rubble he brought down with himself. Somewhere above him, a sliver of a red sky can be seen, far enough that he can’t reach it. Not now, when he barely moves.

  It’s a funny thing, moving as a ghost. It’s the idea, the will and determination to transfer consciousness in iterations, to slither one’s thoughts into the cracks of the world where there are none. He’s done it, he thinks. He has never tried it, he fears. He sees no point in doing it, he knows. But

   

  There is something he should remember.
**10 years of madness. Hua Cheng in Mount TongLu.",1577332409,4063,1577332409,1,1577332409,1,1577332409,,2019-12-26T03:53:29.158Z,1577332409,0,1577332409
21747343,Liyi,1577649386,魔道祖师 - 墨香铜臭 | Módào Zǔshī - Mòxiāng Tóngxiù,1577649386,...,,...,,Another Life,1577649386,2019-12-29T19:56:26.493Z,1577649386,2019-12-10T00:00:00.000Z,1577649386,1|?|0,1577649386,In Which Mo Xuanyu is Wei Wuxian's brother.,1577649386,336,1577649386,1,1577649386,,1577649386,,2019-12-29T19:56:26.337Z,1577649386,0,1577649386
21748861,Fairleigh,1578253584,The Lighthouse (2019),1578253584,...,,...,,The Truth in the Light,1578253584,2020-01-05T19:46:23.796Z,1578253584,2019-12-25T00:00:00.000Z,1578253584,1|1|1,1578253584,"Thomas saw that truth in the light, and he recoiled from it. Then, he fell.",1578253584,1026,1578253584,3,1578253584,1,1578253584,,2020-01-05T19:46:23.768Z,1578253584,0,1578253584
21771877,Naamah_Beherit,1577333001,天官赐福 - 墨香铜臭 | Tiān Guān Cì Fú - Mòxiāng Tóngxiù,1577333001,...,,...,,In the Shattering of Things,1577333001,2019-12-26T04:03:21.303Z,1577333001,2019-12-12T00:00:00.000Z,1577333001,1|1|1,1577333001,"A war's coming to an end - and so does life.Or: Hua Cheng, the end. And the beginning.",1577333001,1985,1577333001,3,1577333001,1,1577333001,,2019-12-26T04:03:21.272Z,1577333001,0,1577333001
21795946,phantomlistener,1578319077,The Bletchley Circle,1578319077,...,,...,,"in part at least, golden",1578319077,2020-01-06T13:57:57.349Z,1578319077,2019-12-14T00:00:00.000Z,1578319077,1|1|1,1578319077,"Millie didn’t know where the skates had come from but Bletchley was suddenly awash with them, passed from girl to girl with indiscriminate goodwill. At lunchtimes and in the evenings they congregated on the ice, slipping and laughing their way in orderly circles clockwise around the edge; the more daring amongst them ventured into the middle, where they twirled perfect figure-of-eights and danced hand-in-hand to the good-natured applause of their friends.
Winter at Bletchley turns to ice and snow, and Millie has time to reflect.",1578319077,2243,1578319077,3,1578319077,1,1578319077,,2020-01-06T13:57:57.320Z,1578319077,0,1578319077
21799897,Jenett,1578161256,"England Series - K. J. Charles, Think of England - K. J. Charles, Proper English - K. J. Charles",1578161256,...,,...,,"Before, During, After",1578161256,2020-01-04T18:07:35.662Z,1578161256,2019-12-15T00:00:00.000Z,1578161256,1|1|1,1578161256,"Meeting Fen Carruth entirely changed Pat Merton's life for the better. That they get to solve mysteries together is a delightful bonus. (Pat's experiences before, during, and after the events of Think of England)",1578161256,7024,1578161256,5,1578161256,1,1578161256,,2020-01-04T18:07:35.637Z,1578161256,0,1578161256
21825148,persicae,1578215320,哪吒之魔童降世 | Né Zhā Zhī Mó Tóng Jiàng Shì (2019),1578215320,...,,...,,Avowal,1578215320,2020-01-05T09:08:40.214Z,1578215320,2019-12-25T00:00:00.000Z,1578215320,1|1|1,1578215320,"It doesn't matter how much dragon blood flows through Ao Bing's veins - he learned early on that to survive was to be human. But Nezha is intrigued despite Ao Bing's attempts to keep his dragon form hidden, and it's not long before Ao Bing finds himself at war with his own heart.Nezha makes sure he isn't fighting that war alone.",1578215320,13440,1578215320,5,1578215320,1,1578215320,,2020-01-05T09:08:40.171Z,1578215320,0,1578215320
21830464,ThirtySixSaveFiles,1576605237,魔道祖师 - 墨香铜臭 | Módào Zǔshī - Mòxiāng Tóngxiù,1576605237,...,,...,,distractions are hard to come by (but you're easy to find),1576605237,2019-12-17T17:53:56.538Z,1576605237,2019-12-17T00:00:00.000Z,1576605237,1|1|1,1576605237,Jiang Cheng seems to get shown up by Wei Wuxian at every turn; Nie Huaisang has an idea about something Jiang Cheng can be first at.,1576605237,1155,1576605237,3,1576605237,1,1576605237,,2019-12-17T17:53:56.510Z,1576605237,0,1576605237
21837337,rainingover,1578314398,"陈情令 | The Untamed (TV), 魔道祖师 - 墨香铜臭 | Módào Zǔshī - Mòxiāng Tóngxiù",1578314398,...,,...,,heartbeats,1578314398,2020-01-06T12:39:57.774Z,1578314398,2019-12-25T00:00:00.000Z,1578314398,1|1|1,1578314398,"Sometimes, Lan Wangji wants nothing more than to do away with all responsibilities—forget cultivation classes, forget guqin practise, forget politics and filial responsibility and everything else—and remain naked, warm and dreamlike, in the perfect state that only exists during the blissful comedown after sex with Wei Wuxian.",1578314398,3769,1578314398,1,1578314398,1,1578314398,,2020-01-06T12:39:57.730Z,1578314398,0,1578314398
21838648,dust_motes,1578254254,Castlevania (Cartoon),1578254254,...,,...,,(No) Comfort in Eternity,1578254254,2020-01-05T19:57:33.526Z,1578254254,2019-12-25T00:00:00.000Z,1578254254,1|1|1,1578254254,Shit might be Trevor Belmont's very favorite word.,1578254254,1304,1578254254,3,1578254254,1,1578254254,,2020-01-05T19:57:33.502Z,1578254254,0,1578254254
21839131,ikouwakemeup,1577644687,"魔道祖师 - 墨香铜臭 | Módào Zǔshī - Mòxiāng Tóngxiù, 魔道祖师 | Módào Zǔshī (Cartoon)",1577644687,...,,...,,jade seals our forevers,1577644687,2019-12-29T18:38:06.565Z,1577644687,2019-12-17T00:00:00.000Z,1577644687,1|?|0,1577644687,the lesbian mdzs au no one asked for,1577644687,763,1577644687,1,1577644687,,1577644687,,2019-12-29T18:38:06.539Z,1577644687,0,1577644687
21840031,novembersmith,1578162076,天官赐福 - 墨香铜臭 | Tiān Guān Cì Fú - Mòxiāng Tóngxiù,1578162076,...,,...,,why wait,1578162076,2020-01-04T18:21:16.342Z,1578162076,2019-12-25T00:00:00.000Z,1578162076,1|1|1,1578162076,"“Why should we wait until after the wedding?” Xie Lian asked curiously. His face was bright red and his eyes were focused somewhere off over Hua Cheng’s shoulder, yet he had the audacity to still sound genuinely puzzled.",1578162076,3731,1578162076,1,1578162076,1,1578162076,,2020-01-04T18:21:16.307Z,1578162076,0,1578162076
21842296,LadyReisling,1578283320,Anne of Green Gables - L. M. Montgomery,1578283320,...,,...,,A Cordial Romance,1578283320,2020-01-06T04:02:00.282Z,1578283320,2019-12-18T00:00:00.000Z,1578283320,1|1|1,1578283320,"They were the best of friends. Bosom friends. Kindred spirits, Anne said. And maybe, with this invitation to tea at Green Gables… Maybe they could even be all that Diana wanted, in her heart of hearts, for them to be.",1578283320,1065,1578283320,3,1578283320,1,1578283320,,2020-01-06T04:02:00.256Z,1578283320,0,1578283320
21842668,brampersandon,1578319044,The Lighthouse (2019),1578319044,...,,...,,i would breathe water,1578319044,2020-01-06T13:57:24.340Z,1578319044,2019-12-25T00:00:00.000Z,1578319044,1|1|1,1578319044,"Yer hands are filthy."" He spits right there on the floor, watches it bubble. ""Don't want that in my mouth.""When he does look up, he expects Thomas to launch into another tirade, lay one more curse upon him. Instead he only laughs, scratchy and wheezing. ""That so? I got bad news about the rest of me, boy.",1578319044,2433,1578319044,5,1578319044,1,1578319044,,2020-01-06T13:57:24.313Z,1578319044,0,1578319044
21843961,Suaine,1578075119,"Juuni Kokki | Twelve Kingdoms, 陈情令 | The Untamed (TV)",1578075119,...,,...,,,1578075119,2020-01-03T18:11:59.032Z,1578075119,2019-12-18T00:00:00.000Z,1578075119,1|1|1,1578075119,Risai and Taiki arrive in Tai and meet some new friends.,1578075119,3321,1578075119,-1,1578075119,0,1578075119,,2020-01-03T18:11:58.993Z,1578075119,0,1578075119
21844066,labocat,1578076440,天官赐福 - 墨香铜臭 | Tiān Guān Cì Fú - Mòxiāng Tóngxiù,1578076440,...,,...,,leave me tongue tied,1578076440,2020-01-03T18:33:59.854Z,1578076440,2019-12-25T00:00:00.000Z,1578076440,1|1|1,1578076440,"“Are you away from the flowers now?”
  “Yes. I set a seal which should hold them back until we can deal with them. But...if I deal with it the other way, I won’t be able to hold it. Or talk to you in the array.” 
  “Then don’t come. Focus on me; tell me what you’re doing, but stop if you get too close.”",1578076440,4042,1578076440,3,1578076440,1,1578076440,,2020-01-03T18:33:59.817Z,1578076440,0,1578076440
21844774,FairestCat,1578253352,Astreiant Series - Melissa Scott & Lisa A. Barnett,1578253352,...,,...,,Drying Out,1578253352,2020-01-05T19:42:31.577Z,1578253352,2019-12-18T00:00:00.000Z,1578253352,1|1|1,1578253352,"At the end of Point of Sighs, after the tide has turned, Philip and Nico take themselves home.",1578253352,1156,1578253352,3,1578253352,1,1578253352,,2020-01-05T19:42:31.542Z,1578253352,0,1578253352
21850120,chiqi,1577651724,魔道祖师 - 墨香铜臭 | Módào Zǔshī - Mòxiāng Tóngxiù,1577651724,...,,...,,beneath a blue-veiled night,1577651724,2019-12-29T20:35:23.540Z,1577651724,2019-12-18T00:00:00.000Z,1577651724,1|1|1,1577651724,Mo Xuanyu's birthday was planned to be celebrated in Qinghe.,1577651724,1389,1577651724,1,1577651724,1,1577651724,,2019-12-29T20:35:23.514Z,1577651724,0,1577651724
21853735,gdgdbaby,1578251752,哪吒之魔童降世 | Né Zhā Zhī Mó Tóng Jiàng Shì (2019),1578251752,...,,...,,try something new,1578251752,2020-01-05T19:15:51.534Z,1578251752,2019-12-25T00:00:00.000Z,1578251752,1|1|1,1578251752,"What do you mean, you don't eat?"" Nezha demanded, faintly outraged.",1578251752,6381,1578251752,1,1578251752,1,1578251752,,2020-01-05T19:15:51.503Z,1578251752,0,1578251752
21855619,Morvidra,1578283070,Anne of Green Gables - L. M. Montgomery,1578283070,...,,...,,"A Niveous Vignette, or Snow Story",1578283070,2020-01-06T03:57:50.253Z,1578283070,2019-12-19T00:00:00.000Z,1578283070,1|1|1,1578283070,"Anne and Diana are preparing dinner, but it's snowing outside.",1578283070,1128,1578283070,5,1578283070,1,1578283070,,2020-01-06T03:57:50.227Z,1578283070,0,1578283070
21891346,gdgdbaby,1578167740,天官赐福 - 墨香铜臭 | Tiān Guān Cì Fú - Mòxiāng Tóngxiù,1578167740,...,,...,,"let's make reality, actuality",1578167740,2020-01-04T19:55:40.074Z,1578167740,2019-12-25T00:00:00.000Z,1578167740,1|1|1,1578167740,"It definitely wasn't Xie Lian's fault that he had found himself in his current predicament: arms and legs bound by Ruoye, kneeling on the floor of Puji Shrine, robes askew. There were plenty of things he wasn't sure of, but he was very sure of that.",1578167740,3286,1578167740,3,1578167740,1,1578167740,,2020-01-04T19:55:40.056Z,1578167740,0,1578167740
21892129,Prinzenhasserin,1578254006,Castlevania (Cartoon),1578254006,...,,...,,Temptation,1578254006,2020-01-05T19:53:25.641Z,1578254006,2019-12-25T00:00:00.000Z,1578254006,1|1|1,1578254006,"His mother was the one who taught him to go without blood consumed directly from the source, and Alucard would not taint her memory. Except he was so sorely tempted...",1578254006,1299,1578254006,5,1578254006,1,1578254006,,2020-01-05T19:53:25.589Z,1578254006,0,1578254006
21894562,MrMissMrsRandom,1577643187,魔道祖师 - 墨香铜臭 | Módào Zǔshī - Mòxiāng Tóngxiù,1577643187,...,,...,,Burlesque,1577643187,2019-12-29T18:13:07.116Z,1577643187,2019-12-22T00:00:00.000Z,1577643187,1|1|1,1577643187,Mo Xuanyu assumes his life exists on the surface of understanding. His brother and Sect Leader Nie know better and drag him down in different ways.,1577643187,1643,1577643187,3,1577643187,1,1577643187,,2019-12-29T18:13:07.058Z,1577643187,0,1577643187
21898462,novembersmith,1578110266,Promare (2019),1578110266,...,,...,,big dick energy,1578110266,2020-01-04T03:57:46.169Z,1578110266,2019-12-25T00:00:00.000Z,1578110266,1|1|1,1578110266,"“Because I don’t want to break you with my dick!” Galo yells in the middle of crowded fire station. The ensuing silence is impressive, broken only by the sound of Galo slapping a hand over his own mouth.",1578110266,1465,1578110266,3,1578110266,1,1578110266,,2020-01-04T03:57:46.137Z,1578110266,0,1578110266
21902233,alby_mangroves,1578313994,Anne of Green Gables - L. M. Montgomery,1578313994,...,,...,,A Solemn Vow and Promise,1578313994,2020-01-06T12:33:15.164Z,1578313995,2019-12-25T00:00:00.000Z,1578313994,1|1|1,1578313995,"Anne had been behaving very strangely, and Diana was beginning to worry.",1578313994,2313,1578313994,1,1578313995,1,1578313995,,2020-01-06T12:33:15.136Z,1578313995,0,1578313994
21909196,gdgdbaby,1578074999,陈情令 | The Untamed (TV),1578074999,...,,...,,,1578074999,2020-01-03T18:10:11.128Z,1578075011,2019-12-25T00:00:00.000Z,1578074999,1|1|1,1578075011,"Haven't you heard?"" Nie Huaisang replied, clicking his tongue, though he was clearly pleased that he could be the one to break the news. He leaned in to announce with a dramatic flourish: ""Lan Wangji just took emergency family leave this past weekend.",1578074999,5894,1578074999,-1,1578075011,0,1578075011,,2020-01-03T18:10:11.096Z,1578075011,0,1578074999
21942997,shadowsapiens,1578075588,天官赐福 - 墨香铜臭 | Tiān Guān Cì Fú - Mòxiāng Tóngxiù,1578075588,...,,...,,Even Thirst Is a Gift,1578075588,2020-01-03T18:19:48.199Z,1578075588,2019-12-25T00:00:00.000Z,1578075588,1|1|1,1578075588,"Every time he wakes, he feels himself drawing closer to Xie Lian. However far he wanders, the red string will always anchor his heart.",1578075588,1464,1578075588,5,1578075588,1,1578075588,,2020-01-03T18:19:48.165Z,1578075588,0,1578075588
21944926,Fahye,1578112026,"陈情令 | The Untamed (TV), 魔道祖师 - 墨香铜臭 | Módào Zǔshī - Mòxiāng Tóngxiù",1578112026,...,,...,,Stainless,1578112026,2020-01-04T04:27:05.933Z,1578112026,2019-12-25T00:00:00.000Z,1578112026,1|1|1,1578112026,"I'm starting to feel,"" says Lan Xichen, ""that this was a counterproductive suggestion.""Wei Wuxian looks down onto the pristine, tranquil cold springs of the Cloud Recesses. Sitting in the water, their bare shoulders rising like dumplings carefully spaced in a steaming-basket, are a large number of Lan disciples.""They seem to be doing better,"" he says, encouragingly. ""If they--oh, no, I see what you mean.""At the near bank, someone has pressed someone else against the rocks and is kissing them frantically.",1578112026,6576,1578112026,5,1578112026,1,1578112026,,2020-01-04T04:27:05.893Z,1578112026,0,1578112026
21951313,Cousin Shelley (CousinShelley),1578283794,The Lighthouse (2019),1578283794,...,,...,,The Light is Mine,1578283794,2020-01-06T04:09:54.042Z,1578283794,2019-12-25T00:00:00.000Z,1578283794,1|1|1,1578283794,"A hard-workin' man finishes what he starts, Winslow.",1578283794,2009,1578283794,5,1578283794,1,1578283794,,2020-01-06T04:09:53.998Z,1578283794,0,1578283794
21958918,inberin,1577644495,魔道祖师 - 墨香铜臭 | Módào Zǔshī - Mòxiāng Tóngxiù,1577644495,...,,...,,birdhouse,1577644495,2019-12-29T18:34:55.244Z,1577644495,2019-12-25T00:00:00.000Z,1577644495,1|2|0,1577644495,"Mo Xuanyu is offered a different path. On this one, Nie Huaisang asks an old friend for a favor. Yiling-Wei AU, written for Sangyu Secret Santa 2019.",1577644495,4123,1577644495,1,1577644495,2,1577644495,,2019-12-29T18:34:55.207Z,1577644495,0,1577644495
22025686,This_Solaris_Life,1577763063,陈情令 | The Untamed (TV),1577763063,...,,...,,I Get to Love You,1577763063,2019-12-31T03:31:02.510Z,1577763063,2019-12-29T00:00:00.000Z,1577763063,4|?|0,1577763063,Meng Yao and Mo Xuanyu chat while waiting to pick out fabric.,1577763063,2918,1577763063,1,1577763063,,1577763063,,2019-12-31T03:31:02.477Z,1577763063,0,1577763063
22088026,Celestios,1578022500,"魔道祖师 - 墨香铜臭 | Módào Zǔshī - Mòxiāng Tóngxiù, 陈情令 | The Untamed (TV)",1578022500,...,,...,,Bright Lights,1578022500,2020-01-03T03:35:00.009Z,1578022500,2020-01-02T00:00:00.000Z,1578022500,1|?|0,1578022500,"Nie Huaisang loves his life; he's a brilliant and upcoming lawyer with a wonderful business partner, has three amazing boyfriends, and a good array of clients. It's just too bad that he doesn't believe in the so-called righteous justice system to get the job done. It's a good thing his boyfriends have the same set of beliefs.",1578022500,3403,1578022500,-1,1578022500,0,1578022500,,2020-01-03T03:34:59.927Z,1578022500,0,1578022500
22091386,FactorialRabbits,1578059088,"陈情令 | The Untamed (TV), 魔道祖师 - 墨香铜臭 | Módào Zǔshī - Mòxiāng Tóngxiù, 魔道祖师 | Módào Zǔshī (Cartoon)",1578059088,...,,...,,You Were Not Mine To Save,1578059088,2020-01-03T13:44:48.251Z,1578059088,2020-01-02T00:00:00.000Z,1578059088,1|1|1,1578059088,"Circumstances bring Sect Leader Nie to explain his involvement with Mo Xuanyu. The answer is deceptively simple, but immensely complex all the same.",1578059088,19906,1578059088,5,1578059088,1,1578059088,,2020-01-03T13:44:48.222Z,1578059088,0,1578059088
22105099,Misila,1578192626,魔道祖师 - 墨香铜臭 | Módào Zǔshī - Mòxiāng Tóngxiù,1578192626,...,,...,,Three facts,1578192626,2020-01-05T02:50:26.399Z,1578192626,2020-01-03T00:00:00.000Z,1578192626,1|1|1,1578192626,Nie Huaisang knows three things about the waiter that works at the bar of the theatre.,1578192626,671,1578192626,-1,1578192626,0,1578192626,,2020-01-05T02:50:26.367Z,1578192626,0,1578192626
22204522,chiqi,1579147083,魔道祖师 - 墨香铜臭 | Módào Zǔshī - Mòxiāng Tóngxiù,1579147083,...,,...,,breezy,1579147083,2020-01-16T03:58:02.688Z,1579147083,2020-01-11T00:00:00.000Z,1579147083,1|1|1,1579147083,Nie Huaisang escapes his responsibilities to enjoy a moment with Mo Xuanyu.,1579147083,739,1579147083,3,1579147083,1,1579147083,,2020-01-16T03:58:02.668Z,1579147083,0,1579147083
22273915,stanzas,1579412358,女将军和长公主 - 请君莫笑 | Female General and Eldest Princess - Qǐng Jūn Mò Xiào,1579412358,...,,...,,a free and easy kind of feeling,1579412358,2020-01-19T05:39:18.241Z,1579412358,2020-01-16T00:00:00.000Z,1579412358,1|1|1,1579412358,"After a moment, Li Xian sighs, warm and sweet. “Will you sleep beside me?”--Travelling west to Lian City, the princess and her companion rest for a night in the woods.",1579412358,4162,1579412358,3,1579412358,1,1579412358,,2020-01-19T05:39:18.217Z,1579412358,0,1579412358
22275649,BeneaththeBrim,1579412831,女将军和长公主 - 请君莫笑 | Female General and Eldest Princess - Qǐng Jūn Mò Xiào,1579412831,...,,...,,They stay with their silk,1579412831,2020-01-19T05:47:10.797Z,1579412831,2020-01-16T00:00:00.000Z,1579412831,1|2|0,1579412831,"This hot coal between them, Li Xian was glad to stoke it, even under the pretense of containing. All that thin paper of her voice, it was a whole new gameplay, tempering her eager and naive lover.But then, perhaps, it was the same game they had been playing for a long while. A game of push and pull, a game of distance and closeness,A game that ceased to be a game when they both lost control.",1579412831,2909,1579412831,1,1579412831,2,1579412831,,2020-01-19T05:47:10.771Z,1579412831,0,1579412831
22282804,verity,1579220804,女将军和长公主 - 请君莫笑 | Female General and Eldest Princess - Qǐng Jūn Mò Xiào,1579220804,...,,...,,surpassing,1579220804,2020-01-17T00:26:43.790Z,1579220804,2020-01-16T00:00:00.000Z,1579220804,1|1|1,1579220804,"Ah-Yue."" Li Xian freed her mouth to kiss Lin Wanyue's cheek, and then her ear, in just that place where Lin Wanyue's breath on her own had made Li Xian tremble. ""You know what it means—to take me as your wife.""""I don't know anything!"" Lin Wanyue said anxiously.Li Xian kissed Lin Wanyue's throat and stroked her side. ""I believe you,"" she said. ""It's only that Ah-yue is such a fast learner, always surpassing my expectations.",1579220804,1050,1579220804,3,1579220804,1,1579220804,,2020-01-17T00:26:43.764Z,1579220804,0,1579220804
26470222,skigee,1750198310,Historical RPF,1750198310,...,,...,,Scenes of Visionary,1750198310,2025-06-17T22:11:50.172Z,1750198310,2020-09-15T00:00:00.000Z,1750198310,1|1|1,1750198310,"Exploration, discovery, and an unspoken tension between friends.",1750198310,2332,1750198310,1,1750198310,1,1750198310,,2025-06-17T22:11:50.169Z,1750198310,0,1750198310
28071414,orphan_account,1750204515,"william clark - Fandom, Meriwether Lewis - Fandom",1750204515,...,,...,,rawr,1750204515,2025-06-17T23:55:15.241Z,1750204515,2020-12-14T00:00:00.000Z,1750204515,1|?|0,1750204515,"please help me im writing this instead of doing school. lewis and Clark fanfic. clark is a werewolf and lewis is his human mate. they have to travel to unknown lands, what happens is lewis gets prego ( with quadrupelets) speelin/grammer = bad",1750204515,116,1750204515,-1,1750204515,0,1750204515,,2025-06-17T23:55:15.240Z,1750204515,0,1750204515
29624178,can_of_chili,1750204614,Lewis and Clark,1750204614,...,,...,,Clark and Lewis,1750204614,2025-06-17T23:56:53.915Z,1750204614,2021-11-14T00:00:00.000Z,1750204614,?|?|?,1750204614,"Lewis and Clark enemies to lovers story if Lewis was a popular high school douchebag and Clark was a nerd. Updates whenever we write, though we try to do a chapter per week. If we haven't updated in a while, feel free to yell at us in the comments.",1750204614,63186,1750204614,-1,1750204614,0,1750204614,,2025-06-17T23:56:53.913Z,1750204614,0,1750204614
30025254,ellis89,1750204364,"Robot Chicken, Time Squad",1750204364,...,,...,,Bitch Pudding breaks the fourth wall clip,1750204364,2025-06-17T23:52:44.037Z,1750204364,2021-03-13T00:00:00.000Z,1750204364,1|1|1,1750204364,A sneak peek for my upcoming fanfic: the new misadventures of bitch pudding (based on a fanfic on wattapad),1750204364,117,1750204364,-1,1750204364,0,1750204364,,2025-06-17T23:52:44.035Z,1750204364,0,1750204364
32201671,astudyinfic,1751389467.73,"The Will Darling Adventures - K.J. Charles,England Series - K. J. Charles",1751389467.73,M/M,1751389467.73,Will Darling/Kim Secretan,1751389467.73,Past Present Future,1751389467.73,2025-07-01T17:04:27.731Z,1751389467.73,2021-06-26T04:00:00.000Z,1751389467.73,1|1|true,1751389467.73,Will reports along with Kim to the Private Bureau as requested. There he runs into someone he never expected to see again.,1751389467.73,2329,1751389467.73,5,1751389467.73,0,1751389467.73,1751389467.73,2025-07-01T17:12:43.987Z,1751389467.73,false,1751389467.73
39431163,PerfectlySteadfast,1669406635,The Will Darling Adventures - K. J. Charles,1669406635,...,,...,,Light Work,1669406635,2022-11-25T20:03:54.563Z,1669406635,2022-06-17T00:00:00.000Z,1669406635,1|1|1,1669406635,"Daniel finds himself back in the field, with a different partner, investigating a case of forgery.",1669406635,6182,1669406635,5,1669406635,1,1669406635,,2022-11-25T20:03:54.562Z,1669406635,0,1669406635
40808964,PenisExplosion985,1750204645,"Real Person Fiction, Ancient History RPF, American History RPF",1750204645,...,,...,,Lewis and Clark didn't just explore North America,1750204645,2025-06-17T23:57:25.117Z,1750204645,2022-08-05T00:00:00.000Z,1750204645,1|1|1,1750204645,Lewis slobbed on that knob till he Clarked,1750204645,193,1750204645,-1,1750204645,0,1750204645,,2025-06-17T23:57:25.114Z,1750204645,0,1750204645
41339898,WingsofFae,1750204535,Historical RPF,1750204535,...,,...,,Nothing More,1750204535,2025-06-17T23:55:34.576Z,1750204535,2022-08-28T00:00:00.000Z,1750204535,1|1|1,1750204535,"Two explorers take comfort in each other, but this... thing they have together means more to one of them than the other.",1750204535,449,1750204535,-1,1750204535,0,1750204535,,2025-06-17T23:55:34.574Z,1750204535,0,1750204535
41456916,havisham,1662213504,The Lord of the Rings: The Rings of Power (TV),1662213504,...,,...,,Cold Pastoral,1662213504,2022-09-03T13:58:24.067Z,1662213504,2022-09-03T00:00:00.000Z,1662213504,1|1|1,1662213504,"Elrond serves the interests of his king, but he cannot help but be swayed by another.",1662213504,440,1662213504,1,1662213504,1,1662213504,,2022-09-03T13:58:24.066Z,1662213504,0,1662213504
42040311,ghostoctet,1750205169,"Historical RPF, American Revolution RPF, American Frontier RPF",1750205169,...,,...,,Tempest,1750205169,2025-06-18T00:06:08.804Z,1750205169,2022-09-30T00:00:00.000Z,1750205169,1|1|1,1750205169,"“You will abandon that useless exercise and eat, then rest. That’s an order,” Clark’s voice became dark and insistent. Lewis knew he was right, and was utterly embarrassed that it had come to a point where Clark was ordering him to care for himself…and yet he could not find it in himself to listen.        	“You’re not my commanding officer. We are Co-Captains, Clark. You have no authority here.”        	“We hold the same rank, yes. But I am your senior in age, previous rank and experience… I do not impose that upon you in the field, but I should think I have more authority here, in this tent with you…than I do anywhere else.” 	It was absolutely unfair, and Clark knew it. Unfair to leverage Lewis’ feelings for him, the things they did in this tent together, to get what he wanted. But if it was what would get Lewis to break out of his melancholy attitude… that end justified the means. (There's a storm ravaging the Corps camp, and Lewis has neglected to care for himself as of late. Clark seizes the opportunity for some alone time with his companion.)",1750205169,2599,1750205169,5,1750205169,1,1750205169,,2025-06-18T00:06:08.768Z,1750205169,0,1750205169
43615819,PerfectlySteadfast,1746911594,England Series - K. J. Charles,1746911594,...,,...,,A Courtship,1746911594,2025-05-10T21:13:13.770Z,1746911594,2022-12-25T00:00:00.000Z,1746911594,1|1|1,1746911594,Archie and Daniel get their first case together since Peakholme.,1746911594,3533,1746911594,5,1746911594,1,1746911594,,2025-05-10T21:13:13.767Z,1746911594,0,1746911594
43685277,PerfectlySteadfast,1746993526,England Series - K. J. Charles,1746993526,...,,...,,Slight Air and Purging Fire,1746993526,2025-05-11T19:58:46.025Z,1746993526,2023-01-02T00:00:00.000Z,1746993526,1|1|1,1746993526,"When Daniel is attacked by his colleagues, he worries about Archie's response.",1746993526,4814,1746993526,-1,1746993526,0,1746993526,,2025-05-11T19:58:46.022Z,1746993526,0,1746993526
43761084,within_a_dream,1746892165,The Will Darling Adventures - K. J. Charles,1746892165,...,,...,,A Bitter Glory,1746892165,2025-05-10T15:49:25.166Z,1746892165,2023-01-01T00:00:00.000Z,1746892165,1|1|1,1746892165,Daniel and his most recent recruit run into trouble during an investigation.,1746892165,1622,1746892165,3,1746892165,1,1746892165,,2025-05-10T15:49:25.162Z,1746892165,0,1746892165
44422168,ribbons,1746891564,England Series - K. J. Charles,1746891564,...,,...,,Wear This For My Sake,1746891564,2025-05-10T15:39:24.422Z,1746891564,2023-02-25T00:00:00.000Z,1746891564,10|10|1,1746891564,"“If you intend to start sending me posies with ‘Wear this for my sake’ cards, I shall assault you.” – Daniel da Silva to Archie Curtis, in Think of EnglandArchie doesn’t like being thought of as incapable. But, for Daniel, he will work at anything, anywhere, and the hell with what people might think.",1746891564,32479,1746891564,5,1746891564,10,1746891564,,2025-05-10T15:39:24.419Z,1746891564,0,1746891564
44821495,PerfectlySteadfast,1746890765,England Series - K. J. Charles,1746890765,...,,...,,Gentlemen's Game,1746890765,2025-05-10T15:27:01.661Z,1746890822,2023-02-14T00:00:00.000Z,1746890765,1|1|1,1746890822,Archie and Daniel play pool and distract each other in the process.,1746890765,1191,1746890765,5,1746890765,1,1746890822,,2025-05-10T15:27:01.659Z,1746890822,0,1746890765
45610261,ribbons,1746891613,England Series - K. J. Charles,1746891613,...,,...,,For ever shattered and the same for ever,1746891613,2025-05-10T15:40:13.400Z,1746891613,2023-03-09T00:00:00.000Z,1746891613,1|1|1,1746891613,...,1746891613,400,1746891613,-1,1746891613,0,1746891613,,2025-05-10T15:40:13.394Z,1746891613,0,1746891613
45681622,ribbons,1746891639,England Series - K. J. Charles,1746891639,...,,...,,Thou breathe loving air,1746891639,2025-05-10T15:40:39.190Z,1746891639,2023-03-12T00:00:00.000Z,1746891639,1|1|1,1746891639,They couldn’t have got this far if Archie wasn’t so good at breathing.,1746891639,300,1746891639,-1,1746891639,0,1746891639,,2025-05-10T15:40:39.182Z,1746891639,0,1746891639
45733666,Penguinjava,1746849628,England Series - K. J. Charles,1746849628,...,,...,,A Night On The Town,1746849628,2025-05-10T04:00:28.972Z,1746849629,2023-03-14T00:00:00.000Z,1746849628,1|1|1,1746849629,Daniel and Archie try to balance work and play in the early days of their relationship.,1746849628,2520,1746849628,3,1746849629,1,1746849629,,2025-05-10T04:00:28.970Z,1746849629,0,1746849628
45838081,ribbons,1746790681,England Series - K. J. Charles,1746790681,...,,...,,The Increase of Laughter,1746790681,2025-05-09T11:38:00.544Z,1746790681,2023-03-18T00:00:00.000Z,1746790681,1|1|1,1746790681,"Vinia: ""Pat and Fen... The day after they leave the Think of England house, did they laugh about Archie and Daniel?""Five times Pat and Fen laughed at Archie and Daniel, plus one when they—nah, they keep laughing.",1746790681,1314,1746790681,-1,1746790681,0,1746790681,,2025-05-09T11:38:00.540Z,1746790681,0,1746790681
46039189,ribbons,1746687227,England Series - K. J. Charles,1746687227,...,,...,,"Enter, Chaste by a Bear",1746687227,2025-05-08T06:53:46.679Z,1746687227,2023-03-26T00:00:00.000Z,1746687227,1|1|1,1746687227,Narrator: A feminine incarnation of Cyrano de Bergerac was holding forth to a cowgirl with a purple lariat and her prize bull.Vinia: I kinda want Greta to have Tim on a lead like this…Author: Oh? Hmmmm.,1746687227,830,1746687227,-1,1746687227,0,1746687227,,2025-05-08T06:53:46.676Z,1746687227,0,1746687227
47312662,FrancesRead,1746475714,England Series - K. J. Charles,1746475714,...,,...,,February 1915,1746475714,2025-05-05T20:09:21.678Z,1746475762,2023-05-20T00:00:00.000Z,1746475714,1|1|1,1746475762,Archie promised Pat to look after Bill when she went off to France.,1746475714,2156,1746475714,5,1746475714,1,1746475762,,2025-05-05T20:09:21.676Z,1746475762,0,1746475714
48903238,toadheart,1746884426,England Series - K. J. Charles,1746884426,...,,...,,ü üü ü,1746884426,2025-05-10T13:41:05.762Z,1746884466,2023-07-27T00:00:00.000Z,1746884426,1|1|1,1746884466,Archie gets hurt.,1746884426,9388,1746884426,5,1746884426,1,1746884466,,2025-05-10T13:41:05.761Z,1746884466,0,1746884426
48954652,Penguinjava,1746850133,England Series - K. J. Charles,1746850133,...,,...,,Two Men in a Bath,1746850133,2025-05-10T04:08:52.526Z,1746850133,2023-07-29T00:00:00.000Z,1746850133,1|1|1,1746850133,Archie and Daniel reconnect in the aftermath of a mission gone wrong.,1746850133,1885,1746850133,1,1746850133,1,1746850133,,2025-05-10T04:08:52.523Z,1746850133,0,1746850133
50113003,whetherwoman,1746790176,England Series - K. J. Charles,1746790176,...,,...,,Gold and Silver Over Me,1746790176,2025-05-09T11:29:35.803Z,1746790176,2023-09-16T00:00:00.000Z,1746790176,1|1|1,1746790176,"Oh,"" Archie said dismissively. ""It's only—I was only thinking how absurd I'd look in that getup. Can you imagine.",1746790176,5094,1746790176,1,1746790176,1,1746790176,,2025-05-09T11:29:35.800Z,1746790176,0,1746790176
50158261,beautifulduckweed,1746687123,England Series - K. J. Charles,1746687123,...,,...,,"Oxford Blues, or: A Topsy Turvy Day",1746687123,2025-05-08T06:52:03.467Z,1746687123,2023-09-18T00:00:00.000Z,1746687123,1|1|1,1746687123,"It is Archie and Daniel’s final term at Oxford, and interlopers are not to be borne in this, their collegiate idyll.(NOTE: Does not contain actual Cinderella Club nor any of the cast of characters. This isn’t the greatest fic in the world, no, this is a tribuuuuuute)",1746687123,10396,1746687123,-1,1746687123,0,1746687123,,2025-05-08T06:52:03.464Z,1746687123,0,1746687123
50622787,beautifulduckweed,1746687067,England Series - K. J. Charles,1746687067,...,,...,,A Love Reaction,1746687067,2025-05-08T06:51:06.720Z,1746687067,2023-10-06T00:00:00.000Z,1746687067,1|1|1,1746687067,"Birds do it, bees do it, even educated fleas do it—let’s do it, let’s talk about sex, baby.Or: Archie has spent all his time as Daniel’s friend not looking disrespectfully. He has some time to make up.",1746687067,6784,1746687067,-1,1746687067,0,1746687067,,2025-05-08T06:51:06.716Z,1746687067,0,1746687067
51024334,DeLacey,1746474881,The Will Darling Adventures - K. J. Charles,1746474881,...,,...,,Read What Thou Wilt,1746474881,2025-05-05T19:54:41.412Z,1746474881,2023-10-22T00:00:00.000Z,1746474881,1|1|1,1746474881,What happened to the book Kim gave Will? OR: don’t leave personalized pornography in unlocked drawers. Set towards the end of Subtle Blood.,1746474881,795,1746474881,-1,1746474881,0,1746474881,,2025-05-05T19:54:41.406Z,1746474881,0,1746474881
51059638,dreamofhope,1746498363,England Series - K. J. Charles,1746498363,...,,...,,The Roofless Past,1746498363,2025-05-06T02:26:03.181Z,1746498363,2023-10-23T00:00:00.000Z,1746498363,1|1|1,1746498363,Daniel's swearing off house parties and he means it this time,1746498363,982,1746498363,-1,1746498363,0,1746498363,,2025-05-06T02:26:03.176Z,1746498363,0,1746498363
51408244,trampledamage,1746498116,England Series - K. J. Charles,1746498116,...,,...,,Writing Space and Sandwiches,1746498116,2025-05-06T02:21:55.989Z,1746498116,2023-11-06T00:00:00.000Z,1746498116,1|1|1,1746498116,"Another interlude, following on from 'After Peakholme'. Daniel and Archie's friendship is progressing",1746498116,3901,1746498116,-1,1746498116,0,1746498116,,2025-05-06T02:21:55.983Z,1746498116,0,1746498116
51863281,SteelyDeezNuts,1750204369,"南極物語 | Nankyoku Monogatari | Antarctica (1983), Rugrats & All Grown Up! (Cartoons), Hey Arnold!, Fairly OddParents, The Adventures of Jimmy Neutron: Boy Genius, CatDog (Cartoon), Tokio Hotel, Eiffel 65 (Band), Mr Beast - Fandom, A - Fandom, Historical RPF",1750204369,...,,...,,Mysteriouse Puts On His Detective Magnifying Glass and Solves The MYSTERY... Who REALLY Killed Meriwether Lewis? Were he and William Clark... Y'know hehe?,1750204369,2025-06-17T23:52:48.926Z,1750204369,2023-11-26T00:00:00.000Z,1750204369,1|?|0,1750204369,"the artist SG LEWIS had a show in june that one of the authors went to and she almost got astroworlded by ny transplant wannabe influencers. i keep getting unwanted emails from experian to check my credit score i'm scared and don't know how to unsubscribe Mysteriouse dancing man with a tuopay walked past a store that sold used matresses and bed bugs. he decided he would become hired there to make some money! during his days of cross selling bed bugs and matresses, he went to a NYCFC (new york city football club) game and watched them lose so he went to a NY Redbulls game instead and also watched them lose. he was so upset about his 2 favorite local teams losing he flew to france and back and had no job again:( so he started printing $7 and $500 bills in a meth lab that didn't produce meth. when his money printing machine exploded, he was left with no other choice but to CHODE go to antartica and become the... mailman. find out in this installment whatever the hell this little guy is up to now.",1750204369,1017,1750204369,-1,1750204369,0,1750204369,,2025-06-17T23:52:48.924Z,1750204369,0,1750204369
51988768,PerfectlySteadfast,1746470217,England Series - K. J. Charles,1746470217,...,,...,,To Good Use,1746470217,2025-05-05T18:36:56.917Z,1746470217,2023-12-02T00:00:00.000Z,1746470217,1|1|1,1746470217,Daniel is working late. Archie comes to retrieve him.,1746470217,2813,1746470217,3,1746470217,1,1746470217,,2025-05-05T18:36:56.912Z,1746470217,0,1746470217
52055911,ribbons,1746458878,"England Series - K. J. Charles, Green Men Series - K. J. Charles",1746458878,...,,...,,Good with the Cards,1746458878,2025-05-05T15:27:57.696Z,1746458878,2023-12-05T00:00:00.000Z,1746458878,1|1|1,1746458878,"Dealing with ignoramuses and bullies is part of life, when you're from the East End.And having your evenings out interrupted is par for the course when you're Randolph and Saul.This is a standalone fic, consisting of three drabbles (300, 400, and 200 words respectively). Each story in C. interruptus is a birthday fic that includes Randolph and Saul being grouchy about a borked date.",1746458878,898,1746458878,-1,1746458878,0,1746458878,,2025-05-05T15:27:57.693Z,1746458878,0,1746458878
52179904,greencontentdaze,1750204467,Historical RPF,1750204467,...,,...,,Valley of the Dead,1750204467,2025-06-17T23:54:26.804Z,1750204467,2023-12-11T00:00:00.000Z,1750204467,1|1|1,1750204467,We're in the Valley of the DeadBodies turn to to liquid in the heatThe particles crawl into our poresAnd they soak into our wooden floors,1750204467,1257,1750204467,-1,1750204467,0,1750204467,,2025-06-17T23:54:26.804Z,1750204467,0,1750204467
52201913,Marquise,1746470964,The Will Darling Adventures - K. J. Charles,1746470964,...,,...,,My Heart is Ever at Your Service,1746470964,2025-05-05T18:49:24.164Z,1746470964,2023-12-12T00:00:00.000Z,1746470964,1|1|1,1746470964,"In which a mission almost goes wrong, and Will gets some support.",1746470964,4071,1746470964,3,1746470964,1,1746470964,,2025-05-05T18:49:24.161Z,1746470964,0,1746470964
52201972,Marquise,1746471181,"The Will Darling Adventures - K. J. Charles, England Series - K. J. Charles",1746471181,...,,...,,Unwinding,1746471181,2025-05-05T18:53:02.604Z,1746471183,2023-12-12T00:00:00.000Z,1746471181,1|1|1,1746471183,Will figures out a connection between Kim and DS.,1746471181,711,1746471181,-1,1746471181,0,1746471183,,2025-05-05T18:53:02.595Z,1746471183,0,1746471181
52335088,"PerfectlySteadfast, peachpod (Vamppeach)",1746474814,England Series - K. J. Charles,1746474814,...,,...,,Our Set,1746474814,2025-05-05T19:53:47.179Z,1746474827,2023-12-18T00:00:00.000Z,1746474814,1|1|1,1746474827,Daniel brings Archie out to his club.,1746474814,2333,1746474814,5,1746474814,1,1746474827,,2025-05-05T19:53:47.178Z,1746474827,0,1746474814
53542225,Penguinjava,1746420422,England Series - K. J. Charles,1746420422,...,,...,,A Break In The Action,1746420422,2025-05-05T04:47:01.703Z,1746420422,2024-02-05T00:00:00.000Z,1746420422,1|1|1,1746420422,Archie and Daniel visit Daniel's family.,1746420422,1259,1746420422,-1,1746420422,0,1746420422,,2025-05-05T04:47:01.699Z,1746420422,0,1746420422
53938645,ribbons,1746420573,England Series - K. J. Charles,1746420573,...,,...,,"She fights, she wins, she triumphs with a song",1746420573,2025-05-05T04:49:33.219Z,1746420573,2024-02-20T00:00:00.000Z,1746420573,1|1|1,1746420573,Daniel finally chooses violence.Archie sees it and sees him through it.,1746420573,533,1746420573,1,1746420573,1,1746420573,,2025-05-05T04:49:33.216Z,1746420573,0,1746420573
54048505,vinia,1751420469.223,England Series - K. J. Charles,1751420469.223,...,1751420469.223,"Bill Merton/Jimmy Yoxall,Archie Curtis/Daniel da Silva",1751420469.223,Presenting: The Future Heads of the Private Bureau,1751420469.223,2025-07-02T01:41:09.223Z,1751420469.223,2024-02-25T05:00:00.000Z,1751420469.223,"<a href=""|works|false",1751420469.223,"“When will I be briefed on the case?” Bill asked Sir Maurice.
“Now. Da Silva is waiting outside your office.”",1751420469.223,6753,1751420469.223,3,1751420469.223,0,1751420469.223,1751420469.223,2025-07-02T01:41:09.222Z,1751420469.223,false,1751420469.223
54101494,Shizuku206,1746422564,England Series - K. J. Charles,1746422564,...,,...,,Monkey Oranges and Spider Silk,1746422564,2025-05-05T05:22:44.003Z,1746422564,2024-02-27T00:00:00.000Z,1746422564,1|1|1,1746422564,Archie comes to a realization as he carries Daniel away from the cave,1746422564,883,1746422564,1,1746422564,1,1746422564,,2025-05-05T05:22:43.999Z,1746422564,0,1746422564
54128845,twofoldAxiom,1751390837.346,ダンジョン飯 | Dungeon Meshi | Delicious in Dungeon,1751390837.346,...,1751390837.346,Kensuke/Laios Touden,1751390837.346,Living Armor Caviar,1751390837.346,2025-07-01T17:27:17.346Z,1751390837.346,2024-02-28T05:00:00.000Z,1751390837.346,1|1|true,1751390837.346,Laios attempts to take care of his new pet.,1751390837.346,2924,1751390837.346,5,1751390837.346,0,1751390837.346,1751390837.346,2025-07-01T17:27:17.345Z,1751390837.346,false,1751390837.346
54502840,goseaward,1751420455.104,England Series - K. J. Charles,1751420455.104,M/M,1751420455.104,Archie Curtis/Daniel da Silva,1751420455.104,As safe as the Bank of England,1751420455.104,2025-07-02T01:40:55.104Z,1751420455.104,2024-03-16T04:00:00.000Z,1751420455.104,1|1|true,1751420455.104,"Six months of fruitless effort and they've exhausted all the good ideas they had for finding the leak in the Private Bureau.

That means they're down to the bad ones.",1751420455.104,15948,1751420455.104,1,1751420455.104,0,1751420455.104,1751420455.104,2025-07-02T01:40:55.103Z,1751420455.104,false,1751420455.104
54516694,PerfectlySteadfast,1751420445.879,England Series - K. J. Charles,1751420445.879,M/M,1751420445.879,Archie Curtis/Daniel da Silva,1751420445.879,All That My Heart Longs For,1751420445.879,2025-07-02T01:40:45.879Z,1751420445.879,2024-03-17T04:00:00.000Z,1751420445.879,1|1|true,1751420445.879,Daniel and Archie stay with Archie's uncle after their return from Berlin and get something of a surprise.,1751420445.879,6893,1751420445.879,3,1751420445.879,0,1751420445.879,1751420445.879,2025-07-02T01:40:45.877Z,1751420445.879,false,1751420445.879
55122628,Anonymous,1751390834.702,ダンジョン飯 | Dungeon Meshi | Delicious in Dungeon,1751390834.702,M/M,1751390834.702,"Laios Touden/Other(s),Laios Touden/Minotaur",1751390834.702,DIZZY,1751390834.702,2025-07-01T17:27:14.703Z,1751390834.702,2024-04-11T04:00:00.000Z,1751390834.702,1|1|true,1751390834.702,"oh nooooo laios don't go in that den the minotaur is in rut laios nooooo

Or: Our boy gets dicked down by a minotaur (because r34 got to me at last.)",1751390834.702,1766,1751390834.702,3,1751390834.702,0,1751390834.702,1751390834.702,2025-07-01T17:27:14.701Z,1751390834.702,false,1751390834.702
56106802,MischiefStrangely,1751420435.995,"The Will Darling Adventures - K. J. Charles,England Series - K. J. Charles",1751420435.995,M/M,1751420435.995,Archie Curtis/Daniel da Silva,1751420435.995,A Dog That Seems A-Sleeping,1751420435.995,2025-07-02T01:40:35.996Z,1751420435.995,2024-05-23T04:00:00.000Z,1751420435.995,1|1|true,1751420435.995,"Daniel da Silva returns from a very trying few days at work.

Set just after The Sugared Game, spoilers for the Will Darling Adventures up to that point.",1751420435.995,2328,1751420435.995,1,1751420435.995,0,1751420435.995,1751420435.995,2025-07-02T01:40:35.993Z,1751420435.995,false,1751420435.995
57085513,PerfectlySteadfast,1751420425.46,England Series - K. J. Charles,1751420425.46,M/M,1751420425.46,Archie Curtis/Daniel da Silva,1751420425.46,such a deep delight,1751420425.46,2025-07-02T01:40:25.460Z,1751420425.46,2024-07-03T04:00:00.000Z,1751420425.46,1|1|true,1751420425.46,Archie gets a surprise when Daniel arrives to a house party after him.,1751420425.46,3955,1751420425.46,3,1751420425.46,0,1751420425.46,1751420425.46,2025-07-02T01:40:25.458Z,1751420425.46,false,1751420425.46
57431593,Shizuku206,1751420417.038,"England Series - K. J. Charles,The Will Darling Adventures - K. J. Charles",1751420417.038,M/M,1751420417.038,"Archie Curtis/Daniel da Silva,Will Darling/Kim Secretan",1751420417.038,In the Dungeon,1751420417.038,2025-07-02T01:40:17.038Z,1751420417.038,2024-07-16T04:00:00.000Z,1751420417.038,1|1|true,1751420417.038,Daniel and Archie are captured on a mission. Daniel is drugged and forced to noncon Archie.,1751420417.038,2448,1751420417.038,-1,1751420417.038,0,1751420417.038,1751420417.038,2025-07-02T01:40:17.037Z,1751420417.038,false,1751420417.038
57523024,greencontentdaze,1750204442,Historical RPF,1750204442,...,,...,,Everlong,1750204442,2025-06-17T23:54:02.147Z,1750204442,2025-05-21T00:00:00.000Z,1750204442,?|?|?,1750204442,And I wonderIf everything could feel this real foreverIf anything could ever be this good againThe only thing I'll ever ask of youYou gotta promise not to stop when I say when,1750204442,21678,1750204442,-1,1750204442,0,1750204442,,2025-06-17T23:54:02.142Z,1750204442,0,1750204442
57604534,Shizuku206,1746309108,England Series - K. J. Charles,1746309108,...,,...,,The Fire that Breaks from Thee,1746309108,2025-05-03T21:51:48.367Z,1746309108,2024-07-23T00:00:00.000Z,1746309108,1|1|1,1746309108,"Archie, Daniel, Pat, and Fen have come to a mutually satisfactory agreement about marriage.The title and quote are from the poem ""The Windhover"" by Gerard Manley Hopkins.",1746309108,493,1746309108,-1,1746309108,0,1746309108,,2025-05-03T21:51:48.356Z,1746309108,0,1746309108
58313095,Sath,1724598349,ダンジョン飯 | Dungeon Meshi | Delicious in Dungeon,1724598349,...,,...,,Folie à deux,1724598349,2024-08-25T15:06:20.122Z,1724598380,2024-08-25T00:00:00.000Z,1724598349,2|3|0,1724598380,...,1724598349,7029,1724598349,5,1724598349,3,1724598380,,2024-08-25T15:06:20.121Z,1724598380,0,1724598349
58955500,whetherwoman,1751420385.585,"England Series - K. J. Charles,Wonder Woman (Movies - Jenkins)",1751420385.585,...,1751420385.585,Fenella Carruth/Patricia Merton,1751420385.585,the heart in my chest on wings,1751420385.585,2025-07-02T01:39:45.585Z,1751420385.585,2024-09-15T04:00:00.000Z,1751420385.585,1|1|true,1751420385.585,,1751420385.585,1602,1751420385.585,-1,1751420385.585,0,1751420385.585,1751420385.585,2025-07-02T01:39:45.582Z,1751420385.585,false,1751420385.585
58977736,MadamMistress,1751420366.496,"England Series - K. J. Charles,Wonder Woman (Movies - Jenkins),Wonder Woman - All Media Types,Proper English - K. J. Charles",1751420366.496,...,1751420366.496,,1751420366.496,Wonderful Woman,1751420366.496,2025-07-02T01:39:26.497Z,1751420366.496,2024-09-16T04:00:00.000Z,1751420366.496,1|1|true,1751420366.496,"Steve was no longer sure this was a good idea. It had seemed like one when he’d proposed it; Diana would not stop talking about Ares, and while Steve was prepared to admit that there were stranger things in the world than he’d previously dreamt of in his philosophies, he’d thought it would be good for Diana to see some of the realities of the war before taking her to the front. Flanders was not a place for naive daydreams, only escapist ones.",1751420366.496,981,1751420366.496,-1,1751420366.496,0,1751420366.496,1751420366.496,2025-07-02T01:39:26.158Z,1751420366.496,false,1751420366.496
59017738,PerfectlySteadfast,1746220287,England Series - K. J. Charles,1746220287,...,,...,,All those nights you kept me going,1746220287,2025-05-02T21:11:27.471Z,1746220287,2024-09-17T00:00:00.000Z,1746220287,1|1|1,1746220287,Archie rushes to Daniel's rescue.,1746220287,2243,1746220287,3,1746220287,1,1746220287,,2025-05-02T21:11:27.466Z,1746220287,0,1746220287
60273883,PerfectlySteadfast,1751420329.982,England Series - K. J. Charles,1751420329.982,M/M,1751420329.982,Archie Curtis/Daniel da Silva,1751420329.982,Five Times Archie Charmed Daniel's Family,1751420329.982,2025-07-02T01:38:49.982Z,1751420329.982,2024-11-02T04:00:00.000Z,1751420329.982,1|1|true,1751420329.982,Archie attempts to charm Daniel's mother and winds up winning over the rest of his family instead.,1751420329.982,5625,1751420329.982,5,1751420329.982,0,1751420329.982,1751420329.982,2025-07-02T01:38:49.980Z,1751420329.982,false,1751420329.982
60286945,sophiegaladheon,1751391294.769,England Series - K. J. Charles,1751391294.769,M/M,1751391294.769,Archie Curtis/Daniel da Silva,1751391294.769, spectral dance before the dawn,1751391294.769,2025-07-01T17:34:54.770Z,1751391294.769,2024-11-03T00:00:00.000Z,1751391294.769,1|1|true,1751391294.769,"""I never knew the most arousing sight in the world was a big man reading poetry. I could have watched you for hours. I could have gone to my knees for you there and then.""

 

—Daniel da Silva, in chapter 16 of Think of England by K.J. Charles",1751391294.769,4125,1751391294.769,1,1751391294.769,0,1751391294.769,1751391294.769,2025-07-01T17:34:54.767Z,1751391294.769,false,1751391294.769
60479848,Shizuku206,1751391211.972,England Series - K. J. Charles,1751391211.972,M/M,1751391211.972,Archie Curtis/Daniel da Silva,1751391211.972,What We Learn With Pleasure,1751391211.972,2025-07-01T17:33:31.972Z,1751391211.972,2024-11-27T05:00:00.000Z,1751391211.972,"<a href=""|works|false",1751391211.972,"“We just want what’s best for you,"" Sir Maurice said. ""And you’re not the only young man to struggle with this aspect of life. There are ways you can learn, and gain confidence in courting, and all that involves.”

“I’m afraid I don’t know quite what you mean, sir.”

“The Private Bureau offers just such a service for single men. A series of lessons. You’ll be paired with an experienced tutor, who will teach you each skill, help you practice, and when you graduate from the program, you’ll make a very fine husband, attractive to any young lady who may strike your fancy.”

“Lessons? Tutor? I really don’t think such things are necessary, sir. I’m not—I just haven’t—I’m waiting for the right woman. I’ve no pressing desire to marry, and I shouldn’t want to take a place from another fellow with a more urgent need.”

“Nonsense, Archie. The lessons will do you good. I’m setting my best man on the job. Mr. da Silva. You’ll feel like a different man after completing the course! I’m sure of it.”",1751391211.972,19497,1751391211.972,-1,1751391211.972,0,1751391211.972,1751391211.972,2025-07-01T17:33:31.970Z,1751391211.972,false,1751391211.972
60579649,greencontentdaze,1750204384,Historical RPF,1750204384,...,,...,,Custom Concern,1750204384,2025-06-17T23:53:03.936Z,1750204384,2024-11-15T00:00:00.000Z,1750204384,1|1|1,1750204384,Meri is going through it. Bill is going through it vicariously through Meri. Long night.,1750204384,1360,1750204384,-1,1750204384,0,1750204384,,2025-06-17T23:53:03.934Z,1750204384,0,1750204384
60838795,ribbons,1751420323.481,"魔道祖师 - 墨香铜臭 | Módào Zǔshī - Mòxiāng Tóngxiù,England Series - K. J. Charles",1751420323.481,...,1751420323.481,"Archie Curtis/Jiang Cheng | Jiang Wanyin,Jiang Yanli/Nie Huaisang,Lan Huan | Lan Xichen/Daniel da Silva,mentioned Nie Mingjue/Jiang Cheng | Jiang Wanyin",1751420323.481,"Clenching and Sucking, Up and Down",1751420323.481,2025-07-02T01:38:43.481Z,1751420323.481,2024-11-25T05:00:00.000Z,1751420323.481,1|1|true,1751420323.481,There's a sex party in progress. Lord knows its participants deserve a break.,1751420323.481,100,1751420323.481,-1,1751420323.481,0,1751420323.481,1751420323.481,2025-07-02T01:38:43.480Z,1751420323.481,false,1751420323.481
61006669,ribbons,1751420269.351,England Series - K. J. Charles,1751420269.351,M/M,1751420269.351,Archie Curtis/Daniel da Silva,1751420269.351,Fire Doth Find Its Sphere,1751420269.351,2025-07-02T01:37:49.351Z,1751420269.351,2024-12-01T05:00:00.000Z,1751420269.351,1|1|true,1751420269.351,Archie was unprepared for how painfully hard his cock would become as Daniel lathered up his chest and thighs.,1751420269.351,100,1751420269.351,-1,1751420269.351,0,1751420269.351,1751420269.351,2025-07-02T01:37:49.350Z,1751420269.351,false,1751420269.351
61878001,Shizuku206,1751420239.882,England Series - K. J. Charles,1751420239.882,M/M,1751420239.882,"Archie Curtis/Daniel da Silva,Background Sir Henry/Good",1751420239.882,A Viking in Repose,1751420239.882,2025-07-02T01:37:19.883Z,1751420239.882,2025-01-01T05:00:00.000Z,1751420239.882,1|1|true,1751420239.882,Daniel wakes up in Archie's bed on New Year's Day 1905,1751420239.882,100,1751420239.882,-1,1751420239.882,0,1751420239.882,1751420239.882,2025-07-02T01:37:19.880Z,1751420239.882,false,1751420239.882
62234893,tucuxi,1746368894,England Series - K. J. Charles,1746368894,...,,...,,Family stories,1746368894,2025-05-04T14:28:14.158Z,1746368894,2025-01-14T00:00:00.000Z,1746368894,1|1|1,1746368894,Pat and Fen throw a small dinner party; Archie entertains with family stories.,1746368894,367,1746368894,-1,1746368894,0,1746368894,,2025-05-04T14:28:14.154Z,1746368894,0,1746368894
62521309,nerdsandthelike,1751391179.401,"The Will Darling Adventures - K. J. Charles,England Series - K. J. Charles",1751391179.401,M/M,1751391179.401,"Archie Curtis/Daniel da Silva,Will Darling/Kim Secretan",1751391179.401,A Good Day's Work,1751391179.401,2025-07-01T17:32:59.402Z,1751391179.401,2025-01-26T05:00:00.000Z,1751391179.401,1|1|true,1751391179.401,"“Trouble?” Archie asked amiably, taking a seat in the chair across from Daniel.

“Secretan,” Daniel said in what was nearly a groan.

 

The events of Slippery Creatures from Archie's perspective.",1751391179.401,903,1751391179.401,3,1751391179.401,0,1751391179.401,1751391179.401,2025-07-01T17:32:59.398Z,1751391179.401,false,1751391179.401
62626456,Poemsareforever,1750204421,"Historical RPF, Original Work",1750204421,...,,...,,lewis and clark yaoi,1750204421,2025-06-17T23:53:40.804Z,1750204421,2025-01-30T00:00:00.000Z,1750204421,1|1|1,1750204421,"Teacher gave an assignment to ""Write a diary entry from the perspective of Lewis or Clark as they traveled along with the Corps of Discovery."" I wrote this shit. enjoy",1750204421,317,1750204421,-1,1750204421,0,1750204421,,2025-06-17T23:53:40.799Z,1750204421,0,1750204421
62638933,west_country_girl,1751391031.324,England Series - K. J. Charles,1751391031.324,M/M,1751391031.324,"Archie Curtis/Daniel da Silva,Fenella Carruth/Patricia Merton,Will Darling/Kim Secretan",1751391031.324,Handing over the reins at the Private Bureau,1751391031.324,2025-07-01T17:30:31.324Z,1751391031.324,2025-01-30T05:00:00.000Z,1751391031.324,1|1|true,1751391031.324,October 1945: the war delayed Daniel's retirement but it is finally time for his successor to take over,1751391031.324,1308,1751391031.324,3,1751391031.324,0,1751391031.324,1751391031.324,2025-07-01T17:30:31.321Z,1751391031.324,false,1751391031.324
62980480,greencontentdaze,1750204395,Historical RPF,1750204395,...,,...,,The Cupid Shuffle,1750204395,2025-06-17T23:53:15.275Z,1750204395,2025-02-11T00:00:00.000Z,1750204395,1|1|1,1750204395,Bill and Meri are home alone. What ever will they do?,1750204395,983,1750204395,-1,1750204395,0,1750204395,,2025-06-17T23:53:15.274Z,1750204395,0,1750204395
63760543,Shizuku206,1751391032.753,England Series - K. J. Charles,1751391032.753,M/M,1751391032.753,Archie Curtis/Daniel da Silva,1751391032.753,[Art] To Have The Things That Matter Most,1751391032.753,2025-07-01T17:30:32.753Z,1751391032.753,2025-03-10T04:00:00.000Z,1751391032.753,1|1|true,1751391032.753,,1751391032.753,,1751391032.753,-1,1751391032.753,0,1751391032.753,1751391032.753,2025-07-01T17:30:32.752Z,1751391032.753,false,1751391032.753
63786529,whetherwoman,1751390192.455,England Series - K. J. Charles,1751390192.455,M/M,1751390192.455,Archie Curtis/Daniel da Silva,1751390192.455,blunts the points of pears,1751390192.455,2025-07-01T17:16:32.456Z,1751390192.455,2025-03-12T04:00:00.000Z,1751390192.455,1|1|true,1751390192.455,"In retrospect Daniel had been acting strangely for most of a week—his usual razor wit dulled to mere prickliness, his attention elsewhere during situations he would normally be fully focused, to the point that Archie had needed to nudge him sharply with his foot in the middle of a briefing. But it wasn't until Benson came over to Daniel's desk on Thursday that Archie first realized something was wrong.",1751390192.455,5716,1751390192.455,-1,1751390192.455,0,1751390192.455,1751390192.455,2025-07-01T17:16:32.453Z,1751390192.455,false,1751390192.455
63813403,PerfectlySteadfast,1751420222.622,England Series - K. J. Charles,1751420222.622,M/M,1751420222.622,Archie Curtis/Daniel da Silva,1751420222.622,I could show you love in a tidal wave of mystery,1751420222.622,2025-07-02T01:37:02.622Z,1751420222.622,2025-03-13T04:00:00.000Z,1751420222.622,1|1|true,1751420222.622,Archie gives Daniel what he needs.,1751420222.622,1644,1751420222.622,0,1751420222.622,0,1751420222.622,1751420222.622,2025-07-02T01:37:02.620Z,1751420222.622,false,1751420222.622
63920872,beautifulduckweed,1751420215.767,England Series - K. J. Charles,1751420215.767,M/M,1751420215.767,Archie Curtis/Daniel da Silva,1751420215.767,I would devour where others merely nibbled,1751420215.767,2025-07-02T01:36:55.768Z,1751420215.767,2025-03-17T04:00:00.000Z,1751420215.767,1|1|true,1751420215.767,Archie is curious about exactly what sort of fellow he is. Daniel helps him find out.,1751420215.767,4409,1751420215.767,0,1751420215.767,0,1751420215.767,1751420215.767,2025-07-02T01:36:55.765Z,1751420215.767,false,1751420215.767
64603717,Shizuku206,1751390708.258,England Series - K. J. Charles,1751390708.258,M/M,1751390708.258,Archie Curtis/Daniel da Silva,1751390708.258,Prize Bull,1751390708.258,2025-07-01T17:25:08.261Z,1751390708.258,2025-04-11T04:00:00.000Z,1751390708.258,1|1|true,1751390708.258,Archie and Daniel have a new undercover mission. Daniel worries it will be too much for Archie. Archie can't wait.,1751390708.258,3825,1751390708.258,1,1751390708.258,0,1751390708.258,1751390708.258,2025-07-01T17:25:08.257Z,1751390708.258,false,1751390708.258
64603717,Anonymous,1746060909,England Series - K. J. Charles,1746060909,...,,...,,Prize Bull,1746060909,2025-05-01T00:55:09.487Z,1746060909,2025-04-11T00:00:00.000Z,1746060909,1|1|1,1746060909,Archie and Daniel have a new undercover mission. Daniel worries it will be too much for Archie. Archie can't wait.,1746060909,3825,1746060909,1,1746060909,1,1746060909,,2025-05-01T00:55:09.481Z,1746060909,0,1746060909
